ID,First Name,Last Name,Position,Position ID,Team,Team ID,Overall,Age,College,Height,Weight,Jersey Number,Years Pro,Archetype,Player Image,Team Logo,ACCELERATION,AGILITY,JUMPING,STAMINA,STRENGTH,AWARENESS,BCVISION,BLOCKSHEDDING,BREAKSACK,BREAKTACKLE,CARRYING,CATCHINTRAFFIC,CATCHING,CHANGEOFDIRECTION,DEEPROUTERUNNING,FINESSEMOVES,HITPOWER,IMPACTBLOCKING,INJURY,JUKEMOVE,KICKACCURACY,KICKPOWER,KICKRETURN,LEADBLOCK,MANCOVERAGE,MEDIUMROUTERUNNING,OVERALL,PASSBLOCK,PASSBLOCKFINESSE,PASSBLOCKPOWER,PLAYACTION,PLAYRECOGNITION,POWERMOVES,PRESS,PURSUIT,RELEASE,RUNBLOCK,RUNBLOCKFINESSE,RUNBLOCKPOWER,RUNNINGSTYLE,SHORTROUTERUNNING,SPECTACULARCATCH,SPEED,SPINMOVE,STIFFARM,TACKLE,THROWACCURACYDEEP,THROWACCURACYMID,THROWACCURACYSHORT,THROWONTHERUN,THROWPOWER,THROWUNDERPRESSURE,TOUGHNESS,TRUCKING,ZONECOVERAGE
21586,Ja'Marr,Chase,Wide Receiver,WR,Cincinnati Bengals,2,99,25,LSU,72,205,1,4,Deep Threat - WR,"https://ratings-images-prod.pulse.ea.com/madden-nfl-26/portraits/1370.png?im=FaceCrop,padding=0.7",https://drop-assets.ea.com/images/5oemvWKqCFgBCkCI4h9A2U/0629c6d345fe01a14ba9f40554fd182e/2.png,94,92,98,96,73,99,98,37,29,88,71,94,98,97,98,10,27,46,92,90,17,24,60,27,13,97,99,37,20,26,10,17,10,15,36,99,53,27,31,Default,96,97,95,83,76,39,10,15,20,19,33,22,88,71,17
13197,Josh,Allen,Quarterback,QB,Buffalo Bills,3,99,29,Wyoming,77,237,17,7,Improviser - QB,"https://ratings-images-prod.pulse.ea.com/madden-nfl-26/portraits/8800.png?im=FaceCrop,padding=0.7",https://drop-assets.ea.com/images/212FXcpkDUjs9ZJpZ038pM/676904f80719bc724267b7eb5609c6af/3.png,91,85,92,98,81,97,97,23,98,86,63,20,40,82,13,9,11,26,99,81,14,22,13,17,12,15,99,14,10,15,97,15,9,9,33,18,17,10,10,Default Stride Bread Loaf,22,23,88,78,83,32,90,88,97,99,98,94,98,76,18
927,Lane,Johnson,Right Tackle,RT,Philadelphia Eagles,13,99,35,Oklahoma,78,325,65,12,Power - OT,"https://ratings-images-prod.pulse.ea.com/madden-nfl-26/portraits/5902.png?im=FaceCrop,padding=0.7",https://drop-assets.ea.com/images/1Nt5pFCpjcBcADzHRbwfIk/ce90f9cb564aef7cc30cf1dd88c84150/13.png,78,75,82,88,93,99,60,56,39,30,67,58,64,58,25,60,60,95,84,54,22,25,10,96,12,33,99,98,94,98,39,29,53,10,55,45,97,96,98,Default,46,57,77,50,55,60,50,54,59,52,65,41,91,65,20
12520,Myles,Garrett,Right Edge,REDG,Cleveland Browns,5,99,29,Texas AM,76,272,95,8,Power Rusher - DE,"https://ratings-images-prod.pulse.ea.com/madden-nfl-26/portraits/8560.png?im=FaceCrop,padding=0.7",https://drop-assets.ea.com/images/4qbblHggBjaH9o46kyGeFo/27cab0f308b54edbd469e9b20cb506f7/5.png,90,86,94,89,96,97,39,96,12,34,55,21,52,71,4,93,84,90,92,36,20,20,10,17,51,8,99,45,45,45,10,94,99,44,97,31,45,45,45,Long Stride Default,15,25,87,40,48,92,27,30,31,23,55,16,87,36,51
23026,Christian,Gonzalez,Cornerback,CB,New England Patriots,22,98,23,Oregon,74,201,0,2,Manto Man - CB,"https://ratings-images-prod.pulse.ea.com/madden-nfl-26/portraits/2171.png?im=FaceCrop,padding=0.7",https://drop-assets.ea.com/images/6Z0rWjQfkWgvj8K58X0WfA/aaaaa7e6c313bdfc5e624309ba6dfc4e/22.png,93,94,95,90,59,98,75,53,10,67,60,62,74,95,20,37,49,48,90,74,42,46,55,15,98,27,98,30,24,25,6,98,28,86,77,40,32,27,32,Default Stride Loose,37,73,96,66,57,76,6,10,15,10,35,10,78,42,90
12836,George,Kittle,Tight End,TE,San Francisco 49ers,15,98,31,Iowa,76,250,85,8,Possession - TE,"https://ratings-images-prod.pulse.ea.com/madden-nfl-26/portraits/8622.png?im=FaceCrop,padding=0.7",https://drop-assets.ea.com/images/1SoIzWJtk28ygwNAPEMRnf/deaee9a60ace23f7eaeaf4275c2282b0/15.png,87,83,90,94,82,99,92,31,18,78,75,89,95,77,77,18,38,78,88,82,22,19,31,65,15,79,98,62,58,62,10,35,20,20,36,83,77,71,76,Default Stride Loose,84,89,87,64,83,34,10,15,20,10,30,14,98,84,24
22691,Jahmyr,Gibbs,Halfback,HB,Detroit Lions,19,98,23,Alabama,69,199,0,2,Elusive Back - HB,"https://ratings-images-prod.pulse.ea.com/madden-nfl-26/portraits/2564.png?im=FaceCrop,padding=0.7",https://drop-assets.ea.com/images/7cuE4tZcli1uQyZbvXWMrd/a2df9decdab28170691ca6631dd62139/19.png,95,93,81,85,72,88,92,30,25,84,96,64,74,92,63,10,28,32,90,96,10,14,80,29,12,69,98,51,29,34,10,16,10,16,37,65,30,24,16,Default,73,64,98,94,72,30,13,17,21,15,26,14,84,82,15
20051,Matthew,Stafford,Quarterback,QB,Los Angeles Rams,24,98,37,Georgia,75,220,9,16,Field General - QB,"https://ratings-images-prod.pulse.ea.com/madden-nfl-26/portraits/6302.png?im=FaceCrop,padding=0.7",https://drop-assets.ea.com/images/wS8JnLBEBj9eq68rO1qTb/b7b5285ad842936bc21bb149eb8c31b8/24.png,70,71,75,91,66,99,71,26,73,52,62,15,26,66,12,10,12,27,87,55,25,28,10,17,10,14,98,25,22,24,90,17,10,10,29,15,22,19,17,Default,15,15,78,39,36,28,95,95,98,88,95,84,98,47,22
21476,Micah,Parsons,Right Edge,REDG,Green Bay Packers,20,98,26,Penn State,75,245,1,4,Smaller Speed Rusher - DE,"https://ratings-images-prod.pulse.ea.com/madden-nfl-26/portraits/1058.png?im=FaceCrop,padding=0.7",https://drop-assets.ea.com/images/4ztQk5XogdkrJe6reVd3h8/16ecf8a0f4caf228c6e54ad0f8e17425/20.png,95,90,85,90,91,97,71,80,12,57,69,44,62,77,31,97,84,84,93,71,20,20,60,20,59,36,98,45,45,45,6,95,92,57,94,36,45,45,45,Default Stride Loose,40,47,90,61,58,89,6,6,6,6,30,15,87,62,64
21540,Penei,Sewell,Right Tackle,RT,Detroit Lions,19,98,24,Oregon,78,325,58,4,Power - OT,"https://ratings-images-prod.pulse.ea.com/madden-nfl-26/portraits/963.png?im=FaceCrop,padding=0.7",https://drop-assets.ea.com/images/7cuE4tZcli1uQyZbvXWMrd/a2df9decdab28170691ca6631dd62139/19.png,74,60,70,95,97,98,20,35,13,15,35,17,44,58,5,16,33,96,94,10,20,23,10,97,12,17,98,90,86,94,6,19,24,10,37,15,99,99,99,Default Stride Awkward,28,15,73,10,25,32,6,6,6,6,18,14,91,30,12
13203,Fred,Warner,Mike Backer,MIKE,San Francisco 49ers,15,97,28,BYU,75,230,54,7,Field General - MLB,"https://ratings-images-prod.pulse.ea.com/madden-nfl-26/portraits/9101.png?im=FaceCrop,padding=0.7",https://drop-assets.ea.com/images/1SoIzWJtk28ygwNAPEMRnf/deaee9a60ace23f7eaeaf4275c2282b0/15.png,91,83,94,97,80,99,56,79,12,21,63,60,78,82,5,62,85,81,96,59,10,13,10,23,77,5,97,45,45,45,6,99,52,58,99,20,45,45,45,Short Stride Bread Loaf,15,60,88,53,34,91,6,6,6,6,14,10,93,46,86
20571,Maxx,Crosby,Left Edge,LEDG,Las Vegas Raiders,23,97,28,Eastern Michigan,77,255,98,6,Smaller Speed Rusher - DE,"https://ratings-images-prod.pulse.ea.com/madden-nfl-26/portraits/9426.png?im=FaceCrop,padding=0.7",https://drop-assets.ea.com/images/5ZrNmFWgR1vnwTOdqVmwYy/fe13aa7566120fb59130404e168c59ca/23.png,88,86,85,98,89,98,41,92,12,27,41,29,41,73,16,96,88,86,94,34,12,17,20,20,40,20,97,45,45,44,6,96,90,25,98,25,45,45,46,Long Stride Loose,25,31,86,30,39,95,6,6,6,6,22,10,86,34,48
21764,Patrick,Surtain II,Cornerback,CB,Denver Broncos,4,97,25,Alabama,74,202,2,4,Manto Man - CB,"https://ratings-images-prod.pulse.ea.com/madden-nfl-26/portraits/1301.png?im=FaceCrop,padding=0.7",https://drop-assets.ea.com/images/4AYKY9OcX1CYbyMFBnvM8/ac07a8ff525004f92014e3259708acdf/4.png,92,90,92,96,63,98,75,54,15,55,64,63,76,91,20,48,67,55,92,73,11,19,55,19,97,24,97,35,35,35,6,98,36,95,81,31,35,35,35,Long Stride Loose,30,72,94,62,46,75,6,6,6,6,28,13,86,32,96
22811,Puka,Nacua,Wide Receiver,WR,Los Angeles Rams,24,97,24,BYU,73,216,12,2,Slot - WR,"https://ratings-images-prod.pulse.ea.com/madden-nfl-26/portraits/4785.png?im=FaceCrop,padding=0.7",https://drop-assets.ea.com/images/wS8JnLBEBj9eq68rO1qTb/b7b5285ad842936bc21bb149eb8c31b8/24.png,92,89,93,98,69,98,94,20,21,85,74,98,98,92,92,10,21,55,83,86,25,29,35,35,10,95,97,30,20,25,29,15,10,15,29,87,62,33,36,Default,97,99,93,83,72,28,6,10,15,33,25,29,95,53,16
9800,Trent,Williams,Left Tackle,LT,San Francisco 49ers,15,97,37,Oklahoma,77,320,71,15,Power - OT,"https://ratings-images-prod.pulse.ea.com/madden-nfl-26/portraits/3231.png?im=FaceCrop,padding=0.7",https://drop-assets.ea.com/images/1SoIzWJtk28ygwNAPEMRnf/deaee9a60ace23f7eaeaf4275c2282b0/15.png,74,71,83,91,95,98,10,32,12,7,40,15,20,57,5,10,60,99,88,10,10,11,10,99,10,5,97,92,90,95,6,19,10,10,33,15,98,98,97,Default Stride Awkward,15,51,77,10,10,39,6,6,6,6,12,14,98,10,14
22093,Trey,McBride,Tight End,TE,Arizona Cardinals,7,97,25,Colorado St.,76,246,85,3,Vertical Threat - TE,"https://ratings-images-prod.pulse.ea.com/madden-nfl-26/portraits/1830.png?im=FaceCrop,padding=0.7",https://drop-assets.ea.com/images/5NdzvrqrP3clJDBL6kdTmu/1f61914ff14c6f4be0240d71e622f9c6/7.png,90,84,94,88,76,98,88,45,17,80,75,91,99,79,76,29,32,67,92,78,20,22,35,52,15,82,97,61,61,60,6,32,25,10,41,85,63,62,59,Long Stride Default,88,92,87,75,77,38,6,10,15,10,33,10,87,71,20
21606,Amon-Ra,St. Brown,Wide Receiver,WR,Detroit Lions,19,96,25,USC,72,195,14,4,Slot - WR,"https://ratings-images-prod.pulse.ea.com/madden-nfl-26/portraits/1313.png?im=FaceCrop,padding=0.7",https://drop-assets.ea.com/images/7cuE4tZcli1uQyZbvXWMrd/a2df9decdab28170691ca6631dd62139/19.png,91,92,91,93,67,97,92,33,27,78,75,92,99,88,89,10,23,48,90,87,14,20,74,26,12,98,96,30,23,27,24,19,10,20,36,90,44,25,33,Default,98,90,90,79,62,34,25,34,40,35,48,32,85,57,19
12556,Christian,McCaffrey,Halfback,HB,San Francisco 49ers,15,96,29,Stanford,71,205,23,8,Elusive Back - HB,"https://ratings-images-prod.pulse.ea.com/madden-nfl-26/portraits/8655.png?im=FaceCrop,padding=0.7",https://drop-assets.ea.com/images/1SoIzWJtk28ygwNAPEMRnf/deaee9a60ace23f7eaeaf4275c2282b0/15.png,93,94,90,93,74,99,95,32,38,93,95,72,83,93,69,10,27,45,83,90,23,29,88,47,12,78,96,60,32,36,31,27,10,15,44,76,38,22,22,None,82,75,90,83,80,36,33,41,45,47,52,37,94,67,17
21286,Derrick,Brown,Defensive Tackle,DT,Carolina Panthers,21,96,27,Auburn,77,320,95,5,,"https://ratings-images-prod.pulse.ea.com/madden-nfl-26/portraits/189.png?im=FaceCrop,padding=0.7",https://drop-assets.ea.com/images/4Klf6KKhbnVi5RaARK1OiL/13a917c75c0fbc4edb0eb018cb757d8d/21.png,76,70,68,87,98,97,53,95,33,38,56,47,53,58,33,68,84,93,95,52,14,22,30,42,24,38,96,48,44,48,25,95,86,23,86,39,50,46,50,Long Stride Default,42,49,73,50,52,96,27,30,35,36,41,31,95,60,30
12545,Garett,Bolles,Left Tackle,LT,Denver Broncos,4,96,33,Utah,77,300,72,8,Pass Protector - OT,"https://ratings-images-prod.pulse.ea.com/madden-nfl-26/portraits/8482.png?im=FaceCrop,padding=0.7",https://drop-assets.ea.com/images/4AYKY9OcX1CYbyMFBnvM8/ac07a8ff525004f92014e3259708acdf/4.png,76,72,70,88,87,97,28,34,12,17,29,30,36,56,8,27,42,86,84,19,20,22,10,82,12,16,96,96,98,94,6,26,33,10,39,22,90,91,88,Default Stride Awkward,26,25,75,15,26,38,6,6,6,6,25,14,88,37,15
20948,Joe,Burrow,Quarterback,QB,Cincinnati Bengals,2,96,28,LSU,76,215,9,5,Field General - QB,"https://ratings-images-prod.pulse.ea.com/madden-nfl-26/portraits/198.png?im=FaceCrop,padding=0.7",https://drop-assets.ea.com/images/5oemvWKqCFgBCkCI4h9A2U/0629c6d345fe01a14ba9f40554fd182e/2.png,86,83,74,97,68,98,86,30,91,69,62,19,40,79,15,10,29,29,92,64,17,21,10,20,29,19,96,15,15,25,86,27,10,25,38,18,15,20,30,Long Stride Default,28,26,84,68,50,36,97,97,99,91,88,96,97,57,33
17777,Joe,Thuney,Left Guard,LG,Chicago Bears,1,96,32,N.C. State,77,301,62,9,Pass Protector - G,"https://ratings-images-prod.pulse.ea.com/madden-nfl-26/portraits/8235.png?im=FaceCrop,padding=0.7",https://drop-assets.ea.com/images/6jaEsYrn1V45DziwibpsDk/ed66ad67e63f08a3a7c25ce951dbf5b9/1.png,76,68,71,93,90,99,18,33,12,8,33,15,26,57,5,10,48,90,97,14,11,11,10,79,12,5,96,94,94,94,6,10,10,10,35,15,85,87,83,Default Stride Awkward,15,15,73,10,19,29,6,6,6,6,25,16,94,31,12
20928,Jonathan,Taylor,Halfback,HB,Indianapolis Colts,10,96,26,Wisconsin,70,226,28,5,Power Back - HB,"https://ratings-images-prod.pulse.ea.com/madden-nfl-26/portraits/604.png?im=FaceCrop,padding=0.7",https://drop-assets.ea.com/images/5yTvAS7xG5Z8qw65gMLzSU/037cfcd90e26ee06666a24d762791f65/10.png,94,86,84,96,82,96,96,25,28,96,97,55,71,86,49,10,25,37,90,93,15,17,45,32,12,56,96,58,24,29,14,13,10,14,33,51,34,24,27,Default,64,59,94,81,94,27,15,20,25,17,29,15,92,88,19
22690,Bijan,Robinson,Halfback,HB,Atlanta Falcons,14,95,23,Texas,71,215,7,2,Elusive Back - HB,"https://ratings-images-prod.pulse.ea.com/madden-nfl-26/portraits/2613.png?im=FaceCrop,padding=0.7",https://drop-assets.ea.com/images/3NTxf2X9VWdF6aL91pHAVu/6002a1f3e761a58c3b00f0e08bdccf5f/14.png,92,92,90,87,81,90,92,32,37,93,91,63,75,95,61,10,34,51,93,97,19,23,71,49,13,66,95,51,39,46,20,22,10,18,37,66,46,39,40,Default,72,61,91,93,82,36,23,31,36,30,37,22,90,84,15
10698,Cameron,Heyward,Defensive Tackle,DT,Pittsburgh Steelers,29,95,36,Ohio State,77,295,97,14,,"https://ratings-images-prod.pulse.ea.com/madden-nfl-26/portraits/4384.png?im=FaceCrop,padding=0.7",https://drop-assets.ea.com/images/4k4tkEjxICBzmTan96wMKZ/1d5d9145ace8a359ac5423c8c3e5e2d8/29.png,73,67,74,87,94,96,29,96,12,11,39,10,48,59,2,74,92,94,92,10,11,12,10,17,22,3,95,45,45,45,6,97,88,10,89,12,45,45,45,Long Stride Loose,10,22,75,10,46,95,6,6,6,6,21,18,95,36,32
21551,Creed,Humphrey,Center,C,Kansas City Chiefs,9,95,27,Oklahoma,76,302,52,4,Pass Protector - C,"https://ratings-images-prod.pulse.ea.com/madden-nfl-26/portraits/729.png?im=FaceCrop,padding=0.7",https://drop-assets.ea.com/images/3g9AewmTPjE4A7yc2tobiZ/20b6502896df3893414233cb5fe1b803/9.png,79,67,80,94,90,96,10,26,12,8,34,15,25,58,6,10,25,93,93,10,11,14,10,93,7,8,95,93,90,96,6,25,10,10,30,21,94,96,91,Default Stride Awkward,15,21,74,10,10,39,6,6,6,6,24,14,98,18,11
22694,Jaxon,Smith-Njigba,Wide Receiver,WR,Seattle Seahawks,28,95,23,Ohio State,73,200,11,2,Deep Threat - WR,"https://ratings-images-prod.pulse.ea.com/madden-nfl-26/portraits/2401.png?im=FaceCrop,padding=0.7",https://drop-assets.ea.com/images/2WrGCB8Atuo0aZ4MbstBrI/bbe9263ce111287adcef479efbc72160/28.png,92,95,86,85,63,96,88,25,18,80,72,93,97,93,94,10,20,48,87,82,11,16,70,31,16,94,95,31,22,24,6,17,10,10,27,97,50,24,27,Default,93,96,91,74,61,24,6,10,15,10,29,16,82,45,14
20549,Jeffery,Simmons,Defensive Tackle,DT,Tennessee Titans,30,95,28,Mississippi St.,76,305,98,6,Power Rusher - DT,"https://ratings-images-prod.pulse.ea.com/madden-nfl-26/portraits/156.png?im=FaceCrop,padding=0.7",https://drop-assets.ea.com/images/2YxvlDMaJsJwNQ4lS7qdCQ/d850f60dcbdcd71fb162eb55a46c7969/30.png,82,75,78,87,97,96,23,92,12,16,29,29,43,63,30,89,89,87,90,32,16,15,48,20,29,32,95,45,45,45,6,95,93,17,91,25,45,45,45,Long Stride Loose,40,32,78,28,23,87,6,6,6,6,20,10,89,26,39
20565,Nick,Bosa,Left Edge,LEDG,San Francisco 49ers,15,95,27,Ohio State,76,266,97,6,Smaller Speed Rusher - DE,"https://ratings-images-prod.pulse.ea.com/madden-nfl-26/portraits/9390.png?im=FaceCrop,padding=0.7",https://drop-assets.ea.com/images/1SoIzWJtk28ygwNAPEMRnf/deaee9a60ace23f7eaeaf4275c2282b0/15.png,91,87,81,87,94,95,30,91,12,21,38,27,45,73,6,97,84,87,84,38,17,17,10,18,30,10,95,45,45,44,6,93,94,31,95,16,45,45,45,Long Stride Loose,17,23,80,32,34,89,6,6,6,6,25,14,90,31,42
21842,Quinn,Meinerz,Right Guard,RG,Denver Broncos,4,95,26,Wisc-Whitewater,75,320,77,4,Power - G,"https://ratings-images-prod.pulse.ea.com/madden-nfl-26/portraits/841.png?im=FaceCrop,padding=0.7",https://drop-assets.ea.com/images/4AYKY9OcX1CYbyMFBnvM8/ac07a8ff525004f92014e3259708acdf/4.png,79,66,78,85,95,96,18,33,12,33,22,10,25,55,3,27,41,93,90,18,13,19,10,96,12,7,95,88,86,89,6,26,30,10,27,15,97,99,95,Default Stride Awkward,15,12,76,20,31,32,6,6,6,6,21,15,92,35,17
20971,Tristan,Wirfs,Left Tackle,LT,Tampa Bay Buccaneers,6,95,26,Iowa,77,320,78,5,Pass Protector - OT,"https://ratings-images-prod.pulse.ea.com/madden-nfl-26/portraits/681.png?im=FaceCrop,padding=0.7",https://drop-assets.ea.com/images/1L5Fn21WqZN9jcLucGYg4c/ce29db9b9b4775d4e8fc337bf5c65027/6.png,78,65,87,93,94,96,22,25,12,20,37,18,48,58,20,10,38,95,95,16,12,15,10,93,12,29,95,94,96,94,6,17,10,10,30,32,92,91,87,Long Stride Loose,35,18,77,13,34,38,6,6,6,6,11,10,93,36,13
17676,Chris,Jones,Defensive Tackle,DT,Kansas City Chiefs,9,94,31,Mississippi St.,78,310,95,9,Power Rusher - DT,"https://ratings-images-prod.pulse.ea.com/madden-nfl-26/portraits/8082.png?im=FaceCrop,padding=0.7",https://drop-assets.ea.com/images/3g9AewmTPjE4A7yc2tobiZ/20b6502896df3893414233cb5fe1b803/9.png,79,74,63,88,96,97,27,87,12,10,29,14,29,62,3,90,86,95,93,31,17,17,9,19,23,6,94,44,45,44,6,94,95,13,92,15,44,45,46,Default Stride High and Tight,13,16,73,21,29,88,6,6,6,6,23,16,93,33,29
17557,Derrick,Henry,Halfback,HB,Baltimore Ravens,25,94,31,Alabama,75,247,22,9,Power Back - HB,"https://ratings-images-prod.pulse.ea.com/madden-nfl-26/portraits/8045.png?im=FaceCrop,padding=0.7",https://drop-assets.ea.com/images/3zZnTQ4izXUrnVi3ryTBcm/a12a28ccd2af4c0a0930b58db73552a7/25.png,87,83,88,92,87,95,97,36,29,92,89,47,66,78,41,12,33,47,96,84,20,21,36,49,14,49,94,66,38,43,15,20,11,16,41,47,42,31,35,None,56,55,93,74,99,44,23,29,40,32,42,26,97,92,19
17538,Jalen,Ramsey,Free Safety,FS,Pittsburgh Steelers,29,94,30,Florida State,73,208,5,9,Hybrid - S,"https://ratings-images-prod.pulse.ea.com/madden-nfl-26/portraits/8185.png?im=FaceCrop,padding=0.7",https://drop-assets.ea.com/images/4k4tkEjxICBzmTan96wMKZ/1d5d9145ace8a359ac5423c8c3e5e2d8/29.png,93,90,94,94,71,92,72,70,34,68,71,55,83,89,12,41,82,65,90,78,17,18,80,22,91,24,94,21,34,33,16,90,35,98,79,27,34,34,33,Short Stride Default,36,72,94,69,57,78,21,26,33,24,27,17,90,42,90
13202,Jessie,Bates III,Free Safety,FS,Atlanta Falcons,14,94,28,Wake Forest,73,200,3,7,Zone - S,"https://ratings-images-prod.pulse.ea.com/madden-nfl-26/portraits/8815.png?im=FaceCrop,padding=0.7",https://drop-assets.ea.com/images/3NTxf2X9VWdF6aL91pHAVu/6002a1f3e761a58c3b00f0e08bdccf5f/14.png,91,88,85,97,59,96,77,56,10,48,69,65,83,84,10,37,85,61,92,78,12,18,78,20,85,15,94,35,35,35,10,95,25,66,93,13,35,35,35,Default,20,70,90,69,36,81,10,10,10,10,25,23,88,41,93
20961,Justin,Jefferson,Wide Receiver,WR,Minnesota Vikings,31,94,26,LSU,73,195,18,5,Deep Threat - WR,"https://ratings-images-prod.pulse.ea.com/madden-nfl-26/portraits/385.png?im=FaceCrop,padding=0.7",https://drop-assets.ea.com/images/bzuWJaOZo5LCC4SwdbVzx/f6dc0006f59641745e50721d0d8c9d38/31.png,92,95,97,98,64,89,94,24,23,81,73,96,91,98,96,24,43,52,94,95,12,18,61,34,18,96,94,25,13,18,24,19,18,18,41,94,48,24,26,Long Stride Loose,95,97,91,81,75,36,24,30,35,33,43,29,87,65,26
13092,Lamar,Jackson,Quarterback,QB,Baltimore Ravens,25,94,28,Louisville,74,210,8,7,Scrambler - QB,"https://ratings-images-prod.pulse.ea.com/madden-nfl-26/portraits/8940.png?im=FaceCrop,padding=0.7",https://drop-assets.ea.com/images/3zZnTQ4izXUrnVi3ryTBcm/a12a28ccd2af4c0a0930b58db73552a7/25.png,95,94,91,93,63,91,98,16,96,82,70,17,64,95,13,10,27,29,92,91,19,12,10,21,12,15,94,13,13,13,98,10,12,10,38,17,14,14,14,Short Stride Default,20,15,96,83,80,35,84,92,92,96,93,95,96,39,12
17541,Laremy,Tunsil,Left Tackle,LT,Washington Commanders,26,94,31,Ole Miss,77,313,78,9,Pass Protector - OT,"https://ratings-images-prod.pulse.ea.com/madden-nfl-26/portraits/8241.png?im=FaceCrop,padding=0.7",https://drop-assets.ea.com/images/42h6FyIuthDAiH4cTWUXRH/bb952a9252013b5bfdf77ac3f4011601/RatingsteamcrestWashingtonCommanders256.png,68,67,71,90,92,95,18,27,12,12,31,22,26,53,6,14,26,94,92,17,17,20,9,85,11,9,94,94,93,95,6,18,18,9,29,22,82,83,82,Default Stride Awkward,19,20,72,13,26,35,6,6,6,6,22,14,89,32,13
13081,Quenton,Nelson,Left Guard,LG,Indianapolis Colts,10,94,29,Notre Dame,77,330,56,7,Power - G,"https://ratings-images-prod.pulse.ea.com/madden-nfl-26/portraits/9002.png?im=FaceCrop,padding=0.7",https://drop-assets.ea.com/images/5yTvAS7xG5Z8qw65gMLzSU/037cfcd90e26ee06666a24d762791f65/10.png,67,67,67,90,97,98,16,27,12,11,35,10,19,57,10,10,28,95,95,12,15,21,10,94,9,10,94,86,88,85,6,18,10,10,36,12,96,95,97,Long Stride Awkward,10,12,70,10,10,34,6,6,6,6,27,15,91,37,10
12562,T.J.,Watt,Left Edge,LEDG,Pittsburgh Steelers,29,94,30,Wisconsin,76,252,90,8,Run Stopper - DE,"https://ratings-images-prod.pulse.ea.com/madden-nfl-26/portraits/8770.png?im=FaceCrop,padding=0.7",https://drop-assets.ea.com/images/4k4tkEjxICBzmTan96wMKZ/1d5d9145ace8a359ac5423c8c3e5e2d8/29.png,87,84,88,88,86,98,49,91,12,23,53,52,72,70,7,93,87,79,91,46,50,57,6,16,59,14,94,45,45,45,6,98,86,43,96,22,45,45,45,Long Stride Loose,24,57,83,37,54,92,6,6,6,6,25,16,95,52,65
22265,Trent,McDuffie,Cornerback,CB,Kansas City Chiefs,9,94,24,Washington,71,193,22,3,Slot - CB,"https://ratings-images-prod.pulse.ea.com/madden-nfl-26/portraits/1844.png?im=FaceCrop,padding=0.7",https://drop-assets.ea.com/images/3g9AewmTPjE4A7yc2tobiZ/20b6502896df3893414233cb5fe1b803/9.png,94,94,91,91,61,95,63,57,15,53,59,52,69,91,11,38,67,46,91,73,21,22,68,15,94,16,94,33,34,33,6,97,29,88,83,17,34,34,33,Short Stride Loose,26,61,92,66,23,74,6,6,6,6,27,10,86,26,92
13091,Vita,Vea,Defensive Tackle,DT,Tampa Bay Buccaneers,6,94,30,Washington,76,347,50,7,,"https://ratings-images-prod.pulse.ea.com/madden-nfl-26/portraits/9093.png?im=FaceCrop,padding=0.7",https://drop-assets.ea.com/images/1L5Fn21WqZN9jcLucGYg4c/ce29db9b9b4775d4e8fc337bf5c65027/6.png,73,71,70,84,99,92,55,94,18,49,68,24,40,60,16,74,89,97,92,59,16,15,10,42,28,17,94,45,45,45,10,94,87,22,83,15,52,48,52,Long Stride Default,26,18,74,43,54,92,13,16,20,13,24,12,97,68,35
22702,Will,Anderson Jr,Left Edge,LEDG,Houston Texans,32,94,23,Alabama,76,263,51,2,Smaller Speed Rusher - DE,"https://ratings-images-prod.pulse.ea.com/madden-nfl-26/portraits/856.png?im=FaceCrop,padding=0.7",https://drop-assets.ea.com/images/4rWKgLRDGADEZ3pTbdrpW0/793a695de8ea5caf8f2e1b3973ae1b61/32.png,90,86,81,87,90,97,57,85,17,32,50,48,59,75,10,96,89,80,93,57,12,15,10,35,31,15,94,35,35,35,6,97,91,44,89,21,45,45,45,Default Stride Loose,20,55,87,55,55,87,6,6,6,6,21,12,91,48,40
22145,Aidan,Hutchinson,Left Edge,LEDG,Detroit Lions,19,93,25,Michigan,78,265,97,3,Smaller Speed Rusher - DE,"https://ratings-images-prod.pulse.ea.com/madden-nfl-26/portraits/1771.png?im=FaceCrop,padding=0.7",https://drop-assets.ea.com/images/7cuE4tZcli1uQyZbvXWMrd/a2df9decdab28170691ca6631dd62139/19.png,89,85,85,87,87,95,46,85,12,33,59,56,64,70,38,95,85,89,91,52,12,14,10,30,43,44,93,45,45,45,6,93,89,31,96,52,45,45,45,Long Stride Default,50,62,82,46,50,87,6,8,10,6,24,18,92,48,53
20964,Andrew,Thomas,Left Tackle,LT,NY Giants,16,93,26,Georgia,77,315,78,5,Pass Protector - OT,"https://ratings-images-prod.pulse.ea.com/madden-nfl-26/portraits/611.png?im=FaceCrop,padding=0.7",https://drop-assets.ea.com/images/5hloGwLNaCrg2IBn0CoWVb/b5996a802009a4252f992182bd9acf85/16.png,65,64,78,91,90,91,17,27,12,8,33,20,46,57,10,10,30,93,83,22,22,24,10,86,12,14,93,94,93,96,6,13,10,10,24,19,86,87,85,Default Stride Awkward,29,42,69,11,27,31,6,6,6,6,23,14,86,33,15
14678,Brock,Bowers,Tight End,TE,Las Vegas Raiders,23,93,22,Georgia,75,243,89,1,Vertical Threat - TE,"https://ratings-images-prod.pulse.ea.com/madden-nfl-26/portraits/10018.png?im=FaceCrop,padding=0.7",https://drop-assets.ea.com/images/5ZrNmFWgR1vnwTOdqVmwYy/fe13aa7566120fb59130404e168c59ca/23.png,91,86,84,92,75,95,84,46,12,74,74,87,97,82,75,31,51,66,91,77,16,23,35,58,23,80,93,57,57,53,6,18,29,26,55,82,60,60,55,Long Stride Default,86,93,90,67,74,49,6,10,15,10,36,15,94,74,29
20932,CeeDee,Lamb,Wide Receiver,WR,Dallas Cowboys,11,93,26,Oklahoma,74,200,88,5,Deep Threat - WR,"https://ratings-images-prod.pulse.ea.com/madden-nfl-26/portraits/418.png?im=FaceCrop,padding=0.7",https://drop-assets.ea.com/images/4fzYNoreZSo04KbSHo3Sqn/0855e78441c821f956abac278f04abb7/11.png,91,94,96,93,70,92,97,30,35,86,76,92,88,93,95,10,29,46,93,93,33,48,80,33,18,93,93,39,25,27,21,16,10,17,31,98,51,19,24,Short Stride High and Tight,94,98,90,86,80,38,21,26,31,32,37,25,91,71,25
20369,Chris,Lindstrom,Right Guard,RG,Atlanta Falcons,14,93,28,Boston College,75,307,63,6,Power - G,"https://ratings-images-prod.pulse.ea.com/madden-nfl-26/portraits/9551.png?im=FaceCrop,padding=0.7",https://drop-assets.ea.com/images/3NTxf2X9VWdF6aL91pHAVu/6002a1f3e761a58c3b00f0e08bdccf5f/14.png,80,68,75,91,92,97,14,15,12,8,19,18,26,58,5,10,28,91,94,14,25,25,10,99,12,6,93,83,81,86,6,10,10,10,23,12,96,95,92,Default Stride Awkward,16,14,76,10,27,32,6,6,6,6,23,10,92,31,12
13101,Denzel,Ward,Cornerback,CB,Cleveland Browns,5,93,28,Ohio State,71,190,21,7,Manto Man - CB,"https://ratings-images-prod.pulse.ea.com/madden-nfl-26/portraits/9100.png?im=FaceCrop,padding=0.7",https://drop-assets.ea.com/images/4qbblHggBjaH9o46kyGeFo/27cab0f308b54edbd469e9b20cb506f7/5.png,94,94,92,92,61,95,66,50,18,60,66,48,78,95,20,33,72,51,88,80,13,18,67,17,94,26,93,35,35,35,6,92,26,86,72,26,35,35,35,Short Stride Loose,30,66,93,66,28,51,8,10,15,6,31,15,86,19,90
13080,Derwin,James Jr,Strong Safety,SS,Los Angeles Chargers,8,93,29,Florida State,74,215,3,7,Run Support - S,"https://ratings-images-prod.pulse.ea.com/madden-nfl-26/portraits/8943.png?im=FaceCrop,padding=0.7",https://drop-assets.ea.com/images/1nyokQ4GLHKjmDL5IorxkB/29267d1765bd7f27730a007e1b070ec4/8.png,91,88,93,95,80,93,73,68,24,59,72,56,78,86,17,67,92,73,89,77,15,19,78,20,86,22,93,35,35,35,15,92,69,83,91,24,35,35,35,Default Stride Loose,27,67,90,67,47,78,10,13,18,22,34,10,91,46,85
20552,Dexter,Lawrence II,Defensive Tackle,DT,NY Giants,16,93,27,Clemson,76,342,97,6,,"https://ratings-images-prod.pulse.ea.com/madden-nfl-26/portraits/9548.png?im=FaceCrop,padding=0.7",https://drop-assets.ea.com/images/5hloGwLNaCrg2IBn0CoWVb/b5996a802009a4252f992182bd9acf85/16.png,79,70,74,89,97,93,35,93,12,17,42,23,40,56,12,79,82,96,93,23,15,15,40,43,13,14,93,45,45,45,6,93,92,14,91,12,45,45,45,Long Stride Loose,18,22,76,19,31,90,6,6,6,6,19,10,91,46,24
14501,Drake,Maye,Quarterback,QB,New England Patriots,22,93,23,North Carolina,76,223,10,1,Field General - QB,"https://ratings-images-prod.pulse.ea.com/madden-nfl-26/portraits/10165.png?im=FaceCrop,padding=0.7",https://drop-assets.ea.com/images/6Z0rWjQfkWgvj8K58X0WfA/aaaaa7e6c313bdfc5e624309ba6dfc4e/22.png,89,82,72,87,62,93,85,18,80,67,65,15,34,78,12,10,16,12,92,73,46,55,10,30,12,14,93,15,15,15,83,17,10,10,32,15,31,12,12,Default,15,15,89,62,55,20,94,90,96,85,94,93,90,43,15
22054,James,Cook III,Halfback,HB,Buffalo Bills,3,93,25,Georgia,71,190,4,3,Elusive Back - HB,"https://ratings-images-prod.pulse.ea.com/madden-nfl-26/portraits/1304.png?im=FaceCrop,padding=0.7",https://drop-assets.ea.com/images/212FXcpkDUjs9ZJpZ038pM/676904f80719bc724267b7eb5609c6af/3.png,93,94,81,85,67,91,91,35,20,87,90,52,70,92,57,10,37,38,88,95,14,19,74,43,24,65,93,51,26,21,10,31,10,17,47,62,42,29,24,Default,68,54,92,87,71,40,10,14,20,10,27,17,84,64,34
22226,Kyle,Hamilton,Strong Safety,SS,Baltimore Ravens,25,93,24,Notre Dame,76,221,14,3,Run Support - S,"https://ratings-images-prod.pulse.ea.com/madden-nfl-26/portraits/1753.png?im=FaceCrop,padding=0.7",https://drop-assets.ea.com/images/3zZnTQ4izXUrnVi3ryTBcm/a12a28ccd2af4c0a0930b58db73552a7/25.png,91,87,91,91,72,92,70,71,35,57,68,68,78,79,32,68,88,67,89,73,21,22,35,34,87,34,93,35,35,35,15,94,52,88,94,44,35,35,35,Long Stride Default,37,72,88,65,55,80,20,24,28,33,36,20,87,55,84
13082,Roquan,Smith,Mike Backer,MIKE,Baltimore Ravens,25,93,28,Georgia,73,232,0,7,Field General - MLB,"https://ratings-images-prod.pulse.ea.com/madden-nfl-26/portraits/9061.png?im=FaceCrop,padding=0.7",https://drop-assets.ea.com/images/3zZnTQ4izXUrnVi3ryTBcm/a12a28ccd2af4c0a0930b58db73552a7/25.png,89,87,81,98,80,91,41,79,12,36,54,40,72,82,11,60,88,87,95,47,22,14,10,22,71,12,93,45,45,45,10,92,68,56,97,22,45,45,45,Default Stride Loose,13,39,86,31,35,96,6,8,10,13,25,10,95,39,77
21017,Antoine,Winfield Jr,Free Safety,FS,Tampa Bay Buccaneers,6,92,27,Minnesota,69,203,31,5,Run Support - S,"https://ratings-images-prod.pulse.ea.com/madden-nfl-26/portraits/680.png?im=FaceCrop,padding=0.7",https://drop-assets.ea.com/images/1L5Fn21WqZN9jcLucGYg4c/ce29db9b9b4775d4e8fc337bf5c65027/6.png,92,88,89,94,59,95,82,63,21,72,67,71,77,86,15,57,86,64,88,83,20,20,83,18,80,20,92,35,35,35,6,96,46,68,90,33,35,35,35,Short Stride Default,30,73,90,73,53,80,6,6,6,6,35,13,87,52,87
11567,Bobby,Wagner,Mike Backer,MIKE,Washington Commanders,26,92,35,Utah State,72,242,54,13,Run Stopper - MLB,"https://ratings-images-prod.pulse.ea.com/madden-nfl-26/portraits/6138.png?im=FaceCrop,padding=0.7",https://drop-assets.ea.com/images/42h6FyIuthDAiH4cTWUXRH/bb952a9252013b5bfdf77ac3f4011601/RatingsteamcrestWashingtonCommanders256.png,84,80,89,94,78,98,48,82,12,23,61,15,75,70,5,65,92,91,97,42,20,20,10,28,57,5,92,45,45,45,6,97,69,42,95,12,45,45,45,Default Stride Awkward,15,48,84,24,53,99,6,6,6,6,25,10,74,41,65
2540,Danielle,Hunter,Right Edge,REDG,Houston Texans,32,92,30,LSU,77,263,55,10,Smaller Speed Rusher - DE,"https://ratings-images-prod.pulse.ea.com/madden-nfl-26/portraits/7179.png?im=FaceCrop,padding=0.7",https://drop-assets.ea.com/images/4rWKgLRDGADEZ3pTbdrpW0/793a695de8ea5caf8f2e1b3973ae1b61/32.png,88,83,88,86,82,97,35,82,12,24,46,10,36,71,2,95,77,87,86,40,11,15,10,14,38,3,92,45,45,45,6,92,86,30,91,12,45,45,45,Default Stride Loose,10,12,88,55,28,86,6,6,6,6,15,12,81,44,50
22269,Derek,Stingley Jr,Cornerback,CB,Houston Texans,32,92,24,LSU,72,190,24,3,Zone - CB,"https://ratings-images-prod.pulse.ea.com/madden-nfl-26/portraits/1956.png?im=FaceCrop,padding=0.7",https://drop-assets.ea.com/images/4rWKgLRDGADEZ3pTbdrpW0/793a695de8ea5caf8f2e1b3973ae1b61/32.png,93,94,93,96,63,95,78,49,25,65,63,71,83,92,30,44,69,47,87,84,19,20,72,18,91,35,92,25,34,33,10,95,36,84,75,44,25,34,33,Default Stride Loose,45,82,93,74,45,58,18,21,26,22,36,12,75,45,93
22068,Drake,London,Wide Receiver,WR,Atlanta Falcons,14,92,24,USC,76,213,5,3,Physical - WR,"https://ratings-images-prod.pulse.ea.com/madden-nfl-26/portraits/1813.png?im=FaceCrop,padding=0.7",https://drop-assets.ea.com/images/3NTxf2X9VWdF6aL91pHAVu/6002a1f3e761a58c3b00f0e08bdccf5f/14.png,92,88,97,89,77,94,84,23,21,83,73,94,97,88,80,10,25,48,89,82,17,14,38,29,11,85,92,33,20,25,10,15,10,14,29,95,47,21,24,Long Stride Default,87,95,88,76,73,42,10,15,20,12,25,14,88,76,18
20982,Nnamdi,Madubuike,Defensive Tackle,DT,Baltimore Ravens,25,92,27,Texas AM,75,293,92,5,,"https://ratings-images-prod.pulse.ea.com/madden-nfl-26/portraits/441.png?im=FaceCrop,padding=0.7",https://drop-assets.ea.com/images/3zZnTQ4izXUrnVi3ryTBcm/a12a28ccd2af4c0a0930b58db73552a7/25.png,83,74,70,83,95,90,17,89,12,10,30,25,44,64,3,87,85,85,91,25,12,15,10,27,22,7,92,45,45,45,6,89,76,20,88,15,45,45,45,Default Stride Loose,15,28,81,30,25,96,6,6,6,6,16,10,88,34,26
12635,Patrick,Mahomes,Quarterback,QB,Kansas City Chiefs,9,92,29,Texas Tech,74,225,15,8,Improviser - QB,"https://ratings-images-prod.pulse.ea.com/madden-nfl-26/portraits/8648.png?im=FaceCrop,padding=0.7",https://drop-assets.ea.com/images/3g9AewmTPjE4A7yc2tobiZ/20b6502896df3893414233cb5fe1b803/9.png,87,86,74,98,70,94,93,24,92,78,66,32,59,86,15,10,18,27,96,77,10,20,10,23,17,17,92,10,10,10,96,22,10,10,37,22,23,10,10,Default,27,30,85,71,65,26,84,86,94,97,97,89,99,75,19
21541,Rashawn,Slater,Left Tackle,LT,Los Angeles Chargers,8,92,26,Northwestern,76,315,70,4,Pass Protector - OT,"https://ratings-images-prod.pulse.ea.com/madden-nfl-26/portraits/768.png?im=FaceCrop,padding=0.7",https://drop-assets.ea.com/images/1nyokQ4GLHKjmDL5IorxkB/29267d1765bd7f27730a007e1b070ec4/8.png,81,68,80,89,93,85,12,25,12,12,24,15,25,60,5,24,21,94,88,10,15,11,10,82,12,10,92,95,92,96,6,24,30,10,29,12,84,86,80,Default Stride Awkward,12,15,75,10,15,35,6,6,6,6,10,15,88,25,9
13085,Saquon,Barkley,Halfback,HB,Philadelphia Eagles,13,92,28,Penn State,72,227,26,7,Elusive Back - HB,"https://ratings-images-prod.pulse.ea.com/madden-nfl-26/portraits/8813.png?im=FaceCrop,padding=0.7",https://drop-assets.ea.com/images/1Nt5pFCpjcBcADzHRbwfIk/ce90f9cb564aef7cc30cf1dd88c84150/13.png,94,93,96,94,81,87,87,24,31,84,96,62,74,92,65,25,17,37,91,89,14,19,81,34,15,67,92,60,33,38,18,21,17,10,36,69,36,31,35,Default,75,73,95,86,88,28,29,34,41,36,41,18,90,84,13
17838,Tyreek,Hill,Wide Receiver,WR,Miami Dolphins,12,92,31,West Alabama,70,191,10,9,,"https://ratings-images-prod.pulse.ea.com/madden-nfl-26/portraits/8052.png?im=FaceCrop,padding=0.7",https://drop-assets.ea.com/images/1rcCzp9f3OyZFzRBRFJVpC/8dc08dce09c05a748587769908cd710c/12.png,98,97,95,92,64,88,91,21,28,83,77,86,90,96,91,10,25,40,88,92,15,13,85,20,10,92,92,33,19,19,19,26,10,30,33,85,53,9,14,None,91,90,97,79,45,27,23,28,31,28,41,24,93,37,20
21023,Xavier,McKinney,Strong Safety,SS,Green Bay Packers,20,92,26,Alabama,72,201,29,5,Run Support - S,"https://ratings-images-prod.pulse.ea.com/madden-nfl-26/portraits/452.png?im=FaceCrop,padding=0.7",https://drop-assets.ea.com/images/4ztQk5XogdkrJe6reVd3h8/16ecf8a0f4caf228c6e54ad0f8e17425/20.png,90,87,86,94,67,94,62,63,15,38,62,50,79,85,10,54,84,64,88,71,12,15,40,14,80,10,92,35,35,35,6,96,46,77,88,20,35,35,35,Default Stride Loose,10,72,88,62,47,83,6,6,6,6,25,10,91,37,88
23024,Brian,Branch,Strong Safety,SS,Detroit Lions,19,91,23,Alabama,72,190,32,2,Run Support - S,"https://ratings-images-prod.pulse.ea.com/madden-nfl-26/portraits/1719.png?im=FaceCrop,padding=0.7",https://drop-assets.ea.com/images/7cuE4tZcli1uQyZbvXWMrd/a2df9decdab28170691ca6631dd62139/19.png,92,85,89,91,60,90,78,64,20,65,67,63,77,83,37,55,89,65,92,72,17,18,76,22,86,41,91,30,34,33,16,91,44,74,95,45,35,34,33,Default Stride Loose,46,66,88,65,42,78,16,21,25,15,27,15,91,45,87
17567,Dak,Prescott,Quarterback,QB,Dallas Cowboys,11,91,32,Mississippi St.,74,238,4,9,Improviser - QB,"https://ratings-images-prod.pulse.ea.com/madden-nfl-26/portraits/8179.png?im=FaceCrop,padding=0.7",https://drop-assets.ea.com/images/4fzYNoreZSo04KbSHo3Sqn/0855e78441c821f956abac278f04abb7/11.png,83,82,79,95,75,92,85,29,86,74,68,20,42,80,15,9,40,39,89,71,22,26,13,29,12,17,91,21,18,14,87,21,9,9,40,19,39,35,38,Default,18,20,84,51,67,46,91,88,93,95,92,92,97,72,18
17542,DeForest,Buckner,Defensive Tackle,DT,Indianapolis Colts,10,91,31,Oregon,79,295,99,9,,"https://ratings-images-prod.pulse.ea.com/madden-nfl-26/portraits/7920.png?im=FaceCrop,padding=0.7",https://drop-assets.ea.com/images/5yTvAS7xG5Z8qw65gMLzSU/037cfcd90e26ee06666a24d762791f65/10.png,77,80,80,88,90,94,38,90,12,13,44,18,40,65,3,87,87,90,95,28,19,20,11,38,33,6,91,46,44,46,6,93,78,22,89,17,45,45,44,Long Stride Loose,14,21,76,23,33,93,6,6,6,6,22,17,92,45,42
11555,Demario,Davis,Mike Backer,MIKE,New Orleans Saints,27,91,36,Arkansas St.,74,248,56,13,Field General - MLB,"https://ratings-images-prod.pulse.ea.com/madden-nfl-26/portraits/5132.png?im=FaceCrop,padding=0.7",https://drop-assets.ea.com/images/5beev0Bk7MVWyDSbEqr75u/837fe770a82d43aa3028a13988d8baf3/27.png,87,78,86,96,85,96,20,77,12,25,62,15,63,72,5,64,91,89,98,25,20,26,10,24,69,5,91,45,45,45,6,95,57,40,94,12,45,45,45,Long Stride Default,15,15,88,15,45,90,6,6,6,6,25,16,93,45,77
23023,Devon,Witherspoon,Cornerback,CB,Seattle Seahawks,28,91,24,Illinois,72,180,21,2,Slot - CB,"https://ratings-images-prod.pulse.ea.com/madden-nfl-26/portraits/2485.png?im=FaceCrop,padding=0.7",https://drop-assets.ea.com/images/2WrGCB8Atuo0aZ4MbstBrI/bbe9263ce111287adcef479efbc72160/28.png,93,91,89,93,60,90,72,56,12,62,59,68,75,91,12,46,83,49,91,75,17,20,62,11,88,15,91,28,22,22,6,92,32,82,87,22,34,35,34,Default Stride Loose,25,67,91,67,34,77,6,10,15,10,35,10,97,25,86
21761,DeVonta,Smith,Wide Receiver,WR,Philadelphia Eagles,13,91,26,Alabama,72,170,6,4,Slot - WR,"https://ratings-images-prod.pulse.ea.com/madden-nfl-26/portraits/1369.png?im=FaceCrop,padding=0.7",https://drop-assets.ea.com/images/1Nt5pFCpjcBcADzHRbwfIk/ce90f9cb564aef7cc30cf1dd88c84150/13.png,94,92,89,92,49,95,91,38,19,73,72,86,95,93,90,14,31,38,89,83,15,18,82,24,29,89,91,31,19,21,19,24,11,19,52,83,42,25,19,Default,92,89,92,77,58,36,14,19,25,17,31,19,87,46,36
13479,Jordan,Mailata,Left Tackle,LT,Philadelphia Eagles,13,91,28,No College,80,365,68,7,Power - OT,"https://ratings-images-prod.pulse.ea.com/madden-nfl-26/portraits/9342.png?im=FaceCrop,padding=0.7",https://drop-assets.ea.com/images/1Nt5pFCpjcBcADzHRbwfIk/ce90f9cb564aef7cc30cf1dd88c84150/13.png,69,68,75,94,97,94,62,36,12,44,64,55,57,57,20,15,60,93,90,51,13,18,10,98,12,25,91,89,87,90,6,16,15,10,57,20,91,93,90,Default,30,48,74,37,57,52,6,6,6,6,39,15,93,74,17
20488,Josh,Jacobs,Halfback,HB,Green Bay Packers,20,91,27,Alabama,70,220,8,6,Power Back - HB,"https://ratings-images-prod.pulse.ea.com/madden-nfl-26/portraits/9520.png?im=FaceCrop,padding=0.7",https://drop-assets.ea.com/images/4ztQk5XogdkrJe6reVd3h8/16ecf8a0f4caf228c6e54ad0f8e17425/20.png,90,86,84,92,83,89,93,28,39,94,94,53,72,83,41,10,25,54,93,91,10,15,77,38,22,55,91,56,36,40,19,20,10,20,36,51,39,27,33,Default,62,55,90,80,91,34,23,31,37,27,36,19,95,90,30
22227,Kerby,Joseph,Free Safety,FS,Detroit Lions,19,91,24,Illinois,73,200,31,3,Zone - S,"https://ratings-images-prod.pulse.ea.com/madden-nfl-26/portraits/1792.png?im=FaceCrop,padding=0.7",https://drop-assets.ea.com/images/7cuE4tZcli1uQyZbvXWMrd/a2df9decdab28170691ca6631dd62139/19.png,91,86,91,93,64,94,74,53,15,65,63,63,84,84,29,29,77,49,90,77,20,21,44,23,78,31,91,25,25,25,6,96,23,65,86,27,24,24,24,Default Stride Loose,33,70,88,65,42,76,6,6,6,6,25,9,70,50,90
13098,Kolton,Miller,Left Tackle,LT,Las Vegas Raiders,23,91,29,UCLA,80,325,74,7,Pass Protector - OT,"https://ratings-images-prod.pulse.ea.com/madden-nfl-26/portraits/8993.png?im=FaceCrop,padding=0.7",https://drop-assets.ea.com/images/5ZrNmFWgR1vnwTOdqVmwYy/fe13aa7566120fb59130404e168c59ca/23.png,79,71,77,93,88,92,12,31,12,13,30,15,22,57,10,10,30,88,90,10,12,10,10,84,12,12,91,93,91,93,6,13,10,10,27,14,83,81,85,Long Stride Default,15,15,74,10,10,31,6,6,6,6,12,14,86,23,16
13112,Mark,Andrews,Tight End,TE,Baltimore Ravens,25,91,29,Oklahoma,77,247,89,7,Vertical Threat - TE,"https://ratings-images-prod.pulse.ea.com/madden-nfl-26/portraits/8802.png?im=FaceCrop,padding=0.7",https://drop-assets.ea.com/images/3zZnTQ4izXUrnVi3ryTBcm/a12a28ccd2af4c0a0930b58db73552a7/25.png,90,79,93,94,81,93,86,28,16,73,73,90,91,75,73,10,25,67,92,80,10,12,10,49,12,77,91,54,54,50,5,15,10,10,32,79,68,66,63,Long Stride Default,81,90,87,68,82,27,5,10,15,10,25,15,89,73,15
10857,Mike,Evans,Wide Receiver,WR,Tampa Bay Buccaneers,6,91,32,Texas AM,77,231,13,11,Physical - WR,"https://ratings-images-prod.pulse.ea.com/madden-nfl-26/portraits/6407.png?im=FaceCrop,padding=0.7",https://drop-assets.ea.com/images/1L5Fn21WqZN9jcLucGYg4c/ce29db9b9b4775d4e8fc337bf5c65027/6.png,89,81,97,93,78,90,89,35,22,82,80,97,93,82,85,10,15,63,92,83,24,25,55,49,40,87,91,45,23,25,10,15,10,20,25,90,60,35,38,Default Stride Loose,89,96,90,75,84,39,15,20,25,15,35,20,94,72,27
22142,Nik,Bonitto,Right Edge,REDG,Denver Broncos,4,91,25,Oklahoma,75,240,15,3,Smaller Speed Rusher - DE,"https://ratings-images-prod.pulse.ea.com/madden-nfl-26/portraits/1181.png?im=FaceCrop,padding=0.7",https://drop-assets.ea.com/images/4AYKY9OcX1CYbyMFBnvM8/ac07a8ff525004f92014e3259708acdf/4.png,92,83,85,72,82,95,44,78,41,26,49,37,60,76,5,93,78,70,90,44,12,14,10,21,38,5,91,45,45,45,26,93,85,34,89,14,45,45,45,Default Stride Loose,10,39,88,45,32,85,25,30,32,35,39,28,74,32,52
17679,Ryan,Kelly,Center,C,Minnesota Vikings,31,91,32,Alabama,76,307,78,9,Pass Protector - C,"https://ratings-images-prod.pulse.ea.com/madden-nfl-26/portraits/8094.png?im=FaceCrop,padding=0.7",https://drop-assets.ea.com/images/bzuWJaOZo5LCC4SwdbVzx/f6dc0006f59641745e50721d0d8c9d38/31.png,70,66,74,89,85,97,26,26,12,7,25,19,29,57,5,13,38,83,92,20,20,20,9,78,12,5,91,90,89,91,6,19,12,8,31,15,83,85,81,Default Stride Awkward,13,15,69,16,24,32,6,6,6,6,24,12,90,29,14
21648,Trey,Smith,Right Guard,RG,Kansas City Chiefs,9,91,26,Tennessee,78,321,65,4,Power - G,"https://ratings-images-prod.pulse.ea.com/madden-nfl-26/portraits/753.png?im=FaceCrop,padding=0.7",https://drop-assets.ea.com/images/3g9AewmTPjE4A7yc2tobiZ/20b6502896df3893414233cb5fe1b803/9.png,75,69,76,90,95,90,10,25,12,5,32,10,24,53,5,10,31,96,92,10,22,24,10,95,10,5,91,83,78,88,6,10,28,10,24,12,92,94,90,Default Stride Awkward,10,12,71,10,25,32,6,6,6,6,25,14,92,31,11
12549,Budda,Baker,Strong Safety,SS,Arizona Cardinals,7,90,29,Washington,70,195,3,8,Run Support - S,"https://ratings-images-prod.pulse.ea.com/madden-nfl-26/portraits/8472.png?im=FaceCrop,padding=0.7",https://drop-assets.ea.com/images/5NdzvrqrP3clJDBL6kdTmu/1f61914ff14c6f4be0240d71e622f9c6/7.png,91,90,86,96,72,91,76,62,27,57,72,71,75,89,36,53,89,68,91,81,20,20,66,23,77,41,90,35,35,35,15,90,46,77,91,47,35,35,35,Short Stride Loose,51,75,90,72,36,80,10,10,15,15,25,17,93,36,80
21534,Christian,Darrisaw,Left Tackle,LT,Minnesota Vikings,31,90,26,Virginia Tech,77,315,71,4,Pass Protector - OT,"https://ratings-images-prod.pulse.ea.com/madden-nfl-26/portraits/773.png?im=FaceCrop,padding=0.7",https://drop-assets.ea.com/images/bzuWJaOZo5LCC4SwdbVzx/f6dc0006f59641745e50721d0d8c9d38/31.png,73,67,70,90,92,92,15,34,12,8,25,25,26,54,5,16,33,97,87,10,13,17,10,88,12,5,90,91,88,93,6,15,21,10,25,15,86,88,84,Default Stride Awkward,15,15,73,10,20,29,6,6,6,6,13,10,85,33,13
10823,Davante,Adams,Wide Receiver,WR,Los Angeles Rams,24,90,32,Fresno State,73,215,17,11,Deep Threat - WR,"https://ratings-images-prod.pulse.ea.com/madden-nfl-26/portraits/6328.png?im=FaceCrop,padding=0.7",https://drop-assets.ea.com/images/wS8JnLBEBj9eq68rO1qTb/b7b5285ad842936bc21bb149eb8c31b8/24.png,89,94,95,97,63,93,93,52,22,84,76,91,88,94,89,10,15,45,97,90,30,25,45,25,18,91,90,38,17,13,6,26,10,25,43,96,45,9,17,Default Stride Loose,90,94,89,81,75,42,6,10,15,10,45,20,88,63,24
21009,Jaylon,Johnson,Cornerback,CB,Chicago Bears,1,90,26,Utah,72,195,1,5,Zone - CB,"https://ratings-images-prod.pulse.ea.com/madden-nfl-26/portraits/398.png?im=FaceCrop,padding=0.7",https://drop-assets.ea.com/images/6jaEsYrn1V45DziwibpsDk/ed66ad67e63f08a3a7c25ce951dbf5b9/1.png,91,86,88,92,67,96,68,51,13,60,60,57,74,92,11,35,65,57,87,74,14,15,40,12,89,16,90,35,35,35,6,96,27,89,74,31,41,35,35,Long Stride Loose,26,65,90,68,46,55,6,6,6,6,27,13,95,40,94
22338,Kenneth,Walker III,Halfback,HB,Seattle Seahawks,28,90,24,Michigan St.,69,211,9,3,Elusive Back - HB,"https://ratings-images-prod.pulse.ea.com/madden-nfl-26/portraits/2005.png?im=FaceCrop,padding=0.7",https://drop-assets.ea.com/images/2WrGCB8Atuo0aZ4MbstBrI/bbe9263ce111287adcef479efbc72160/28.png,94,92,83,90,81,87,89,33,28,92,96,46,67,90,41,10,32,35,84,87,12,15,73,31,12,47,90,54,30,34,22,15,10,15,38,48,33,30,23,Short Stride Default,54,45,94,76,84,36,11,15,20,18,27,11,92,88,18
20547,Quinnen,Williams,Defensive Tackle,DT,Dallas Cowboys,11,90,27,Alabama,75,303,92,6,,"https://ratings-images-prod.pulse.ea.com/madden-nfl-26/portraits/9679.png?im=FaceCrop,padding=0.7",https://drop-assets.ea.com/images/4fzYNoreZSo04KbSHo3Sqn/0855e78441c821f956abac278f04abb7/11.png,83,79,75,81,92,88,26,91,12,16,39,31,44,62,5,79,85,91,91,29,17,17,9,39,18,8,90,44,45,44,6,89,86,14,88,15,45,45,46,Long Stride Loose,13,36,84,24,44,86,6,6,6,6,23,12,90,41,30
22260,Sauce,Gardner,Cornerback,CB,Indianapolis Colts,10,90,25,Cincinnati,75,200,1,3,Manto Man - CB,"https://ratings-images-prod.pulse.ea.com/madden-nfl-26/portraits/1712.png?im=FaceCrop,padding=0.7",https://drop-assets.ea.com/images/5yTvAS7xG5Z8qw65gMLzSU/037cfcd90e26ee06666a24d762791f65/10.png,94,91,92,98,65,86,72,57,20,61,64,64,76,91,18,52,69,55,96,75,16,17,40,21,90,22,90,35,35,35,6,88,38,96,78,35,35,35,35,Long Stride Default,32,65,93,67,41,64,6,6,6,6,27,10,92,36,89
20435,Terry,McLaurin,Wide Receiver,WR,Washington Commanders,26,90,29,Ohio State,72,210,17,6,Deep Threat - WR,"https://ratings-images-prod.pulse.ea.com/madden-nfl-26/portraits/9567.png?im=FaceCrop,padding=0.7",https://drop-assets.ea.com/images/42h6FyIuthDAiH4cTWUXRH/bb952a9252013b5bfdf77ac3f4011601/RatingsteamcrestWashingtonCommanders256.png,91,86,88,96,67,87,88,41,22,82,76,91,96,87,90,11,34,45,93,88,14,16,40,22,16,88,90,37,11,15,6,19,11,16,53,92,47,15,20,Short Stride Default,88,93,96,78,56,41,6,10,15,10,32,18,95,50,24
890,Travis,Kelce,Tight End,TE,Kansas City Chiefs,9,90,35,Cincinnati,77,250,87,12,Possession - TE,"https://ratings-images-prod.pulse.ea.com/madden-nfl-26/portraits/5920.png?im=FaceCrop,padding=0.7",https://drop-assets.ea.com/images/3g9AewmTPjE4A7yc2tobiZ/20b6502896df3893414233cb5fe1b803/9.png,84,85,89,96,79,96,86,40,40,75,72,86,90,75,71,20,15,70,97,78,32,35,6,59,12,76,90,63,61,62,29,15,20,10,42,77,65,63,62,Long Stride High and Tight,83,91,82,69,84,45,49,53,64,47,70,33,94,77,14
12692,Trey,Hendrickson,Right Edge,REDG,Cincinnati Bengals,2,90,30,FAU,76,265,91,8,Smaller Speed Rusher - DE,"https://ratings-images-prod.pulse.ea.com/madden-nfl-26/portraits/8581.png?im=FaceCrop,padding=0.7",https://drop-assets.ea.com/images/5oemvWKqCFgBCkCI4h9A2U/0629c6d345fe01a14ba9f40554fd182e/2.png,87,83,81,88,83,91,45,78,12,28,41,30,44,68,6,94,84,83,92,39,17,17,10,18,36,10,90,45,45,44,6,90,85,37,94,16,45,45,45,Long Stride High and Tight,17,27,84,28,42,87,6,6,6,6,23,14,84,43,41
21142,Zack,Baun,Weak Backer,WILL,Philadelphia Eagles,13,90,28,Wisconsin,74,225,53,5,Pass Coverage - OLB,"https://ratings-images-prod.pulse.ea.com/madden-nfl-26/portraits/87.png?im=FaceCrop,padding=0.7",https://drop-assets.ea.com/images/1Nt5pFCpjcBcADzHRbwfIk/ce90f9cb564aef7cc30cf1dd88c84150/13.png,87,83,79,93,80,91,58,76,52,46,61,43,66,74,16,78,86,87,93,68,19,21,10,19,75,22,90,45,44,43,41,91,69,56,93,18,45,44,44,Default Stride Loose,30,54,87,58,41,93,33,40,46,45,47,40,90,34,84
20495,A.J.,Brown,Wide Receiver,WR,Philadelphia Eagles,13,89,28,Ole Miss,73,226,11,6,Physical - WR,"https://ratings-images-prod.pulse.ea.com/madden-nfl-26/portraits/9397.png?im=FaceCrop,padding=0.7",https://drop-assets.ea.com/images/1Nt5pFCpjcBcADzHRbwfIk/ce90f9cb564aef7cc30cf1dd88c84150/13.png,92,86,95,92,79,91,90,26,40,87,73,90,94,88,87,10,17,53,86,90,16,17,72,33,18,84,89,41,19,24,16,15,10,16,33,89,54,28,34,Default Stride Loose,85,94,91,82,87,23,25,29,34,40,41,30,90,77,27
20566,Brian,Burns,Right Edge,REDG,NY Giants,16,89,27,Florida State,77,250,0,6,Smaller Speed Rusher - DE,"https://ratings-images-prod.pulse.ea.com/madden-nfl-26/portraits/9406.png?im=FaceCrop,padding=0.7",https://drop-assets.ea.com/images/5hloGwLNaCrg2IBn0CoWVb/b5996a802009a4252f992182bd9acf85/16.png,90,86,85,84,76,93,33,79,12,21,41,28,48,71,5,89,80,78,93,42,17,15,10,13,45,10,89,45,45,45,6,90,75,22,88,17,45,45,45,Long Stride Default,15,34,87,39,32,88,6,6,6,6,24,10,87,28,56
20444,Drue,Tranquill,Weak Backer,WILL,Kansas City Chiefs,9,89,30,Notre Dame,74,228,23,6,Pass Coverage - OLB,"https://ratings-images-prod.pulse.ea.com/madden-nfl-26/portraits/9659.png?im=FaceCrop,padding=0.7",https://drop-assets.ea.com/images/3g9AewmTPjE4A7yc2tobiZ/20b6502896df3893414233cb5fe1b803/9.png,89,83,89,94,80,95,55,75,12,47,63,33,59,78,14,62,83,78,83,56,20,16,10,21,68,24,89,45,45,45,6,94,55,56,93,12,45,45,45,Default Stride Loose,31,35,88,44,42,93,6,6,6,6,22,15,93,25,74
12349,Jake,Matthews,Left Tackle,LT,Atlanta Falcons,14,89,33,Texas AM,77,309,70,11,Pass Protector - OT,"https://ratings-images-prod.pulse.ea.com/madden-nfl-26/portraits/6514.png?im=FaceCrop,padding=0.7",https://drop-assets.ea.com/images/3NTxf2X9VWdF6aL91pHAVu/6002a1f3e761a58c3b00f0e08bdccf5f/14.png,72,67,75,94,86,93,28,40,12,23,45,35,40,56,10,30,40,85,98,10,20,22,10,80,12,18,89,91,89,93,6,30,35,10,50,35,78,80,76,Default Stride Awkward,28,25,71,15,20,45,6,6,6,6,25,13,87,37,15
22703,Jalen,Carter,Defensive Tackle,DT,Philadelphia Eagles,13,89,24,Georgia,75,314,98,2,Power Rusher - DT,"https://ratings-images-prod.pulse.ea.com/madden-nfl-26/portraits/2563.png?im=FaceCrop,padding=0.7",https://drop-assets.ea.com/images/1Nt5pFCpjcBcADzHRbwfIk/ce90f9cb564aef7cc30cf1dd88c84150/13.png,88,78,85,86,94,90,46,81,12,25,48,44,50,69,29,75,90,90,88,44,43,51,10,58,22,34,89,45,45,45,6,92,90,25,85,38,55,51,56,Default Stride Loose,37,40,82,40,48,82,6,6,6,6,21,17,89,51,28
21451,Jaycee,Horn,Cornerback,CB,Carolina Panthers,21,89,25,South Carolina,73,200,8,4,Manto Man - CB,"https://ratings-images-prod.pulse.ea.com/madden-nfl-26/portraits/1352.png?im=FaceCrop,padding=0.7",https://drop-assets.ea.com/images/4Klf6KKhbnVi5RaARK1OiL/13a917c75c0fbc4edb0eb018cb757d8d/21.png,93,88,94,90,65,90,71,48,17,54,65,63,77,89,17,41,68,50,84,74,14,23,55,19,88,24,89,35,35,35,6,92,30,87,76,27,35,35,35,Long Stride Loose,34,73,92,67,47,63,8,12,18,29,30,17,85,36,86
21034,Justin,Herbert,Quarterback,QB,Los Angeles Chargers,8,89,27,Oregon,78,236,10,5,Field General - QB,"https://ratings-images-prod.pulse.ea.com/madden-nfl-26/portraits/346.png?im=FaceCrop,padding=0.7",https://drop-assets.ea.com/images/1nyokQ4GLHKjmDL5IorxkB/29267d1765bd7f27730a007e1b070ec4/8.png,88,80,84,93,71,90,80,26,82,64,68,12,39,72,10,10,33,23,92,67,16,20,12,18,11,13,89,17,17,12,91,16,10,14,41,14,24,13,19,Default,17,18,86,58,63,36,84,87,94,90,96,88,95,58,18
11489,Kevin,Zeitler,Right Guard,RG,Tennessee Titans,30,89,35,Wisconsin,76,339,70,13,Pass Protector - G,"https://ratings-images-prod.pulse.ea.com/madden-nfl-26/portraits/5582.png?im=FaceCrop,padding=0.7",https://drop-assets.ea.com/images/2YxvlDMaJsJwNQ4lS7qdCQ/d850f60dcbdcd71fb162eb55a46c7969/30.png,67,56,72,94,91,96,10,15,12,6,40,15,15,52,5,10,20,92,95,10,16,18,10,88,13,5,89,89,86,90,6,13,10,10,21,15,82,79,84,Default Stride Awkward,15,15,73,10,10,25,6,6,6,6,12,14,96,20,15
22051,Kyren,Williams,Halfback,HB,Los Angeles Rams,24,89,25,Notre Dame,69,194,23,3,Power Back - HB,"https://ratings-images-prod.pulse.ea.com/madden-nfl-26/portraits/2036.png?im=FaceCrop,padding=0.7",https://drop-assets.ea.com/images/wS8JnLBEBj9eq68rO1qTb/b7b5285ad842936bc21bb149eb8c31b8/24.png,90,83,78,89,79,97,88,36,28,91,91,63,72,85,55,10,36,47,86,88,15,19,79,45,22,63,89,59,41,37,26,27,10,22,45,60,47,38,32,Default,69,63,87,77,90,42,27,33,38,34,44,29,85,93,30
13084,Minkah,Fitzpatrick,Free Safety,FS,Miami Dolphins,12,89,28,Alabama,73,207,29,7,Zone - S,"https://ratings-images-prod.pulse.ea.com/madden-nfl-26/portraits/8887.png?im=FaceCrop,padding=0.7",https://drop-assets.ea.com/images/1rcCzp9f3OyZFzRBRFJVpC/8dc08dce09c05a748587769908cd710c/12.png,92,91,90,93,64,88,81,60,18,58,66,59,79,86,18,50,85,63,94,79,13,15,68,18,82,23,89,35,35,35,6,89,38,77,85,29,35,35,35,Short Stride Loose,28,62,91,69,55,77,6,6,6,6,15,16,88,47,88
21587,Nico,Collins,Wide Receiver,WR,Houston Texans,32,89,26,Michigan,76,215,12,4,Deep Threat - WR,"https://ratings-images-prod.pulse.ea.com/madden-nfl-26/portraits/1148.png?im=FaceCrop,padding=0.7",https://drop-assets.ea.com/images/4rWKgLRDGADEZ3pTbdrpW0/793a695de8ea5caf8f2e1b3973ae1b61/32.png,92,89,93,86,67,89,90,30,28,87,77,89,96,82,88,10,20,46,90,79,15,22,40,28,13,90,89,35,27,30,25,16,10,19,32,93,46,26,30,Long Stride Loose,88,88,94,74,73,26,20,25,30,33,39,26,83,64,19
14932,Quinyon,Mitchell,Cornerback,CB,Philadelphia Eagles,13,89,24,Toledo,72,195,27,1,Manto Man - CB,"https://ratings-images-prod.pulse.ea.com/madden-nfl-26/portraits/10184.png?im=FaceCrop,padding=0.7",https://drop-assets.ea.com/images/1Nt5pFCpjcBcADzHRbwfIk/ce90f9cb564aef7cc30cf1dd88c84150/13.png,94,90,90,91,66,90,77,49,28,66,75,72,78,89,23,30,70,55,92,75,19,21,66,29,87,26,89,26,14,13,19,89,25,80,75,44,25,19,21,Default Stride Loose,28,74,94,74,47,69,11,21,23,28,31,16,87,45,89
21002,A.J.,Terrell Jr,Cornerback,CB,Atlanta Falcons,14,88,26,Clemson,73,195,24,5,Zone - CB,"https://ratings-images-prod.pulse.ea.com/madden-nfl-26/portraits/610.png?im=FaceCrop,padding=0.7",https://drop-assets.ea.com/images/3NTxf2X9VWdF6aL91pHAVu/6002a1f3e761a58c3b00f0e08bdccf5f/14.png,91,89,85,92,60,91,67,50,15,58,58,55,70,90,20,43,56,50,91,75,12,19,40,19,87,26,88,35,35,35,6,92,28,95,76,38,35,35,35,Default Stride Loose,31,62,91,66,47,63,6,6,6,6,22,13,83,35,91
13507,Charvarius,Ward Sr,Cornerback,CB,Indianapolis Colts,10,88,29,Mid Tenn St.,73,196,7,7,Zone - CB,"https://ratings-images-prod.pulse.ea.com/madden-nfl-26/portraits/9951.png?im=FaceCrop,padding=0.7",https://drop-assets.ea.com/images/5yTvAS7xG5Z8qw65gMLzSU/037cfcd90e26ee06666a24d762791f65/10.png,86,85,87,92,65,95,66,46,33,63,61,55,73,84,21,47,54,56,88,79,12,15,42,16,88,28,88,23,35,35,21,94,41,92,78,39,35,35,35,Short Stride Loose,31,60,90,72,54,73,7,11,16,22,21,14,81,63,93
13128,Dallas,Goedert,Tight End,TE,Philadelphia Eagles,13,88,30,S. Dakota St.,77,256,88,7,Vertical Threat - TE,"https://ratings-images-prod.pulse.ea.com/madden-nfl-26/portraits/8901.png?im=FaceCrop,padding=0.7",https://drop-assets.ea.com/images/1Nt5pFCpjcBcADzHRbwfIk/ce90f9cb564aef7cc30cf1dd88c84150/13.png,86,82,85,90,78,92,81,30,15,76,73,84,88,73,70,10,28,61,88,76,15,19,20,50,10,74,88,61,60,58,5,15,10,10,35,81,74,73,68,Long Stride Loose,80,85,86,73,81,37,5,10,15,10,27,15,85,76,17
12622,Dion,Dawkins,Left Tackle,LT,Buffalo Bills,3,88,31,Temple,77,320,73,8,Pass Protector - OT,"https://ratings-images-prod.pulse.ea.com/madden-nfl-26/portraits/8529.png?im=FaceCrop,padding=0.7",https://drop-assets.ea.com/images/212FXcpkDUjs9ZJpZ038pM/676904f80719bc724267b7eb5609c6af/3.png,71,70,66,91,92,97,17,27,12,8,28,10,41,52,10,10,40,91,95,22,22,24,10,90,12,14,88,88,86,90,6,13,10,10,24,19,84,82,87,Default Stride Awkward,25,12,75,11,27,31,6,6,6,6,23,14,86,33,15
20475,Dre,Greenlaw,Mike Backer,MIKE,Denver Broncos,4,88,28,Arkansas,72,230,57,6,Field General - MLB,"https://ratings-images-prod.pulse.ea.com/madden-nfl-26/portraits/9480.png?im=FaceCrop,padding=0.7",https://drop-assets.ea.com/images/4AYKY9OcX1CYbyMFBnvM8/ac07a8ff525004f92014e3259708acdf/4.png,87,81,80,89,72,93,53,71,12,37,55,35,71,74,20,61,90,77,86,51,12,18,10,27,73,25,88,45,45,45,6,92,55,47,94,28,45,45,45,Default Stride Awkward,33,55,85,47,30,92,6,6,6,6,20,15,84,46,77
20437,Erik,McCoy,Center,C,New Orleans Saints,27,88,28,Texas AM,76,303,78,6,Pass Protector - C,"https://ratings-images-prod.pulse.ea.com/madden-nfl-26/portraits/9563.png?im=FaceCrop,padding=0.7",https://drop-assets.ea.com/images/5beev0Bk7MVWyDSbEqr75u/837fe770a82d43aa3028a13988d8baf3/27.png,77,62,76,88,89,92,10,23,12,9,30,10,30,58,5,12,22,86,87,10,21,22,10,91,11,5,88,88,89,87,6,28,15,10,25,12,88,90,86,Default Stride Awkward,10,12,74,10,10,35,6,6,6,6,22,15,88,20,13
22365,George,Pickens,Wide Receiver,WR,Dallas Cowboys,11,88,24,Georgia,75,200,3,3,Slot - WR,"https://ratings-images-prod.pulse.ea.com/madden-nfl-26/portraits/1888.png?im=FaceCrop,padding=0.7",https://drop-assets.ea.com/images/4fzYNoreZSo04KbSHo3Sqn/0855e78441c821f956abac278f04abb7/11.png,93,94,96,88,61,85,87,22,20,75,71,95,92,93,84,11,18,49,85,82,16,19,74,29,12,85,88,32,25,21,6,15,11,16,31,83,50,35,31,Default,88,98,91,80,46,24,6,10,15,10,28,15,81,37,17
21517,Greg,Rousseau,Left Edge,LEDG,Buffalo Bills,3,88,25,Miami,78,266,50,4,Run Stopper - DE,"https://ratings-images-prod.pulse.ea.com/madden-nfl-26/portraits/928.png?im=FaceCrop,padding=0.7",https://drop-assets.ea.com/images/212FXcpkDUjs9ZJpZ038pM/676904f80719bc724267b7eb5609c6af/3.png,90,82,83,89,83,92,49,87,12,29,48,40,51,68,21,82,83,83,90,42,19,20,9,29,35,26,88,44,44,46,6,90,87,31,89,31,44,45,44,Long Stride Loose,30,44,86,35,44,89,6,6,6,6,22,17,83,32,44
17540,Jared,Goff,Quarterback,QB,Detroit Lions,19,88,30,California,76,223,16,9,Field General - QB,"https://ratings-images-prod.pulse.ea.com/madden-nfl-26/portraits/8021.png?im=FaceCrop,padding=0.7",https://drop-assets.ea.com/images/7cuE4tZcli1uQyZbvXWMrd/a2df9decdab28170691ca6631dd62139/19.png,80,73,68,89,64,89,61,21,75,51,58,21,43,70,15,9,17,21,96,48,20,21,11,19,12,17,88,17,18,14,94,21,9,9,28,19,16,10,10,Default,27,24,74,44,34,27,82,94,95,85,90,85,93,34,18
14752,Jared,Verse,Left Edge,LEDG,Los Angeles Rams,24,88,24,Florida State,76,254,8,1,Power Rusher - DE,"https://ratings-images-prod.pulse.ea.com/madden-nfl-26/portraits/10279.png?im=FaceCrop,padding=0.7",https://drop-assets.ea.com/images/wS8JnLBEBj9eq68rO1qTb/b7b5285ad842936bc21bb149eb8c31b8/24.png,90,82,84,84,92,88,38,81,17,37,62,60,67,70,32,80,83,85,90,38,17,18,10,24,45,39,88,45,45,45,6,85,88,33,87,39,45,45,45,Default Stride Loose,44,61,89,32,36,81,5,6,7,6,17,14,86,42,49
12625,Joe,Mixon,Halfback,HB,Houston Texans,32,88,29,Oklahoma,73,220,28,8,Elusive Back - HB,"https://ratings-images-prod.pulse.ea.com/madden-nfl-26/portraits/9241.png?im=FaceCrop,padding=0.7",https://drop-assets.ea.com/images/4rWKgLRDGADEZ3pTbdrpW0/793a695de8ea5caf8f2e1b3973ae1b61/32.png,91,89,84,94,82,82,95,34,22,88,98,64,75,88,56,14,38,43,89,89,16,24,76,46,10,58,88,55,26,31,28,15,11,12,38,52,58,35,36,Default,65,72,92,81,88,37,29,33,38,36,46,17,91,85,20
12521,Jonathan,Allen,Defensive Tackle,DT,Minnesota Vikings,31,88,30,Alabama,75,300,93,8,Power Rusher - DT,"https://ratings-images-prod.pulse.ea.com/madden-nfl-26/portraits/8793.png?im=FaceCrop,padding=0.7",https://drop-assets.ea.com/images/bzuWJaOZo5LCC4SwdbVzx/f6dc0006f59641745e50721d0d8c9d38/31.png,76,69,74,81,93,88,25,84,12,10,40,25,35,52,2,74,81,91,92,28,8,9,10,18,24,3,88,45,45,45,6,88,88,16,86,12,45,45,45,Long Stride Default,10,30,73,30,34,95,6,6,6,6,21,17,85,28,29
20410,Josh,Hines-Allen,Right Edge,REDG,Jacksonville Jaguars,17,88,28,Kentucky,77,255,41,6,Smaller Speed Rusher - DE,"https://ratings-images-prod.pulse.ea.com/madden-nfl-26/portraits/9365.png?im=FaceCrop,padding=0.7",https://drop-assets.ea.com/images/4s3Xa9huMY7IrNAc9h1TDa/9eb764bbfbbb6a2f651e3d44cdcfa103/17.png,88,84,92,88,83,92,53,82,12,37,67,61,74,73,36,89,82,88,92,55,17,15,20,12,52,40,88,45,45,45,6,90,83,58,89,44,45,45,45,Default Stride Loose,48,60,88,48,52,86,6,6,6,6,24,10,91,51,62
1599,Kyle,Juszczyk,Fullback,FB,San Francisco 49ers,15,88,34,Harvard,74,235,44,12,Utility - FB,"https://ratings-images-prod.pulse.ea.com/madden-nfl-26/portraits/6869.png?im=FaceCrop,padding=0.7",https://drop-assets.ea.com/images/1SoIzWJtk28ygwNAPEMRnf/deaee9a60ace23f7eaeaf4275c2282b0/15.png,85,81,88,91,79,86,83,33,33,66,76,71,77,77,62,35,45,72,94,76,19,19,45,93,15,68,88,71,42,46,10,20,30,20,48,72,71,58,61,Default,76,73,86,72,85,45,10,15,20,10,35,25,87,85,20
2527,Leonard,Williams,Defensive Tackle,DT,Seattle Seahawks,28,88,31,USC,77,302,99,10,,"https://ratings-images-prod.pulse.ea.com/madden-nfl-26/portraits/7381.png?im=FaceCrop,padding=0.7",https://drop-assets.ea.com/images/2WrGCB8Atuo0aZ4MbstBrI/bbe9263ce111287adcef479efbc72160/28.png,76,70,73,84,90,97,38,88,12,15,58,29,42,58,4,73,82,90,93,44,17,18,10,18,25,8,88,45,45,45,6,95,86,20,85,15,45,45,45,Default Stride Awkward,15,25,78,34,50,87,6,6,6,6,35,14,85,49,33
28142,Nick,Folk,Kicker,K,NY Jets,18,88,40,Arizona,73,222,6,17,Accurate - KP,"https://ratings-images-prod.pulse.ea.com/madden-nfl-26/portraits/1128.png?im=FaceCrop,padding=0.7",https://drop-assets.ea.com/images/7M46e9acznPLjtJlC7FaWV/ef5cfc9e8306cbdae723a5f7e809b0fd/18.png,65,55,50,78,59,74,25,25,20,15,50,10,40,43,10,20,12,20,85,25,98,95,10,15,15,10,88,15,17,16,20,25,15,10,35,12,15,26,21,Default Stride Awkward,10,12,67,20,15,25,25,30,35,20,55,13,65,10,20
21488,Talanoa,Hufanga,Strong Safety,SS,Denver Broncos,4,88,25,USC,72,200,9,4,Run Support - S,"https://ratings-images-prod.pulse.ea.com/madden-nfl-26/portraits/1164.png?im=FaceCrop,padding=0.7",https://drop-assets.ea.com/images/4AYKY9OcX1CYbyMFBnvM8/ac07a8ff525004f92014e3259708acdf/4.png,87,85,85,90,58,91,67,64,36,46,61,63,76,79,26,52,89,63,84,67,18,21,44,33,79,31,88,35,35,35,35,93,45,67,90,39,35,35,35,Default Stride Loose,35,65,89,63,43,78,30,32,35,29,38,34,85,44,84
20962,Tee,Higgins,Wide Receiver,WR,Cincinnati Bengals,2,88,26,Clemson,76,219,5,5,Physical - WR,"https://ratings-images-prod.pulse.ea.com/madden-nfl-26/portraits/351.png?im=FaceCrop,padding=0.7",https://drop-assets.ea.com/images/5oemvWKqCFgBCkCI4h9A2U/0629c6d345fe01a14ba9f40554fd182e/2.png,88,85,97,89,71,94,83,34,27,78,76,89,97,82,80,10,26,44,85,79,13,17,65,31,19,82,88,34,18,20,15,16,10,16,40,91,45,31,30,Long Stride Default,84,95,91,74,77,33,27,31,37,25,28,22,84,62,27
22445,Tyler,Smith,Left Guard,LG,Dallas Cowboys,11,88,24,Tulsa,78,332,73,3,Power - G,"https://ratings-images-prod.pulse.ea.com/madden-nfl-26/portraits/1946.png?im=FaceCrop,padding=0.7",https://drop-assets.ea.com/images/4fzYNoreZSo04KbSHo3Sqn/0855e78441c821f956abac278f04abb7/11.png,80,59,69,90,97,85,15,20,10,9,39,15,35,59,5,10,32,92,94,10,18,20,10,88,10,10,88,84,83,86,6,20,10,10,25,12,88,88,88,Default Stride Awkward,15,15,72,10,30,30,6,6,6,8,24,6,89,25,12
22768,Zay,Flowers,Wide Receiver,WR,Baltimore Ravens,25,88,24,Boston College,69,182,4,2,,"https://ratings-images-prod.pulse.ea.com/madden-nfl-26/portraits/2140.png?im=FaceCrop,padding=0.7",https://drop-assets.ea.com/images/3zZnTQ4izXUrnVi3ryTBcm/a12a28ccd2af4c0a0930b58db73552a7/25.png,92,93,85,92,55,90,93,34,30,80,71,83,88,92,85,20,30,44,92,94,15,20,72,26,27,89,88,28,15,13,28,27,15,27,40,79,47,29,25,Short Stride Default,86,85,93,82,44,36,30,35,39,38,51,31,89,38,37
21234,Alex,Highsmith,Right Edge,REDG,Pittsburgh Steelers,29,87,28,Charlotte,76,242,56,5,Smaller Speed Rusher - DE,"https://ratings-images-prod.pulse.ea.com/madden-nfl-26/portraits/352.png?im=FaceCrop,padding=0.7",https://drop-assets.ea.com/images/4k4tkEjxICBzmTan96wMKZ/1d5d9145ace8a359ac5423c8c3e5e2d8/29.png,87,82,81,91,85,88,31,86,12,16,46,24,56,74,5,89,80,83,92,32,10,14,10,12,55,5,87,45,45,45,6,87,78,45,89,14,45,45,45,Long Stride Loose,10,27,85,27,32,88,6,6,6,6,24,10,88,32,63
23329,Brandon,Aubrey,Kicker,K,Dallas Cowboys,11,87,30,Notre Dame,75,200,17,3,Accurate - KP,"https://ratings-images-prod.pulse.ea.com/madden-nfl-26/portraits/10362.png?im=FaceCrop,padding=0.7",https://drop-assets.ea.com/images/4fzYNoreZSo04KbSHo3Sqn/0855e78441c821f956abac278f04abb7/11.png,77,74,72,82,49,72,31,15,15,15,28,15,30,62,12,10,29,21,88,34,97,99,10,17,15,14,87,17,13,14,15,13,10,10,40,15,15,12,12,Default Stride Awkward,15,15,82,30,10,28,21,26,31,21,37,16,76,10,18
13257,Brian,O'Neill,Right Tackle,RT,Minnesota Vikings,31,87,29,Pittsburgh,79,310,75,7,Pass Protector - OT,"https://ratings-images-prod.pulse.ea.com/madden-nfl-26/portraits/9010.png?im=FaceCrop,padding=0.7",https://drop-assets.ea.com/images/bzuWJaOZo5LCC4SwdbVzx/f6dc0006f59641745e50721d0d8c9d38/31.png,76,75,73,92,86,96,26,27,12,18,51,18,37,57,10,10,28,85,91,31,13,19,11,86,12,14,87,88,87,88,6,10,10,10,28,16,87,88,85,Long Stride Loose,18,15,76,24,32,29,6,6,6,6,18,16,93,36,13
22072,Chris,Olave,Wide Receiver,WR,New Orleans Saints,27,87,25,Ohio State,72,187,12,3,Deep Threat - WR,"https://ratings-images-prod.pulse.ea.com/madden-nfl-26/portraits/1870.png?im=FaceCrop,padding=0.7",https://drop-assets.ea.com/images/5beev0Bk7MVWyDSbEqr75u/837fe770a82d43aa3028a13988d8baf3/27.png,95,91,82,87,59,87,79,20,22,68,69,86,95,92,86,10,16,39,86,75,19,19,75,21,21,87,87,28,18,13,6,29,10,20,38,84,37,21,15,Default Stride Loose,86,87,93,72,42,17,6,10,15,10,25,19,85,32,29
13087,Courtland,Sutton,Wide Receiver,WR,Denver Broncos,4,87,29,SMU,76,216,14,7,Physical - WR,"https://ratings-images-prod.pulse.ea.com/madden-nfl-26/portraits/9072.png?im=FaceCrop,padding=0.7",https://drop-assets.ea.com/images/4AYKY9OcX1CYbyMFBnvM8/ac07a8ff525004f92014e3259708acdf/4.png,91,90,95,89,75,93,82,31,48,80,72,93,88,84,79,10,22,63,86,83,15,19,33,20,23,81,87,38,20,25,34,22,10,15,36,88,62,33,38,Long Stride Default,83,93,90,73,82,33,50,53,59,41,62,37,87,72,30
13159,D.J.,Reed Jr,Cornerback,CB,Detroit Lions,19,87,28,Kansas State,69,188,4,7,Zone - CB,"https://ratings-images-prod.pulse.ea.com/madden-nfl-26/portraits/9034.png?im=FaceCrop,padding=0.7",https://drop-assets.ea.com/images/7cuE4tZcli1uQyZbvXWMrd/a2df9decdab28170691ca6631dd62139/19.png,91,87,87,95,52,91,72,53,17,61,57,65,74,89,11,37,53,47,88,76,10,14,82,13,82,15,87,35,35,35,6,89,29,87,77,14,35,35,35,Long Stride Loose,21,64,90,70,42,71,5,10,15,6,22,12,75,29,89
22861,Darnell,Wright,Right Tackle,RT,Chicago Bears,1,87,24,Tennessee,78,335,58,2,Power - OT,"https://ratings-images-prod.pulse.ea.com/madden-nfl-26/portraits/2487.png?im=FaceCrop,padding=0.7",https://drop-assets.ea.com/images/6jaEsYrn1V45DziwibpsDk/ed66ad67e63f08a3a7c25ce951dbf5b9/1.png,75,56,72,85,96,92,35,52,12,27,35,23,38,51,11,45,59,94,93,23,14,16,10,84,10,15,87,85,83,86,5,45,57,10,51,15,88,90,87,Long Stride Awkward,21,36,72,17,27,48,5,5,5,5,11,10,90,32,15
22692,De'Von,Achane,Halfback,HB,Miami Dolphins,12,87,23,Texas AM,69,188,28,2,Elusive Back - HB,"https://ratings-images-prod.pulse.ea.com/madden-nfl-26/portraits/676.png?im=FaceCrop,padding=0.7",https://drop-assets.ea.com/images/1rcCzp9f3OyZFzRBRFJVpC/8dc08dce09c05a748587769908cd710c/12.png,96,91,82,84,68,79,86,28,33,85,93,54,76,91,57,10,23,37,90,92,13,18,81,33,13,61,87,48,24,30,28,20,10,14,39,56,32,29,23,Default,69,54,96,76,69,30,30,35,40,34,44,27,87,69,19
11079,DeMarcus,Lawrence,Left Edge,LEDG,Seattle Seahawks,28,87,33,Boise State,75,265,0,11,Run Stopper - DE,"https://ratings-images-prod.pulse.ea.com/madden-nfl-26/portraits/6487.png?im=FaceCrop,padding=0.7",https://drop-assets.ea.com/images/2WrGCB8Atuo0aZ4MbstBrI/bbe9263ce111287adcef479efbc72160/28.png,83,78,83,84,87,92,54,87,12,33,42,24,33,67,4,80,84,88,84,42,19,19,10,13,39,8,87,45,45,45,6,94,77,44,88,20,45,45,45,Default,15,25,83,32,42,86,6,6,6,6,25,14,95,45,50
11440,Harrison,Smith,Free Safety,FS,Minnesota Vikings,31,87,36,Notre Dame,74,211,22,13,Run Support - S,"https://ratings-images-prod.pulse.ea.com/madden-nfl-26/portraits/5485.png?im=FaceCrop,padding=0.7",https://drop-assets.ea.com/images/bzuWJaOZo5LCC4SwdbVzx/f6dc0006f59641745e50721d0d8c9d38/31.png,86,87,85,95,73,91,60,73,10,39,66,59,82,82,10,50,91,70,95,54,20,25,10,23,71,13,87,35,35,35,10,89,64,77,85,12,35,35,35,Default,15,73,87,61,35,79,10,10,10,10,25,23,84,61,84
22705,Jack,Campbell,Mike Backer,MIKE,Detroit Lions,19,87,25,Iowa,77,249,46,2,Field General - MLB,"https://ratings-images-prod.pulse.ea.com/madden-nfl-26/portraits/1907.png?im=FaceCrop,padding=0.7",https://drop-assets.ea.com/images/7cuE4tZcli1uQyZbvXWMrd/a2df9decdab28170691ca6631dd62139/19.png,90,87,89,90,76,87,57,79,12,52,58,64,69,77,7,57,87,76,92,46,18,16,14,35,69,12,87,45,45,45,6,87,64,66,91,19,45,45,45,Long Stride High and Tight,19,66,85,40,64,91,6,6,6,6,25,16,96,54,74
20915,Jordan,Love,Quarterback,QB,Green Bay Packers,20,87,26,Utah State,76,219,10,5,Field General - QB,"https://ratings-images-prod.pulse.ea.com/madden-nfl-26/portraits/433.png?im=FaceCrop,padding=0.7",https://drop-assets.ea.com/images/4ztQk5XogdkrJe6reVd3h8/16ecf8a0f4caf228c6e54ad0f8e17425/20.png,86,77,85,89,62,88,77,26,77,53,67,15,21,71,13,10,23,21,89,65,27,42,12,16,16,14,87,18,17,15,85,16,10,12,31,14,19,15,18,Long Stride Loose,15,16,84,49,61,26,89,90,90,89,92,87,89,51,20
14929,Kamari,Lassiter,Cornerback,CB,Houston Texans,32,87,22,Georgia,72,180,4,1,Zone - CB,"https://ratings-images-prod.pulse.ea.com/madden-nfl-26/portraits/10147.png?im=FaceCrop,padding=0.7",https://drop-assets.ea.com/images/4rWKgLRDGADEZ3pTbdrpW0/793a695de8ea5caf8f2e1b3973ae1b61/32.png,90,94,87,91,52,91,70,48,21,65,54,57,67,88,55,30,75,42,93,77,12,16,64,15,85,50,87,30,24,23,15,91,26,74,77,41,35,28,27,Default Stride Loose,49,62,92,72,35,75,6,11,16,14,35,11,79,27,89
21196,Kevin,Dotson,Right Guard,RG,Los Angeles Rams,24,87,28,UL Lafayette,76,321,69,5,Power - G,"https://ratings-images-prod.pulse.ea.com/madden-nfl-26/portraits/1423.png?im=FaceCrop,padding=0.7",https://drop-assets.ea.com/images/wS8JnLBEBj9eq68rO1qTb/b7b5285ad842936bc21bb149eb8c31b8/24.png,69,59,78,85,90,88,15,30,12,9,28,15,30,51,5,10,25,87,87,10,11,11,10,92,12,5,87,78,75,81,6,22,10,10,28,15,92,90,94,Default Stride Awkward,15,15,70,10,10,34,6,6,6,6,25,11,92,25,12
12544,Marlon,Humphrey,Cornerback,CB,Baltimore Ravens,25,87,29,Alabama,72,205,44,8,Zone - CB,"https://ratings-images-prod.pulse.ea.com/madden-nfl-26/portraits/8595.png?im=FaceCrop,padding=0.7",https://drop-assets.ea.com/images/3zZnTQ4izXUrnVi3ryTBcm/a12a28ccd2af4c0a0930b58db73552a7/25.png,92,85,85,97,74,93,68,61,16,56,62,56,78,88,10,51,77,62,88,76,25,30,62,20,82,11,87,35,35,35,6,94,37,96,79,15,35,35,35,Short Stride Default,15,68,91,61,36,70,6,6,6,6,22,10,79,29,85
21533,Sam,Cosmi,Right Guard,RG,Washington Commanders,26,87,26,Texas,78,309,76,4,Agile - G,"https://ratings-images-prod.pulse.ea.com/madden-nfl-26/portraits/824.png?im=FaceCrop,padding=0.7",https://drop-assets.ea.com/images/42h6FyIuthDAiH4cTWUXRH/bb952a9252013b5bfdf77ac3f4011601/RatingsteamcrestWashingtonCommanders256.png,81,72,74,90,87,88,19,21,12,9,52,55,54,57,10,19,33,84,88,11,19,18,9,95,11,12,87,82,84,80,6,25,20,10,31,39,90,93,86,Default Stride Awkward,38,50,77,12,18,35,6,6,6,6,22,15,84,22,14
22826,Sam,LaPorta,Tight End,TE,Detroit Lions,19,87,24,Iowa,75,245,87,2,Vertical Threat - TE,"https://ratings-images-prod.pulse.ea.com/madden-nfl-26/portraits/2286.png?im=FaceCrop,padding=0.7",https://drop-assets.ea.com/images/7cuE4tZcli1uQyZbvXWMrd/a2df9decdab28170691ca6631dd62139/19.png,88,85,84,87,74,88,76,57,25,72,74,86,94,77,68,43,61,65,89,77,12,17,37,53,31,78,87,60,56,59,23,43,48,29,61,78,62,57,62,Long Stride Default,82,84,86,71,76,59,17,22,25,21,31,22,90,72,36
2454,Stefon,Diggs,Wide Receiver,WR,New England Patriots,22,87,31,Maryland,72,191,8,10,Slot - WR,"https://ratings-images-prod.pulse.ea.com/madden-nfl-26/portraits/7085.png?im=FaceCrop,padding=0.7",https://drop-assets.ea.com/images/6Z0rWjQfkWgvj8K58X0WfA/aaaaa7e6c313bdfc5e624309ba6dfc4e/22.png,92,92,91,95,62,85,95,34,27,81,72,91,92,94,84,10,12,49,88,89,30,30,85,29,33,86,87,39,22,20,18,20,10,27,35,87,50,30,33,Default Stride Loose,88,91,88,87,64,27,18,23,27,27,46,20,92,42,38
21721,Travis,Etienne Jr,Halfback,HB,Jacksonville Jaguars,17,87,26,Clemson,70,215,1,4,Elusive Back - HB,"https://ratings-images-prod.pulse.ea.com/madden-nfl-26/portraits/1365.png?im=FaceCrop,padding=0.7",https://drop-assets.ea.com/images/4s3Xa9huMY7IrNAc9h1TDa/9eb764bbfbbb6a2f651e3d44cdcfa103/17.png,93,89,84,87,70,93,86,29,27,86,93,58,70,86,58,10,26,45,87,87,17,19,79,35,15,65,87,63,30,35,27,17,10,16,36,56,34,25,20,Default,70,61,93,79,74,34,34,40,46,38,49,31,88,77,19
22274,Tyler,Linderbaum,Center,C,Baltimore Ravens,25,87,25,Iowa,74,305,64,3,Agile - C,"https://ratings-images-prod.pulse.ea.com/madden-nfl-26/portraits/1810.png?im=FaceCrop,padding=0.7",https://drop-assets.ea.com/images/3zZnTQ4izXUrnVi3ryTBcm/a12a28ccd2af4c0a0930b58db73552a7/25.png,82,69,72,89,85,90,20,44,14,18,35,14,28,59,5,36,33,86,92,10,21,23,10,95,10,10,87,83,83,80,6,36,39,10,42,15,91,93,88,Default Stride Awkward,15,15,77,10,28,41,6,6,6,6,21,10,93,25,10
22434,Zach,Tom,Right Tackle,RT,Green Bay Packers,20,87,26,Wake Forest,76,304,50,3,Agile - OT,"https://ratings-images-prod.pulse.ea.com/madden-nfl-26/portraits/1988.png?im=FaceCrop,padding=0.7",https://drop-assets.ea.com/images/4ztQk5XogdkrJe6reVd3h8/16ecf8a0f4caf228c6e54ad0f8e17425/20.png,84,74,80,87,81,90,24,28,13,20,24,19,26,60,5,10,24,82,92,10,14,13,10,85,9,10,87,89,93,83,6,25,12,10,27,15,87,90,82,Default Stride Awkward,15,23,74,10,21,28,6,6,6,6,19,11,75,23,9
20419,Zach,Allen,Defensive Tackle,DT,Denver Broncos,4,87,28,Boston College,77,285,99,6,Power Rusher - DT,"https://ratings-images-prod.pulse.ea.com/madden-nfl-26/portraits/9366.png?im=FaceCrop,padding=0.7",https://drop-assets.ea.com/images/4AYKY9OcX1CYbyMFBnvM8/ac07a8ff525004f92014e3259708acdf/4.png,79,74,78,92,94,93,46,82,12,36,42,49,50,65,20,75,84,84,89,40,12,15,10,34,35,25,87,49,45,45,6,95,86,20,84,28,50,45,45,Long Stride Default,30,46,76,32,46,85,6,6,6,6,22,10,87,47,47
22132,Bernhard,Raimann,Left Tackle,LT,Indianapolis Colts,10,86,27,Central Michigan,78,303,79,3,Power - OT,"https://ratings-images-prod.pulse.ea.com/madden-nfl-26/portraits/1903.png?im=FaceCrop,padding=0.7",https://drop-assets.ea.com/images/5yTvAS7xG5Z8qw65gMLzSU/037cfcd90e26ee06666a24d762791f65/10.png,80,72,75,87,92,87,46,27,17,33,50,45,46,60,21,10,23,91,90,29,31,33,10,85,14,26,86,88,84,91,6,15,10,10,34,33,86,88,84,Long Stride Awkward,32,43,71,24,37,33,9,10,12,15,22,12,83,34,16
22326,Breece,Hall,Halfback,HB,NY Jets,18,86,24,Iowa State,71,220,20,3,Elusive Back - HB,"https://ratings-images-prod.pulse.ea.com/madden-nfl-26/portraits/1747.png?im=FaceCrop,padding=0.7",https://drop-assets.ea.com/images/7M46e9acznPLjtJlC7FaWV/ef5cfc9e8306cbdae723a5f7e809b0fd/18.png,92,90,92,90,76,86,85,29,31,85,86,59,70,91,51,10,24,44,89,91,15,18,42,45,13,60,86,56,33,37,19,17,10,16,33,58,43,35,32,Default,69,59,93,85,80,29,12,15,20,24,32,19,90,80,17
22383,Brock,Purdy,Quarterback,QB,San Francisco 49ers,15,86,25,Iowa State,73,220,13,3,Field General - QB,"https://ratings-images-prod.pulse.ea.com/madden-nfl-26/portraits/1899.png?im=FaceCrop,padding=0.7",https://drop-assets.ea.com/images/1SoIzWJtk28ygwNAPEMRnf/deaee9a60ace23f7eaeaf4275c2282b0/15.png,90,81,70,89,63,87,81,18,77,66,64,12,24,77,10,10,13,24,89,66,21,22,10,18,10,11,86,13,14,10,88,14,10,10,28,13,19,16,12,Default,12,15,78,65,30,25,88,93,92,88,87,91,85,51,12
14624,Bucky,Irving,Halfback,HB,Tampa Bay Buccaneers,6,86,23,Oregon,70,195,7,1,Elusive Back - HB,"https://ratings-images-prod.pulse.ea.com/madden-nfl-26/portraits/10113.png?im=FaceCrop,padding=0.7",https://drop-assets.ea.com/images/1L5Fn21WqZN9jcLucGYg4c/ce29db9b9b4775d4e8fc337bf5c65027/6.png,91,88,79,86,65,81,86,26,24,87,92,55,70,89,58,10,20,31,89,94,25,25,76,31,15,64,86,44,30,34,15,15,10,20,31,61,28,23,17,Default,69,59,89,91,70,31,15,20,31,25,39,24,91,68,20
2262,Chris,Boswell,Kicker,K,Pittsburgh Steelers,29,86,34,Rice,74,185,9,11,Accurate - KP,"https://ratings-images-prod.pulse.ea.com/madden-nfl-26/portraits/6353.png?im=FaceCrop,padding=0.7",https://drop-assets.ea.com/images/4k4tkEjxICBzmTan96wMKZ/1d5d9145ace8a359ac5423c8c3e5e2d8/29.png,72,62,65,84,44,74,10,10,12,12,45,10,29,53,10,10,15,10,89,10,95,96,10,10,12,10,86,16,10,10,10,10,10,10,10,12,24,10,10,Default,10,12,73,10,10,35,27,33,37,10,29,20,49,15,12
20583,Devin,Bush,Weak Backer,WILL,Cleveland Browns,5,86,27,Michigan,71,234,30,6,Pass Coverage - OLB,"https://ratings-images-prod.pulse.ea.com/madden-nfl-26/portraits/9408.png?im=FaceCrop,padding=0.7",https://drop-assets.ea.com/images/4qbblHggBjaH9o46kyGeFo/27cab0f308b54edbd469e9b20cb506f7/5.png,91,84,92,85,74,91,36,73,12,19,59,55,66,80,5,62,88,73,87,41,13,12,10,22,75,5,86,45,45,45,6,89,55,51,87,14,45,45,45,Default Stride Loose,13,57,87,34,36,88,6,6,6,6,14,10,86,33,76
22183,Devin,Lloyd,Mike Backer,MIKE,Jacksonville Jaguars,17,86,26,Utah,75,235,0,3,Field General - MLB,"https://ratings-images-prod.pulse.ea.com/madden-nfl-26/portraits/1812.png?im=FaceCrop,padding=0.7",https://drop-assets.ea.com/images/4s3Xa9huMY7IrNAc9h1TDa/9eb764bbfbbb6a2f651e3d44cdcfa103/17.png,91,79,84,93,78,88,68,78,18,53,65,58,75,75,28,66,86,86,92,61,38,41,10,24,69,30,86,45,45,45,6,90,58,51,92,33,45,45,45,Long Stride Default,32,70,86,46,46,87,10,12,16,15,28,10,88,47,74
20376,Elgton,Jenkins,Center,C,Green Bay Packers,20,86,29,Mississippi St.,77,311,74,6,Pass Protector - C,"https://ratings-images-prod.pulse.ea.com/madden-nfl-26/portraits/9524.png?im=FaceCrop,padding=0.7",https://drop-assets.ea.com/images/4ztQk5XogdkrJe6reVd3h8/16ecf8a0f4caf228c6e54ad0f8e17425/20.png,73,63,70,89,89,91,15,39,12,11,25,15,26,55,5,25,42,86,87,20,14,19,10,76,12,5,86,86,86,87,6,23,30,10,40,20,77,78,76,Default Stride Awkward,10,15,74,22,15,38,6,6,6,6,24,10,87,29,15
22376,Garrett,Wilson,Wide Receiver,WR,NY Jets,18,86,25,Ohio State,72,192,5,3,,"https://ratings-images-prod.pulse.ea.com/madden-nfl-26/portraits/2040.png?im=FaceCrop,padding=0.7",https://drop-assets.ea.com/images/7M46e9acznPLjtJlC7FaWV/ef5cfc9e8306cbdae723a5f7e809b0fd/18.png,93,93,88,92,56,86,91,20,19,82,69,86,88,93,86,10,19,41,94,91,13,17,78,23,14,84,86,30,21,18,6,17,10,14,30,78,44,23,19,Default,84,91,92,85,64,22,12,15,19,22,26,15,81,38,21
17643,Hunter,Henry,Tight End,TE,New England Patriots,22,86,30,Arkansas,77,250,85,9,Possession - TE,"https://ratings-images-prod.pulse.ea.com/madden-nfl-26/portraits/8046.png?im=FaceCrop,padding=0.7",https://drop-assets.ea.com/images/6Z0rWjQfkWgvj8K58X0WfA/aaaaa7e6c313bdfc5e624309ba6dfc4e/22.png,86,76,87,89,75,97,78,46,15,56,72,85,92,71,69,17,27,73,88,69,19,21,18,58,14,72,86,62,60,61,6,22,17,17,43,80,66,61,65,Default,76,87,85,54,69,42,6,10,15,10,28,10,93,78,21
22230,Jalen,Pitre,Cornerback,CB,Houston Texans,32,86,26,Baylor,71,198,5,3,Zone - CB,"https://ratings-images-prod.pulse.ea.com/madden-nfl-26/portraits/1893.png?im=FaceCrop,padding=0.7",https://drop-assets.ea.com/images/4rWKgLRDGADEZ3pTbdrpW0/793a695de8ea5caf8f2e1b3973ae1b61/32.png,93,91,84,92,62,90,72,54,15,52,63,64,77,89,20,48,82,55,90,72,32,34,45,25,84,25,86,35,35,35,11,93,38,66,83,24,35,35,35,Default,30,71,90,66,40,67,11,12,15,14,23,12,82,35,88
20703,Jamel,Dean,Cornerback,CB,Tampa Bay Buccaneers,6,86,28,Auburn,73,206,35,6,Manto Man - CB,"https://ratings-images-prod.pulse.ea.com/madden-nfl-26/portraits/9435.png?im=FaceCrop,padding=0.7",https://drop-assets.ea.com/images/1L5Fn21WqZN9jcLucGYg4c/ce29db9b9b4775d4e8fc337bf5c65027/6.png,91,85,90,91,66,89,71,52,13,53,59,59,71,85,22,39,68,54,85,71,28,33,65,19,86,25,86,35,35,35,6,87,30,88,78,26,35,35,35,Default,34,68,92,66,46,76,6,6,6,6,14,13,88,42,85
22228,Jaquan,Brisker,Strong Safety,SS,Chicago Bears,1,86,26,Penn State,73,204,9,3,Run Support - S,"https://ratings-images-prod.pulse.ea.com/madden-nfl-26/portraits/1194.png?im=FaceCrop,padding=0.7",https://drop-assets.ea.com/images/6jaEsYrn1V45DziwibpsDk/ed66ad67e63f08a3a7c25ce951dbf5b9/1.png,91,86,91,92,68,88,69,67,19,58,60,53,71,84,26,45,88,67,87,74,17,19,68,23,74,29,86,35,35,35,6,87,40,65,87,31,35,35,35,Long Stride Default,34,68,89,65,47,78,6,6,6,6,29,11,89,44,77
21760,Jaylen,Waddle,Wide Receiver,WR,Miami Dolphins,12,86,26,Alabama,70,182,17,4,,"https://ratings-images-prod.pulse.ea.com/madden-nfl-26/portraits/1374.png?im=FaceCrop,padding=0.7",https://drop-assets.ea.com/images/1rcCzp9f3OyZFzRBRFJVpC/8dc08dce09c05a748587769908cd710c/12.png,97,97,90,89,57,88,89,27,28,78,75,88,88,96,81,10,19,48,88,86,16,19,84,22,14,83,86,32,19,22,20,16,10,10,34,80,49,29,20,Default Stride Loose,80,83,97,80,55,29,19,23,29,29,34,25,85,41,19
10831,Joel,Bitonio,Left Guard,LG,Cleveland Browns,5,86,33,Nevada,76,320,75,11,Power - G,"https://ratings-images-prod.pulse.ea.com/madden-nfl-26/portraits/6346.png?im=FaceCrop,padding=0.7",https://drop-assets.ea.com/images/4qbblHggBjaH9o46kyGeFo/27cab0f308b54edbd469e9b20cb506f7/5.png,72,70,78,91,88,97,25,10,12,12,40,15,28,54,5,10,31,89,97,10,21,24,10,86,12,5,86,86,83,88,6,28,10,10,19,15,84,85,83,Long Stride High and Tight,15,15,73,10,10,30,6,6,6,6,16,16,95,28,20
17537,Joey,Bosa,Right Edge,REDG,Buffalo Bills,3,86,30,Ohio State,77,280,97,9,Run Stopper - DE,"https://ratings-images-prod.pulse.ea.com/madden-nfl-26/portraits/7902.png?im=FaceCrop,padding=0.7",https://drop-assets.ea.com/images/212FXcpkDUjs9ZJpZ038pM/676904f80719bc724267b7eb5609c6af/3.png,83,83,78,90,87,94,39,86,12,22,43,26,47,68,3,86,82,93,87,33,19,26,9,20,26,6,86,45,44,45,6,94,83,22,88,17,45,45,44,Default Stride Loose,13,29,79,28,43,82,6,6,6,6,28,14,87,36,37
12965,Kenny,Moore II,Cornerback,CB,Indianapolis Colts,10,86,30,Valdosta St.,69,190,23,8,Slot - CB,"https://ratings-images-prod.pulse.ea.com/madden-nfl-26/portraits/9244.png?im=FaceCrop,padding=0.7",https://drop-assets.ea.com/images/5yTvAS7xG5Z8qw65gMLzSU/037cfcd90e26ee06666a24d762791f65/10.png,91,88,94,93,61,91,48,57,11,51,53,61,78,89,21,56,64,61,91,75,24,21,72,18,83,28,86,25,35,35,6,91,43,76,79,40,25,35,35,Short Stride Default,38,78,91,71,48,72,6,6,6,6,17,10,77,53,85
12344,Khalil,Mack,Right Edge,REDG,Los Angeles Chargers,8,86,34,Buffalo,75,269,52,11,Run Stopper - DE,"https://ratings-images-prod.pulse.ea.com/madden-nfl-26/portraits/6504.png?im=FaceCrop,padding=0.7",https://drop-assets.ea.com/images/1nyokQ4GLHKjmDL5IorxkB/29267d1765bd7f27730a007e1b070ec4/8.png,86,85,94,87,87,82,55,90,12,31,61,54,62,70,5,82,88,93,92,54,22,24,10,28,50,5,86,45,45,45,6,84,85,48,86,28,45,45,45,Default Stride Loose,15,53,85,60,51,87,6,6,6,6,32,12,92,55,59
14644,Malik,Nabers,Wide Receiver,WR,NY Giants,16,86,22,LSU,72,199,1,1,,"https://ratings-images-prod.pulse.ea.com/madden-nfl-26/portraits/10192.png?im=FaceCrop,padding=0.7",https://drop-assets.ea.com/images/5hloGwLNaCrg2IBn0CoWVb/b5996a802009a4252f992182bd9acf85/16.png,92,92,96,93,63,81,92,27,27,81,76,86,87,94,87,11,20,42,90,87,25,28,72,20,12,86,86,23,10,10,6,19,11,15,31,78,38,14,19,Short Stride Default,85,92,96,82,60,30,6,10,15,10,31,15,88,52,18
21205,Mike,Onwenu,Right Guard,RG,New England Patriots,22,86,27,Michigan,75,350,71,5,Power - G,"https://ratings-images-prod.pulse.ea.com/madden-nfl-26/portraits/500.png?im=FaceCrop,padding=0.7",https://drop-assets.ea.com/images/6Z0rWjQfkWgvj8K58X0WfA/aaaaa7e6c313bdfc5e624309ba6dfc4e/22.png,54,55,65,86,91,91,24,22,12,20,29,24,26,47,6,12,30,91,91,18,16,15,10,81,17,10,86,87,83,89,8,22,22,15,31,15,85,82,87,Default Stride Awkward,18,18,66,20,30,25,6,6,6,6,21,12,85,29,22
21920,Milton,Williams,Defensive Tackle,DT,New England Patriots,22,86,26,LA. Tech,75,290,97,4,Power Rusher - DT,"https://ratings-images-prod.pulse.ea.com/madden-nfl-26/portraits/1588.png?im=FaceCrop,padding=0.7",https://drop-assets.ea.com/images/6Z0rWjQfkWgvj8K58X0WfA/aaaaa7e6c313bdfc5e624309ba6dfc4e/22.png,86,82,89,77,92,89,18,78,12,15,28,24,29,67,5,77,76,83,91,23,13,14,10,31,17,9,86,45,45,45,6,87,86,15,83,15,45,45,45,Long Stride Awkward,17,18,83,20,25,86,6,6,6,6,22,10,87,26,25
22409,Nate,Landman,Mike Backer,MIKE,Los Angeles Rams,24,86,26,Colorado,75,235,53,3,Run Stopper - MLB,"https://ratings-images-prod.pulse.ea.com/madden-nfl-26/portraits/1804.png?im=FaceCrop,padding=0.7",https://drop-assets.ea.com/images/wS8JnLBEBj9eq68rO1qTb/b7b5285ad842936bc21bb149eb8c31b8/24.png,86,79,87,87,76,92,53,78,34,45,58,47,55,72,39,40,88,88,84,50,13,12,10,35,67,42,86,45,45,45,25,94,45,54,89,44,45,45,45,Default,45,47,79,46,45,91,35,40,42,33,42,21,92,49,72
17545,Ronnie,Stanley,Left Tackle,LT,Baltimore Ravens,25,86,31,Notre Dame,78,315,79,9,Power - OT,"https://ratings-images-prod.pulse.ea.com/madden-nfl-26/portraits/8225.png?im=FaceCrop,padding=0.7",https://drop-assets.ea.com/images/3zZnTQ4izXUrnVi3ryTBcm/a12a28ccd2af4c0a0930b58db73552a7/25.png,67,68,71,87,92,97,15,27,12,8,32,22,24,56,6,14,42,89,79,22,17,20,9,86,11,9,86,87,87,85,6,18,18,9,29,22,86,84,88,Default Stride Awkward,19,20,71,13,19,31,6,6,6,6,22,16,76,27,13
21365,Aaron,Brewer,Center,C,Miami Dolphins,12,85,27,Texas State,73,295,55,5,Agile - C,"https://ratings-images-prod.pulse.ea.com/madden-nfl-26/portraits/1404.png?im=FaceCrop,padding=0.7",https://drop-assets.ea.com/images/1rcCzp9f3OyZFzRBRFJVpC/8dc08dce09c05a748587769908cd710c/12.png,63,62,72,84,85,94,25,18,12,12,22,15,31,54,15,15,15,74,86,25,12,14,10,91,15,15,85,82,82,79,6,15,22,10,24,25,91,93,87,Default Stride Awkward,27,20,74,30,31,31,6,6,6,6,12,13,84,27,17
14500,Caleb,Williams,Quarterback,QB,Chicago Bears,1,85,23,USC,73,214,18,1,Improviser - QB,"https://ratings-images-prod.pulse.ea.com/madden-nfl-26/portraits/10296.png?im=FaceCrop,padding=0.7",https://drop-assets.ea.com/images/6jaEsYrn1V45DziwibpsDk/ed66ad67e63f08a3a7c25ce951dbf5b9/1.png,93,85,83,91,65,81,86,23,94,69,59,15,41,82,15,10,19,20,94,73,23,20,28,15,13,15,85,12,19,25,81,27,10,10,31,15,17,15,24,Default,15,15,91,67,50,23,87,81,87,94,95,83,91,54,18
13171,Carlton,Davis III,Cornerback,CB,New England Patriots,22,85,28,Auburn,73,206,7,7,Manto Man - CB,"https://ratings-images-prod.pulse.ea.com/madden-nfl-26/portraits/8864.png?im=FaceCrop,padding=0.7",https://drop-assets.ea.com/images/6Z0rWjQfkWgvj8K58X0WfA/aaaaa7e6c313bdfc5e624309ba6dfc4e/22.png,90,81,82,89,65,90,56,52,15,48,65,63,76,81,10,35,68,55,86,67,15,19,40,19,85,15,85,35,35,35,6,91,24,93,75,23,35,35,35,Default Stride Loose,20,67,90,58,27,73,6,6,6,6,26,13,88,29,85
14923,Cooper,DeJean,Cornerback,CB,Philadelphia Eagles,13,85,22,Iowa,72,202,33,1,Zone - CB,"https://ratings-images-prod.pulse.ea.com/madden-nfl-26/portraits/10053.png?im=FaceCrop,padding=0.7",https://drop-assets.ea.com/images/1Nt5pFCpjcBcADzHRbwfIk/ce90f9cb564aef7cc30cf1dd88c84150/13.png,91,90,91,92,65,87,82,61,59,73,70,70,80,86,53,36,74,58,91,74,26,25,80,35,80,56,85,35,33,35,44,86,31,79,79,58,44,35,35,Default Stride Loose,57,71,92,71,55,76,47,53,57,58,55,38,88,58,85
20920,D'Andre,Swift,Halfback,HB,Chicago Bears,1,85,26,Georgia,68,204,4,5,Elusive Back - HB,"https://ratings-images-prod.pulse.ea.com/madden-nfl-26/portraits/599.png?im=FaceCrop,padding=0.7",https://drop-assets.ea.com/images/6jaEsYrn1V45DziwibpsDk/ed66ad67e63f08a3a7c25ce951dbf5b9/1.png,91,89,93,89,68,92,87,28,23,83,91,61,71,88,61,16,30,41,87,87,12,18,63,33,16,66,85,56,35,32,17,17,22,16,36,59,32,19,23,Short Stride Default,73,59,90,80,77,31,15,25,30,28,38,19,85,75,13
20353,D.K.,Metcalf,Wide Receiver,WR,Pittsburgh Steelers,29,85,27,Ole Miss,76,235,4,6,Physical - WR,"https://ratings-images-prod.pulse.ea.com/madden-nfl-26/portraits/9569.png?im=FaceCrop,padding=0.7",https://drop-assets.ea.com/images/4k4tkEjxICBzmTan96wMKZ/1d5d9145ace8a359ac5423c8c3e5e2d8/29.png,93,84,94,88,79,85,86,38,29,85,69,87,87,82,84,10,30,48,94,82,13,18,40,27,15,83,85,42,18,23,10,19,10,15,34,89,49,27,31,Long Stride Default,83,92,95,71,86,33,10,13,18,10,34,19,96,80,29
21101,Damien,Lewis,Left Guard,LG,Carolina Panthers,21,85,28,LSU,74,327,68,5,Power - G,"https://ratings-images-prod.pulse.ea.com/madden-nfl-26/portraits/431.png?im=FaceCrop,padding=0.7",https://drop-assets.ea.com/images/4Klf6KKhbnVi5RaARK1OiL/13a917c75c0fbc4edb0eb018cb757d8d/21.png,65,55,74,87,89,88,15,38,12,5,30,15,26,47,5,27,47,88,91,10,25,25,10,82,12,5,85,87,84,89,6,30,40,10,35,15,86,83,88,Default Stride Awkward,15,15,68,15,35,42,6,6,6,6,26,12,94,40,15
13184,DJ,Moore,Wide Receiver,WR,Chicago Bears,1,85,28,Maryland,72,213,2,7,,"https://ratings-images-prod.pulse.ea.com/madden-nfl-26/portraits/8995.png?im=FaceCrop,padding=0.7",https://drop-assets.ea.com/images/6jaEsYrn1V45DziwibpsDk/ed66ad67e63f08a3a7c25ce951dbf5b9/1.png,92,93,95,93,66,83,96,22,23,86,73,89,91,88,80,10,18,41,95,92,13,18,80,20,18,81,85,30,25,22,15,22,10,29,36,85,53,21,27,Short Stride Loose,81,91,91,79,82,30,20,27,33,23,43,22,92,70,24
13468,Foyesade,Oluokun,Weak Backer,WILL,Jacksonville Jaguars,17,85,30,Yale,74,230,23,7,Pass Coverage - OLB,"https://ratings-images-prod.pulse.ea.com/madden-nfl-26/portraits/9347.png?im=FaceCrop,padding=0.7",https://drop-assets.ea.com/images/4s3Xa9huMY7IrNAc9h1TDa/9eb764bbfbbb6a2f651e3d44cdcfa103/17.png,87,84,88,94,70,89,41,74,15,26,62,49,73,78,10,49,87,81,89,42,14,20,40,17,68,10,85,35,35,35,6,88,56,63,94,15,35,35,35,Default Stride Loose,20,47,87,32,36,90,10,10,15,6,28,10,86,34,76
12835,Grover,Stewart,Defensive Tackle,DT,Indianapolis Colts,10,85,31,Albany St.,76,315,90,8,,"https://ratings-images-prod.pulse.ea.com/madden-nfl-26/portraits/9293.png?im=FaceCrop,padding=0.7",https://drop-assets.ea.com/images/5yTvAS7xG5Z8qw65gMLzSU/037cfcd90e26ee06666a24d762791f65/10.png,72,58,66,82,91,88,25,88,12,12,26,22,30,49,3,62,75,88,93,20,15,15,10,36,22,5,85,45,45,45,6,91,76,10,84,12,45,45,45,Default Stride Awkward,13,17,73,16,29,87,6,6,6,6,19,10,92,34,35
22375,Jameson,Williams,Wide Receiver,WR,Detroit Lions,19,85,24,Alabama,74,189,1,3,,"https://ratings-images-prod.pulse.ea.com/madden-nfl-26/portraits/2033.png?im=FaceCrop,padding=0.7",https://drop-assets.ea.com/images/7cuE4tZcli1uQyZbvXWMrd/a2df9decdab28170691ca6631dd62139/19.png,96,95,82,81,63,84,93,25,21,76,68,77,82,94,83,10,22,42,91,87,17,18,82,23,15,85,85,25,22,19,13,16,10,14,33,75,45,25,20,Short Stride Loose,80,80,98,79,52,26,6,10,15,17,31,18,86,44,22
21581,Javonte,Williams,Halfback,HB,Dallas Cowboys,11,85,25,North Carolina,70,220,33,4,Power Back - HB,"https://ratings-images-prod.pulse.ea.com/madden-nfl-26/portraits/1118.png?im=FaceCrop,padding=0.7",https://drop-assets.ea.com/images/4fzYNoreZSo04KbSHo3Sqn/0855e78441c821f956abac278f04abb7/11.png,90,84,87,88,80,86,90,31,26,90,91,51,69,86,53,10,30,52,88,84,14,18,42,52,15,57,85,63,33,37,13,15,10,17,38,49,52,38,43,Default,65,53,88,75,84,35,10,10,10,18,32,15,88,94,20
14694,Joe,Alt,Left Tackle,LT,Los Angeles Chargers,8,85,22,Notre Dame,80,322,76,1,Power - OT,"https://ratings-images-prod.pulse.ea.com/madden-nfl-26/portraits/9998.png?im=FaceCrop,padding=0.7",https://drop-assets.ea.com/images/1nyokQ4GLHKjmDL5IorxkB/29267d1765bd7f27730a007e1b070ec4/8.png,77,72,70,88,89,88,45,35,49,36,59,54,57,63,25,36,45,87,98,39,14,15,15,87,15,35,85,88,85,89,31,32,34,14,24,47,85,85,85,Long Stride Awkward,42,56,71,40,57,44,38,43,45,35,54,31,95,48,13
22706,Joey,Porter,Cornerback,CB,Pittsburgh Steelers,29,85,25,Penn State,74,193,24,2,Manto Man - CB,"https://ratings-images-prod.pulse.ea.com/madden-nfl-26/portraits/2358.png?im=FaceCrop,padding=0.7",https://drop-assets.ea.com/images/4k4tkEjxICBzmTan96wMKZ/1d5d9145ace8a359ac5423c8c3e5e2d8/29.png,94,89,89,90,67,86,69,58,10,66,60,54,60,84,15,33,78,53,92,71,12,15,56,11,86,22,85,35,35,35,6,84,40,90,77,22,35,35,35,Long Stride Loose,29,62,90,63,55,65,10,11,15,6,26,11,91,52,80
21131,Jonathan,Greenard,Left Edge,LEDG,Minnesota Vikings,31,85,28,Florida,75,263,58,5,Smaller Speed Rusher - DE,"https://ratings-images-prod.pulse.ea.com/madden-nfl-26/portraits/305.png?im=FaceCrop,padding=0.7",https://drop-assets.ea.com/images/bzuWJaOZo5LCC4SwdbVzx/f6dc0006f59641745e50721d0d8c9d38/31.png,88,82,75,80,81,89,48,83,16,24,56,47,63,73,19,87,81,86,85,47,18,21,20,27,42,21,85,45,45,45,6,88,76,44,85,29,45,45,45,Long Stride Bread Loaf,31,47,86,43,44,83,6,6,6,6,23,11,82,32,52
13259,Josh,Sweat,Right Edge,REDG,Arizona Cardinals,7,85,28,Florida State,77,265,10,7,Smaller Speed Rusher - DE,"https://ratings-images-prod.pulse.ea.com/madden-nfl-26/portraits/9073.png?im=FaceCrop,padding=0.7",https://drop-assets.ea.com/images/5NdzvrqrP3clJDBL6kdTmu/1f61914ff14c6f4be0240d71e622f9c6/7.png,89,83,90,81,81,88,35,81,12,25,47,28,50,70,4,84,78,89,91,35,12,19,10,18,37,8,85,45,45,45,6,86,77,28,84,16,45,45,45,Long Stride Loose,15,30,85,26,42,88,6,6,6,6,20,18,84,27,49
20602,Julian,Love,Free Safety,FS,Seattle Seahawks,28,85,27,Notre Dame,71,195,20,6,Zone - S,"https://ratings-images-prod.pulse.ea.com/madden-nfl-26/portraits/9558.png?im=FaceCrop,padding=0.7",https://drop-assets.ea.com/images/2WrGCB8Atuo0aZ4MbstBrI/bbe9263ce111287adcef479efbc72160/28.png,88,88,86,94,62,89,73,56,14,60,65,58,77,86,22,33,71,48,93,77,14,19,70,17,75,30,85,35,35,35,6,89,29,73,84,37,35,35,35,Default,38,63,90,68,32,75,6,6,6,6,29,12,85,32,83
13167,Justin,Reid,Free Safety,FS,New Orleans Saints,27,85,28,Stanford,73,207,21,7,Run Support - S,"https://ratings-images-prod.pulse.ea.com/madden-nfl-26/portraits/9035.png?im=FaceCrop,padding=0.7",https://drop-assets.ea.com/images/5beev0Bk7MVWyDSbEqr75u/837fe770a82d43aa3028a13988d8baf3/27.png,91,90,87,93,66,86,57,62,13,24,63,63,73,86,10,46,85,66,90,71,78,93,55,20,73,10,85,35,35,35,15,86,39,71,86,22,35,35,35,Short Stride Loose,20,61,91,61,47,76,10,10,15,15,26,16,87,31,77
22933,Kobie,Turner,Defensive Tackle,DT,Los Angeles Rams,24,85,26,Wake Forest,74,288,91,2,,"https://ratings-images-prod.pulse.ea.com/madden-nfl-26/portraits/5178.png?im=FaceCrop,padding=0.7",https://drop-assets.ea.com/images/wS8JnLBEBj9eq68rO1qTb/b7b5285ad842936bc21bb149eb8c31b8/24.png,82,80,72,84,89,90,46,87,12,35,34,24,43,64,5,78,87,77,90,37,15,15,10,55,27,9,85,49,45,52,7,92,86,15,82,15,55,50,50,Default Stride Awkward,17,31,74,33,35,81,6,7,8,7,24,10,91,44,34
21642,Landon,Dickerson,Left Guard,LG,Philadelphia Eagles,13,85,26,Alabama,78,332,69,4,Power - G,"https://ratings-images-prod.pulse.ea.com/madden-nfl-26/portraits/822.png?im=FaceCrop,padding=0.7",https://drop-assets.ea.com/images/1Nt5pFCpjcBcADzHRbwfIk/ce90f9cb564aef7cc30cf1dd88c84150/13.png,65,67,68,88,93,85,15,39,12,7,28,14,31,47,7,10,40,91,85,11,12,12,10,87,6,6,85,82,79,85,6,32,10,10,21,16,84,82,86,Default Stride Awkward,12,17,67,10,24,36,6,6,6,6,24,11,94,27,10
11306,Lavonte,David,Mike Backer,MIKE,Tampa Bay Buccaneers,6,85,35,Nebraska,73,233,54,13,Field General - MLB,"https://ratings-images-prod.pulse.ea.com/madden-nfl-26/portraits/5133.png?im=FaceCrop,padding=0.7",https://drop-assets.ea.com/images/1L5Fn21WqZN9jcLucGYg4c/ce29db9b9b4775d4e8fc337bf5c65027/6.png,86,83,87,95,76,97,35,79,12,10,60,15,76,76,5,61,85,88,93,35,12,14,10,28,65,5,85,45,45,45,6,94,55,59,91,25,45,45,45,Default Stride Awkward,15,50,86,25,39,84,6,6,6,6,15,14,89,26,70
13391,Michael,Dickson,Punter,P,Seattle Seahawks,28,85,29,Texas,74,208,4,7,Accurate - KP,"https://ratings-images-prod.pulse.ea.com/madden-nfl-26/portraits/8870.png?im=FaceCrop,padding=0.7",https://drop-assets.ea.com/images/2WrGCB8Atuo0aZ4MbstBrI/bbe9263ce111287adcef479efbc72160/28.png,74,65,31,86,47,71,19,28,15,12,38,15,26,54,15,10,17,16,90,24,96,96,10,16,11,15,85,17,17,17,18,17,10,10,38,15,16,16,16,Default Stride Loose,15,15,77,16,10,30,18,24,29,22,36,20,72,12,16
15359,Nick,Emmanwori,Strong Safety,SS,Seattle Seahawks,28,85,21,South Carolina,75,220,3,0,Run Support - S,"https://ratings-images-prod.pulse.ea.com/madden-nfl-26/portraits/10543.png?im=FaceCrop,padding=0.7",https://drop-assets.ea.com/images/2WrGCB8Atuo0aZ4MbstBrI/bbe9263ce111287adcef479efbc72160/28.png,93,83,96,92,70,87,70,68,15,59,65,60,74,81,30,44,82,61,91,70,18,21,43,25,73,34,85,35,35,35,6,85,44,74,85,37,35,35,35,Default Stride Loose,39,65,93,62,48,77,6,6,6,6,25,12,91,51,79
22699,Paris,Johnson Jr,Left Tackle,LT,Arizona Cardinals,7,85,24,Ohio State,78,313,70,2,Pass Protector - OT,"https://ratings-images-prod.pulse.ea.com/madden-nfl-26/portraits/2239.png?im=FaceCrop,padding=0.7",https://drop-assets.ea.com/images/5NdzvrqrP3clJDBL6kdTmu/1f61914ff14c6f4be0240d71e622f9c6/7.png,80,75,79,87,89,85,15,46,12,15,35,26,32,58,10,40,41,89,93,10,26,30,10,88,10,12,85,89,87,89,6,35,44,10,35,13,83,85,80,Long Stride Awkward,21,23,73,10,21,40,6,6,6,6,22,10,87,25,12
22765,Rashee,Rice,Wide Receiver,WR,Kansas City Chiefs,9,85,25,SMU,74,203,4,2,Slot - WR,"https://ratings-images-prod.pulse.ea.com/madden-nfl-26/portraits/2366.png?im=FaceCrop,padding=0.7",https://drop-assets.ea.com/images/3g9AewmTPjE4A7yc2tobiZ/20b6502896df3893414233cb5fe1b803/9.png,92,86,92,89,71,91,88,32,25,80,72,82,91,88,80,10,28,50,90,80,20,25,40,32,11,88,85,37,29,30,10,15,10,10,32,86,55,27,32,Long Stride Default,89,84,90,78,69,32,15,20,30,15,47,18,88,62,16
13875,Robert,Spillane,Mike Backer,MIKE,New England Patriots,22,85,29,W. Michigan,73,229,14,7,Field General - MLB,"https://ratings-images-prod.pulse.ea.com/madden-nfl-26/portraits/9926.png?im=FaceCrop,padding=0.7",https://drop-assets.ea.com/images/6Z0rWjQfkWgvj8K58X0WfA/aaaaa7e6c313bdfc5e624309ba6dfc4e/22.png,86,77,79,91,71,93,43,73,12,31,60,42,74,72,5,50,83,79,88,46,12,18,10,16,68,5,85,45,45,45,6,95,56,46,89,12,45,45,45,Default Stride Loose,15,33,87,38,40,88,6,6,6,6,21,10,90,45,75
13097,Sam,Darnold,Quarterback,QB,Seattle Seahawks,28,85,28,USC,75,225,14,7,Field General - QB,"https://ratings-images-prod.pulse.ea.com/madden-nfl-26/portraits/8861.png?im=FaceCrop,padding=0.7",https://drop-assets.ea.com/images/2WrGCB8Atuo0aZ4MbstBrI/bbe9263ce111287adcef479efbc72160/28.png,82,80,67,86,60,82,81,31,72,58,57,16,37,77,11,10,28,22,90,66,14,18,10,19,24,13,85,19,19,14,85,20,10,20,39,12,25,10,15,Default,14,44,81,52,46,36,96,89,91,90,88,90,91,44,35
21649,Spencer,Brown,Right Tackle,RT,Buffalo Bills,3,85,27,Northern Iowa,80,311,79,4,Power - OT,"https://ratings-images-prod.pulse.ea.com/madden-nfl-26/portraits/728.png?im=FaceCrop,padding=0.7",https://drop-assets.ea.com/images/212FXcpkDUjs9ZJpZ038pM/676904f80719bc724267b7eb5609c6af/3.png,80,75,77,86,91,85,27,34,12,24,50,49,55,57,5,38,45,91,89,10,25,25,10,89,12,14,85,80,78,83,6,33,49,10,51,23,88,87,89,Long Stride Awkward,33,49,74,10,30,42,6,6,6,6,23,10,85,35,15
22828,Tucker,Kraft,Tight End,TE,Green Bay Packers,20,85,24,S. Dakota St.,77,259,85,2,Vertical Threat - TE,"https://ratings-images-prod.pulse.ea.com/madden-nfl-26/portraits/2279.png?im=FaceCrop,padding=0.7",https://drop-assets.ea.com/images/4ztQk5XogdkrJe6reVd3h8/16ecf8a0f4caf228c6e54ad0f8e17425/20.png,89,82,82,86,76,90,89,49,41,77,72,77,91,76,67,41,52,68,84,72,18,29,10,59,26,74,85,62,58,62,44,37,35,27,53,72,63,59,63,Long Stride Default,79,78,88,64,75,53,35,39,44,43,52,38,82,75,35
14706,Zach,Frazier,Center,C,Pittsburgh Steelers,29,85,24,West Virginia,75,310,54,1,Agile - C,"https://ratings-images-prod.pulse.ea.com/madden-nfl-26/portraits/10078.png?im=FaceCrop,padding=0.7",https://drop-assets.ea.com/images/4k4tkEjxICBzmTan96wMKZ/1d5d9145ace8a359ac5423c8c3e5e2d8/29.png,69,56,71,87,88,90,17,23,5,9,30,13,30,54,5,12,33,86,88,10,14,22,10,92,8,9,85,87,87,86,6,32,15,8,27,12,88,89,86,Default Stride Awkward,10,11,64,10,22,31,5,6,7,5,22,15,97,30,9
22085,Alec,Pierce,Wide Receiver,WR,Indianapolis Colts,10,84,25,Cincinnati,75,211,14,3,Deep Threat - WR,"https://ratings-images-prod.pulse.ea.com/madden-nfl-26/portraits/1890.png?im=FaceCrop,padding=0.7",https://drop-assets.ea.com/images/5yTvAS7xG5Z8qw65gMLzSU/037cfcd90e26ee06666a24d762791f65/10.png,94,79,92,83,67,88,75,29,20,70,75,85,93,83,86,10,24,45,87,73,16,19,65,26,23,83,84,35,28,24,15,26,10,20,35,84,41,29,22,Long Stride Default,80,85,93,68,50,29,10,10,15,15,26,19,84,40,27
20881,Alex,Singleton,Weak Backer,WILL,Denver Broncos,4,84,31,Montana State,74,240,49,7,Run Stopper - OLB,"https://ratings-images-prod.pulse.ea.com/madden-nfl-26/portraits/573.png?im=FaceCrop,padding=0.7",https://drop-assets.ea.com/images/4AYKY9OcX1CYbyMFBnvM8/ac07a8ff525004f92014e3259708acdf/4.png,86,78,76,90,72,92,34,76,12,33,55,40,63,71,5,55,82,82,90,36,15,19,10,26,56,5,84,45,45,45,6,91,64,42,92,10,45,45,45,Default Stride Loose,15,45,85,31,28,93,6,6,6,6,20,12,99,36,68
13117,Baker,Mayfield,Quarterback,QB,Tampa Bay Buccaneers,6,84,30,Oklahoma,73,215,6,7,Field General - QB,"https://ratings-images-prod.pulse.ea.com/madden-nfl-26/portraits/8982.png?im=FaceCrop,padding=0.7",https://drop-assets.ea.com/images/1L5Fn21WqZN9jcLucGYg4c/ce29db9b9b4775d4e8fc337bf5c65027/6.png,85,82,73,96,69,84,84,28,82,78,61,23,64,78,13,10,25,32,95,75,16,20,10,26,10,17,84,16,10,12,88,15,10,10,33,15,29,10,15,Default Stride Loose,28,61,86,67,69,32,85,84,91,86,95,87,98,71,12
20425,Bobby,Okereke,Mike Backer,MIKE,NY Giants,16,84,29,Stanford,73,235,58,6,Field General - MLB,"https://ratings-images-prod.pulse.ea.com/madden-nfl-26/portraits/9588.png?im=FaceCrop,padding=0.7",https://drop-assets.ea.com/images/5hloGwLNaCrg2IBn0CoWVb/b5996a802009a4252f992182bd9acf85/16.png,88,81,81,94,73,84,31,73,12,19,47,25,70,76,5,57,81,75,91,44,14,17,10,13,73,5,84,45,45,45,6,85,63,50,93,20,45,45,45,Default Stride Loose,15,41,88,39,33,88,6,6,6,6,25,15,85,37,76
21069,Brandon,Aiyuk,Wide Receiver,WR,San Francisco 49ers,15,84,27,Arizona St.,72,200,11,5,Slot - WR,"https://ratings-images-prod.pulse.ea.com/madden-nfl-26/portraits/71.png?im=FaceCrop,padding=0.7",https://drop-assets.ea.com/images/1SoIzWJtk28ygwNAPEMRnf/deaee9a60ace23f7eaeaf4275c2282b0/15.png,92,92,95,89,65,81,89,50,28,81,72,88,90,89,82,34,50,45,92,86,13,19,79,29,48,84,84,36,14,19,10,38,29,43,58,85,45,29,25,Default Stride Loose,85,89,91,82,70,49,15,20,25,24,33,23,87,62,53
14758,Byron,Murphy II,Defensive Tackle,DT,Seattle Seahawks,28,84,22,Texas,73,308,91,1,,"https://ratings-images-prod.pulse.ea.com/madden-nfl-26/portraits/10189.png?im=FaceCrop,padding=0.7",https://drop-assets.ea.com/images/2WrGCB8Atuo0aZ4MbstBrI/bbe9263ce111287adcef479efbc72160/28.png,81,67,80,78,90,87,53,82,12,38,42,22,46,64,20,78,82,87,90,45,18,20,10,26,25,23,84,45,45,45,6,86,83,29,84,28,45,45,45,Default Stride Awkward,29,25,77,41,48,89,6,6,6,6,25,10,88,53,34
20599,Byron,Murphy Jr,Cornerback,CB,Minnesota Vikings,31,84,27,Washington,71,190,7,6,Zone - CB,"https://ratings-images-prod.pulse.ea.com/madden-nfl-26/portraits/9582.png?im=FaceCrop,padding=0.7",https://drop-assets.ea.com/images/bzuWJaOZo5LCC4SwdbVzx/f6dc0006f59641745e50721d0d8c9d38/31.png,93,89,87,92,60,86,67,48,10,56,61,63,78,92,26,32,76,54,91,75,11,10,70,15,79,33,84,10,35,35,6,87,26,81,79,39,18,35,35,Short Stride Loose,43,66,92,65,34,59,6,6,6,6,25,10,81,30,85
22938,Byron,Young,Right Edge,REDG,Los Angeles Rams,24,84,27,Tennessee,74,248,0,2,Smaller Speed Rusher - DE,"https://ratings-images-prod.pulse.ea.com/madden-nfl-26/portraits/2491.png?im=FaceCrop,padding=0.7",https://drop-assets.ea.com/images/wS8JnLBEBj9eq68rO1qTb/b7b5285ad842936bc21bb149eb8c31b8/24.png,93,77,90,84,74,86,60,78,14,54,61,46,53,65,29,80,83,71,90,56,11,13,45,35,47,34,84,40,40,40,6,88,85,47,87,25,45,45,45,Default Stride Loose,41,47,92,49,53,87,6,6,6,6,25,9,80,55,54
21447,Camryn,Bynum,Strong Safety,SS,Indianapolis Colts,10,84,27,California,72,200,0,4,Run Support - S,"https://ratings-images-prod.pulse.ea.com/madden-nfl-26/portraits/1158.png?im=FaceCrop,padding=0.7",https://drop-assets.ea.com/images/5yTvAS7xG5Z8qw65gMLzSU/037cfcd90e26ee06666a24d762791f65/10.png,89,83,82,92,66,85,72,57,15,43,59,55,74,87,33,42,73,60,91,72,11,10,52,20,75,35,84,35,35,35,6,86,36,72,88,46,35,35,35,Default Stride Loose,41,66,86,67,29,82,6,6,6,6,24,10,85,28,81
15117,Colston,Loveland,Tight End,TE,Chicago Bears,1,84,21,Michigan,78,241,84,0,Vertical Threat - TE,"https://ratings-images-prod.pulse.ea.com/madden-nfl-26/portraits/10639.png?im=FaceCrop,padding=0.7",https://drop-assets.ea.com/images/6jaEsYrn1V45DziwibpsDk/ed66ad67e63f08a3a7c25ce951dbf5b9/1.png,90,82,85,84,78,85,75,36,16,70,72,84,93,72,70,41,43,68,88,63,31,23,25,59,35,71,84,58,57,57,26,36,35,21,41,75,61,60,58,Long Stride High and Tight,76,86,86,55,69,38,10,27,15,23,23,34,93,70,36
12558,Cooper,Kupp,Wide Receiver,WR,Seattle Seahawks,28,84,32,Eastern Wash.,74,208,10,8,,"https://ratings-images-prod.pulse.ea.com/madden-nfl-26/portraits/8626.png?im=FaceCrop,padding=0.7",https://drop-assets.ea.com/images/2WrGCB8Atuo0aZ4MbstBrI/bbe9263ce111287adcef479efbc72160/28.png,91,92,82,96,66,85,95,28,22,80,76,87,92,91,81,10,26,56,89,88,20,22,84,34,15,85,84,46,34,39,37,22,10,10,31,86,63,28,32,Default,84,86,89,86,78,31,31,36,42,41,60,29,88,55,26
17746,D.J.,Reader,Defensive Tackle,DT,Detroit Lions,19,84,31,Clemson,75,335,98,9,,"https://ratings-images-prod.pulse.ea.com/madden-nfl-26/portraits/8187.png?im=FaceCrop,padding=0.7",https://drop-assets.ea.com/images/7cuE4tZcli1uQyZbvXWMrd/a2df9decdab28170691ca6631dd62139/19.png,62,58,73,82,95,89,18,85,12,10,30,14,29,54,3,64,80,88,82,16,17,17,9,35,18,5,84,44,45,44,6,91,77,13,87,15,45,45,46,Default Stride Loose,13,16,70,17,25,86,6,6,6,6,24,18,84,29,26
13104,Da'Ron,Payne,Defensive Tackle,DT,Washington Commanders,26,84,28,Alabama,75,320,94,7,,"https://ratings-images-prod.pulse.ea.com/madden-nfl-26/portraits/9016.png?im=FaceCrop,padding=0.7",https://drop-assets.ea.com/images/42h6FyIuthDAiH4cTWUXRH/bb952a9252013b5bfdf77ac3f4011601/RatingsteamcrestWashingtonCommanders256.png,81,63,71,83,95,86,37,85,12,32,46,23,46,55,3,75,77,90,97,27,14,17,10,34,23,7,84,45,45,45,6,88,80,13,82,25,45,45,45,Long Stride Loose,15,20,77,23,39,81,6,6,6,6,26,17,92,43,29
13435,Dalton,Schultz,Tight End,TE,Houston Texans,32,84,29,Stanford,77,244,86,7,Possession - TE,"https://ratings-images-prod.pulse.ea.com/madden-nfl-26/portraits/9050.png?im=FaceCrop,padding=0.7",https://drop-assets.ea.com/images/4rWKgLRDGADEZ3pTbdrpW0/793a695de8ea5caf8f2e1b3973ae1b61/32.png,84,79,79,93,76,89,76,31,12,63,72,84,96,73,65,10,27,72,93,72,14,16,38,59,12,70,84,59,59,56,5,16,10,12,34,74,65,65,62,Long Stride High and Tight,77,83,82,59,66,29,5,10,15,10,24,10,86,68,15
20489,David,Montgomery,Halfback,HB,Detroit Lions,19,84,28,Iowa State,70,222,5,6,Power Back - HB,"https://ratings-images-prod.pulse.ea.com/madden-nfl-26/portraits/9577.png?im=FaceCrop,padding=0.7",https://drop-assets.ea.com/images/7cuE4tZcli1uQyZbvXWMrd/a2df9decdab28170691ca6631dd62139/19.png,88,84,75,90,77,94,91,24,29,88,93,56,74,86,49,10,27,41,88,85,12,17,45,43,12,59,84,61,35,38,22,16,10,15,25,60,46,26,31,Default,66,54,87,78,80,30,27,40,50,31,52,21,91,90,13
20377,Hjalte,Froholdt,Center,C,Arizona Cardinals,7,84,29,Arkansas,77,310,72,6,Power - C,"https://ratings-images-prod.pulse.ea.com/madden-nfl-26/portraits/9461.png?im=FaceCrop,padding=0.7",https://drop-assets.ea.com/images/5NdzvrqrP3clJDBL6kdTmu/1f61914ff14c6f4be0240d71e622f9c6/7.png,66,66,69,81,91,87,21,42,12,14,30,25,42,55,12,21,30,82,89,19,20,30,10,86,11,16,84,84,83,85,6,45,28,10,39,22,85,82,87,Default Stride Awkward,21,30,71,10,21,44,6,6,6,6,10,10,86,28,12
2772,Jason,Myers,Kicker,K,Seattle Seahawks,28,84,34,Marist,70,190,5,10,Accurate - KP,"https://ratings-images-prod.pulse.ea.com/madden-nfl-26/portraits/7773.png?im=FaceCrop,padding=0.7",https://drop-assets.ea.com/images/2WrGCB8Atuo0aZ4MbstBrI/bbe9263ce111287adcef479efbc72160/28.png,71,47,40,80,43,69,19,10,13,12,34,10,30,45,10,10,12,15,85,14,94,95,10,15,10,10,84,20,15,15,20,15,10,10,28,12,20,15,15,Default Stride Awkward,10,12,69,23,16,20,25,30,35,20,45,13,50,15,25
22693,Jordan,Addison,Wide Receiver,WR,Minnesota Vikings,31,84,23,USC,71,175,3,2,Slot - WR,"https://ratings-images-prod.pulse.ea.com/madden-nfl-26/portraits/813.png?im=FaceCrop,padding=0.7",https://drop-assets.ea.com/images/bzuWJaOZo5LCC4SwdbVzx/f6dc0006f59641745e50721d0d8c9d38/31.png,92,88,84,88,52,89,89,30,42,74,78,86,89,91,88,22,31,36,90,89,17,23,76,18,28,87,84,27,15,13,40,27,14,29,47,74,39,23,16,Short Stride Default,84,88,90,79,46,37,32,39,47,47,58,38,84,30,34
20749,Kaden,Elliss,Mike Backer,MIKE,Atlanta Falcons,14,84,30,Idaho,74,238,55,6,Field General - MLB,"https://ratings-images-prod.pulse.ea.com/madden-nfl-26/portraits/119.png?im=FaceCrop,padding=0.7",https://drop-assets.ea.com/images/3NTxf2X9VWdF6aL91pHAVu/6002a1f3e761a58c3b00f0e08bdccf5f/14.png,87,85,83,90,75,90,49,75,38,33,65,50,52,75,7,70,85,78,90,56,15,19,15,19,66,13,84,45,45,45,33,89,60,45,88,20,45,45,45,Default Stride Loose,23,53,86,42,36,88,37,41,46,44,66,47,87,38,74
21012,Kamren,Curl,Strong Safety,SS,Los Angeles Rams,24,84,26,Arkansas,74,198,3,5,Run Support - S,"https://ratings-images-prod.pulse.ea.com/madden-nfl-26/portraits/225.png?im=FaceCrop,padding=0.7",https://drop-assets.ea.com/images/wS8JnLBEBj9eq68rO1qTb/b7b5285ad842936bc21bb149eb8c31b8/24.png,89,83,83,91,70,86,63,61,10,51,55,54,65,81,27,53,79,57,93,69,17,22,59,12,72,31,84,35,35,35,10,85,44,73,86,30,35,35,35,Short Stride Loose,38,62,88,58,36,83,10,10,10,10,20,10,91,34,77
17752,Kevin,Byard III,Free Safety,FS,Chicago Bears,1,84,32,Mid Tenn St.,71,218,31,9,Zone - S,"https://ratings-images-prod.pulse.ea.com/madden-nfl-26/portraits/7928.png?im=FaceCrop,padding=0.7",https://drop-assets.ea.com/images/6jaEsYrn1V45DziwibpsDk/ed66ad67e63f08a3a7c25ce951dbf5b9/1.png,87,87,90,96,73,87,67,64,10,59,78,47,82,83,10,53,79,60,97,72,19,20,55,15,70,12,84,12,33,34,17,85,47,67,84,22,16,33,34,Default Stride Loose,31,68,88,60,48,80,36,26,31,18,44,26,90,52,81
22458,Leo,Chenal,Sam Backer,SAM,Kansas City Chiefs,9,84,24,Wisconsin,75,250,54,3,Run Stopper - OLB,"https://ratings-images-prod.pulse.ea.com/madden-nfl-26/portraits/1269.png?im=FaceCrop,padding=0.7",https://drop-assets.ea.com/images/3g9AewmTPjE4A7yc2tobiZ/20b6502896df3893414233cb5fe1b803/9.png,93,82,94,85,82,83,72,82,25,67,68,44,52,75,19,54,89,90,91,62,21,24,25,34,63,24,84,45,45,45,15,81,63,53,88,32,45,45,45,Default,28,45,88,54,63,86,15,18,21,21,25,18,90,55,69
22112,Luke,Goedeke,Right Tackle,RT,Tampa Bay Buccaneers,6,84,26,Central Michigan,77,312,67,3,Pass Protector - OT,"https://ratings-images-prod.pulse.ea.com/madden-nfl-26/portraits/1734.png?im=FaceCrop,padding=0.7",https://drop-assets.ea.com/images/1L5Fn21WqZN9jcLucGYg4c/ce29db9b9b4775d4e8fc337bf5c65027/6.png,67,64,76,89,88,89,41,29,10,34,48,40,47,57,29,27,30,89,90,26,25,23,10,88,10,38,84,86,85,89,6,33,32,10,34,33,86,88,83,Default Stride Awkward,43,41,63,24,35,35,6,6,6,6,30,6,85,37,12
12528,Marshon,Lattimore,Cornerback,CB,Washington Commanders,26,84,29,Ohio State,72,192,2,8,Manto Man - CB,"https://ratings-images-prod.pulse.ea.com/madden-nfl-26/portraits/8632.png?im=FaceCrop,padding=0.7",https://drop-assets.ea.com/images/42h6FyIuthDAiH4cTWUXRH/bb952a9252013b5bfdf77ac3f4011601/RatingsteamcrestWashingtonCommanders256.png,92,89,91,89,72,83,74,52,17,67,61,60,75,89,17,43,69,55,82,79,25,30,70,15,81,24,84,35,35,35,6,84,32,94,72,20,35,35,35,Default,34,72,90,73,33,73,6,6,6,6,22,10,82,23,82
21081,Michael,Pittman Jr,Wide Receiver,WR,Indianapolis Colts,10,84,27,USC,76,223,11,5,Physical - WR,"https://ratings-images-prod.pulse.ea.com/madden-nfl-26/portraits/532.png?im=FaceCrop,padding=0.7",https://drop-assets.ea.com/images/5yTvAS7xG5Z8qw65gMLzSU/037cfcd90e26ee06666a24d762791f65/10.png,87,84,94,91,71,95,83,41,31,78,71,87,89,83,78,10,42,56,88,77,15,22,76,42,14,81,84,43,30,35,28,16,10,20,40,88,55,29,35,Default,83,93,89,71,75,55,28,33,39,39,48,29,92,68,20
22698,Peter,Skoronski,Left Guard,LG,Tennessee Titans,30,84,24,Northwestern,76,313,77,2,Pass Protector - G,"https://ratings-images-prod.pulse.ea.com/madden-nfl-26/portraits/2395.png?im=FaceCrop,padding=0.7",https://drop-assets.ea.com/images/2YxvlDMaJsJwNQ4lS7qdCQ/d850f60dcbdcd71fb162eb55a46c7969/30.png,80,58,83,88,89,87,24,22,15,25,29,22,36,59,5,16,22,88,94,19,30,32,10,81,10,10,84,87,88,84,7,26,24,10,30,18,84,82,86,Default Stride Awkward,14,15,67,15,26,25,8,8,8,6,25,7,87,27,9
20551,Rashan,Gary,Left Edge,LEDG,Green Bay Packers,20,84,27,Michigan,77,277,52,6,Run Stopper - DE,"https://ratings-images-prod.pulse.ea.com/madden-nfl-26/portraits/9467.png?im=FaceCrop,padding=0.7",https://drop-assets.ea.com/images/4ztQk5XogdkrJe6reVd3h8/16ecf8a0f4caf228c6e54ad0f8e17425/20.png,88,78,89,82,83,91,27,83,12,20,32,18,30,71,6,70,78,86,90,33,10,10,10,15,39,10,84,45,45,45,6,88,80,30,87,14,45,45,45,Long Stride Default,14,16,85,24,30,87,6,6,6,6,23,14,84,24,49
21039,Rico,Dowdle,Halfback,HB,Carolina Panthers,21,84,27,South Carolina,72,215,5,5,Elusive Back - HB,"https://ratings-images-prod.pulse.ea.com/madden-nfl-26/portraits/259.png?im=FaceCrop,padding=0.7",https://drop-assets.ea.com/images/4Klf6KKhbnVi5RaARK1OiL/13a917c75c0fbc4edb0eb018cb757d8d/21.png,90,86,87,84,75,85,89,28,28,87,93,44,68,88,56,20,20,51,82,90,23,25,78,38,15,57,84,49,35,39,15,20,20,20,40,55,49,37,39,Default Stride Loose,63,54,88,80,74,36,26,30,36,30,39,22,84,83,20
13348,Taron,Johnson,Cornerback,CB,Buffalo Bills,3,84,29,Weber State,71,192,7,7,Zone - CB,"https://ratings-images-prod.pulse.ea.com/madden-nfl-26/portraits/8949.png?im=FaceCrop,padding=0.7",https://drop-assets.ea.com/images/212FXcpkDUjs9ZJpZ038pM/676904f80719bc724267b7eb5609c6af/3.png,93,83,81,95,63,91,63,60,10,50,58,62,73,84,24,36,48,49,90,73,11,10,38,15,79,31,84,10,35,40,6,92,29,85,77,28,40,35,35,Short Stride Loose,38,62,90,65,31,68,6,6,6,6,25,11,80,22,82
12636,Taylor,Moton,Right Tackle,RT,Carolina Panthers,21,84,31,W. Michigan,77,325,72,8,Pass Protector - OT,"https://ratings-images-prod.pulse.ea.com/madden-nfl-26/portraits/8669.png?im=FaceCrop,padding=0.7",https://drop-assets.ea.com/images/4Klf6KKhbnVi5RaARK1OiL/13a917c75c0fbc4edb0eb018cb757d8d/21.png,65,62,75,96,88,96,23,34,12,10,23,15,28,56,5,10,36,90,99,15,21,22,10,82,12,5,84,85,84,87,6,10,10,10,28,12,86,88,84,Default Stride Awkward,13,29,69,10,14,31,6,13,18,12,20,7,96,29,12
17665,Taylor,Decker,Left Tackle,LT,Detroit Lions,19,84,31,Ohio State,79,318,68,9,Pass Protector - OT,"https://ratings-images-prod.pulse.ea.com/madden-nfl-26/portraits/7974.png?im=FaceCrop,padding=0.7",https://drop-assets.ea.com/images/7cuE4tZcli1uQyZbvXWMrd/a2df9decdab28170691ca6631dd62139/19.png,65,57,72,88,90,95,12,26,12,6,28,15,44,51,5,14,70,89,89,11,19,18,9,83,11,5,84,86,84,89,6,19,15,10,29,16,83,83,83,Default Stride Awkward,25,15,69,12,15,34,6,6,6,6,22,15,92,20,14
22105,Abraham,Lucas,Right Tackle,RT,Seattle Seahawks,28,83,26,Wash. St.,78,322,72,3,Agile - OT,"https://ratings-images-prod.pulse.ea.com/madden-nfl-26/portraits/1815.png?im=FaceCrop,padding=0.7",https://drop-assets.ea.com/images/2WrGCB8Atuo0aZ4MbstBrI/bbe9263ce111287adcef479efbc72160/28.png,81,75,72,84,87,88,35,30,12,27,44,33,38,59,22,19,26,82,87,23,14,16,10,78,10,27,83,84,85,82,5,32,22,10,31,31,86,87,83,Default Stride Awkward,34,36,75,17,27,32,5,5,5,5,11,10,79,32,10
21997,Alaric,Jackson,Left Tackle,LT,Los Angeles Rams,24,83,27,Iowa,79,345,77,4,Power - OT,"https://ratings-images-prod.pulse.ea.com/madden-nfl-26/portraits/911.png?im=FaceCrop,padding=0.7",https://drop-assets.ea.com/images/wS8JnLBEBj9eq68rO1qTb/b7b5285ad842936bc21bb149eb8c31b8/24.png,67,61,64,82,85,88,30,47,12,29,34,25,22,50,10,34,43,85,92,21,11,13,10,85,10,15,83,84,82,85,6,21,46,10,45,21,89,91,87,Long Stride Awkward,20,27,63,14,24,42,6,6,6,6,26,16,86,33,12
21552,Alijah,Vera-Tucker,Right Guard,RG,NY Jets,18,83,26,USC,77,308,75,4,Agile - G,"https://ratings-images-prod.pulse.ea.com/madden-nfl-26/portraits/776.png?im=FaceCrop,padding=0.7",https://drop-assets.ea.com/images/7M46e9acznPLjtJlC7FaWV/ef5cfc9e8306cbdae723a5f7e809b0fd/18.png,74,61,78,88,91,82,10,25,12,5,35,10,25,56,5,10,24,93,78,10,20,20,10,91,12,5,83,83,81,85,6,10,10,10,30,12,85,88,81,Default Stride Awkward,10,12,75,10,10,36,6,6,6,6,25,16,90,15,12
21522,Alim,McNeill,Defensive Tackle,DT,Detroit Lions,19,83,25,N.C. State,74,315,54,4,Power Rusher - DT,"https://ratings-images-prod.pulse.ea.com/madden-nfl-26/portraits/943.png?im=FaceCrop,padding=0.7",https://drop-assets.ea.com/images/7cuE4tZcli1uQyZbvXWMrd/a2df9decdab28170691ca6631dd62139/19.png,81,64,75,80,93,89,43,82,12,33,46,30,48,55,17,73,79,86,90,36,19,23,15,38,19,22,83,47,45,45,6,89,82,19,80,29,50,49,47,Long Stride Loose,27,33,75,32,50,83,6,6,6,6,21,10,88,56,27
20699,Andrew,Van Ginkel,Right Edge,REDG,Minnesota Vikings,31,83,30,Wisconsin,76,242,43,6,Smaller Speed Rusher - DE,"https://ratings-images-prod.pulse.ea.com/madden-nfl-26/portraits/9661.png?im=FaceCrop,padding=0.7",https://drop-assets.ea.com/images/bzuWJaOZo5LCC4SwdbVzx/f6dc0006f59641745e50721d0d8c9d38/31.png,88,82,90,86,74,92,46,77,12,12,58,37,70,73,5,81,79,77,89,30,19,15,13,18,62,5,83,45,45,45,6,90,70,46,86,33,45,45,45,Default Stride Loose,15,43,87,37,51,82,6,6,6,6,25,10,93,51,70
15159,Armand,Membou,Right Tackle,RT,NY Jets,18,83,21,Missouri,76,332,70,0,Agile - OT,"https://ratings-images-prod.pulse.ea.com/madden-nfl-26/portraits/10660.png?im=FaceCrop,padding=0.7",https://drop-assets.ea.com/images/7M46e9acznPLjtJlC7FaWV/ef5cfc9e8306cbdae723a5f7e809b0fd/18.png,76,72,82,89,91,87,10,39,24,6,41,14,25,61,5,17,33,93,91,10,15,18,10,85,12,5,83,84,86,83,6,30,29,11,24,5,82,84,83,Long Stride Awkward,21,21,74,11,31,28,6,6,6,6,47,11,90,30,14
14793,Ashton,Jeanty,Halfback,HB,Las Vegas Raiders,23,83,21,Boise State,69,211,2,0,Elusive Back - HB,"https://ratings-images-prod.pulse.ea.com/madden-nfl-26/portraits/10611.png?im=FaceCrop,padding=0.7",https://drop-assets.ea.com/images/5ZrNmFWgR1vnwTOdqVmwYy/fe13aa7566120fb59130404e168c59ca/23.png,92,91,93,90,80,78,86,39,29,87,92,60,70,91,56,30,33,48,91,84,25,24,74,42,32,60,83,51,35,42,26,42,27,28,41,58,41,30,32,Default,66,61,90,79,86,37,18,21,24,21,31,27,93,86,35
20688,Azeez,Al-Shaair,Mike Backer,MIKE,Houston Texans,32,83,28,FAU,74,228,0,6,Field General - MLB,"https://ratings-images-prod.pulse.ea.com/madden-nfl-26/portraits/9361.png?im=FaceCrop,padding=0.7",https://drop-assets.ea.com/images/4rWKgLRDGADEZ3pTbdrpW0/793a695de8ea5caf8f2e1b3973ae1b61/32.png,87,78,80,88,77,88,33,75,13,22,46,48,61,72,9,53,89,82,85,31,20,16,10,17,68,12,83,45,45,45,6,87,58,50,88,18,45,45,45,Default Stride Loose,17,45,86,33,40,88,6,6,6,6,27,11,87,37,71
21267,Brandon,Jones,Free Safety,FS,Denver Broncos,4,83,27,Texas,72,191,22,5,Run Support - S,"https://ratings-images-prod.pulse.ea.com/madden-nfl-26/portraits/404.png?im=FaceCrop,padding=0.7",https://drop-assets.ea.com/images/4AYKY9OcX1CYbyMFBnvM8/ac07a8ff525004f92014e3259708acdf/4.png,92,87,88,90,58,84,60,60,12,46,60,52,72,84,10,46,81,60,89,71,20,20,45,19,76,13,83,35,35,35,15,85,39,71,86,20,40,35,35,Default,15,63,89,62,47,77,10,10,15,15,25,20,93,20,77
22437,Charles,Cross,Left Tackle,LT,Seattle Seahawks,28,83,24,Mississippi St.,77,311,67,3,Pass Protector - OT,"https://ratings-images-prod.pulse.ea.com/madden-nfl-26/portraits/1318.png?im=FaceCrop,padding=0.7",https://drop-assets.ea.com/images/2WrGCB8Atuo0aZ4MbstBrI/bbe9263ce111287adcef479efbc72160/28.png,75,56,75,88,84,88,12,22,14,18,25,14,20,60,5,10,30,82,91,10,14,19,10,83,10,10,83,87,89,84,6,21,10,10,28,12,81,84,77,Default Stride Awkward,15,15,74,10,20,25,6,6,6,6,23,9,81,15,10
12587,Chidobe,Awuzie,Cornerback,CB,Baltimore Ravens,25,83,30,Colorado,72,202,3,8,Zone - CB,"https://ratings-images-prod.pulse.ea.com/madden-nfl-26/portraits/8471.png?im=FaceCrop,padding=0.7",https://drop-assets.ea.com/images/3zZnTQ4izXUrnVi3ryTBcm/a12a28ccd2af4c0a0930b58db73552a7/25.png,93,86,91,91,69,86,67,54,14,54,68,57,72,85,16,51,79,47,87,78,22,26,69,17,83,23,83,35,35,35,6,86,36,78,77,27,35,35,35,Short Stride Default,34,71,90,68,42,66,6,6,6,6,32,12,84,32,85
22487,Christian,Benford,Cornerback,CB,Buffalo Bills,3,83,24,Villanova,73,205,47,3,Zone - CB,"https://ratings-images-prod.pulse.ea.com/madden-nfl-26/portraits/2684.png?im=FaceCrop,padding=0.7",https://drop-assets.ea.com/images/212FXcpkDUjs9ZJpZ038pM/676904f80719bc724267b7eb5609c6af/3.png,92,82,87,90,65,87,57,51,15,52,61,60,75,81,24,41,57,52,90,70,12,18,45,17,80,27,83,35,35,35,6,88,35,86,76,38,35,35,35,Default,32,66,88,63,40,73,6,6,6,6,30,10,84,37,84
23031,DJ,Turner II,Cornerback,CB,Cincinnati Bengals,2,83,24,Michigan,71,185,20,2,Manto Man - CB,"https://ratings-images-prod.pulse.ea.com/madden-nfl-26/portraits/2438.png?im=FaceCrop,padding=0.7",https://drop-assets.ea.com/images/5oemvWKqCFgBCkCI4h9A2U/0629c6d345fe01a14ba9f40554fd182e/2.png,97,92,91,90,43,77,65,40,15,60,53,48,69,93,11,35,44,33,88,77,15,18,65,15,83,16,83,35,35,35,15,76,25,71,65,27,35,35,35,Short Stride Loose,22,65,96,65,25,56,10,15,22,11,27,10,83,28,81
21921,Ernest,Jones IV,Mike Backer,MIKE,Seattle Seahawks,28,83,25,South Carolina,74,230,13,4,Run Stopper - MLB,"https://ratings-images-prod.pulse.ea.com/madden-nfl-26/portraits/1595.png?im=FaceCrop,padding=0.7",https://drop-assets.ea.com/images/2WrGCB8Atuo0aZ4MbstBrI/bbe9263ce111287adcef479efbc72160/28.png,87,72,91,88,74,85,47,80,12,35,62,47,73,73,27,45,87,91,89,60,13,16,10,36,63,32,83,46,46,46,6,86,65,45,91,38,49,49,47,Default Stride Loose,38,53,86,39,46,92,6,6,6,6,22,15,86,46,67
20926,J.K.,Dobbins,Halfback,HB,Denver Broncos,4,83,26,Ohio State,70,212,27,5,Elusive Back - HB,"https://ratings-images-prod.pulse.ea.com/madden-nfl-26/portraits/257.png?im=FaceCrop,padding=0.7",https://drop-assets.ea.com/images/4AYKY9OcX1CYbyMFBnvM8/ac07a8ff525004f92014e3259708acdf/4.png,91,86,90,87,74,84,86,29,27,84,92,56,66,87,43,12,31,42,78,89,16,19,60,39,13,56,83,58,34,31,15,14,11,17,35,54,41,26,33,Default,63,52,90,83,84,30,15,25,30,19,32,16,84,79,17
20813,Jalen,Thompson,Free Safety,FS,Arizona Cardinals,7,83,27,Wash. St.,71,190,34,6,Zone - S,"https://ratings-images-prod.pulse.ea.com/madden-nfl-26/portraits/1532.png?im=FaceCrop,padding=0.7",https://drop-assets.ea.com/images/5NdzvrqrP3clJDBL6kdTmu/1f61914ff14c6f4be0240d71e622f9c6/7.png,93,83,81,95,60,85,51,58,10,44,58,50,78,84,10,54,70,58,89,70,21,21,60,14,71,10,83,35,35,35,6,83,50,68,83,15,35,35,35,Default Stride Loose,20,69,90,64,45,82,6,6,6,6,22,16,85,37,79
21033,Jalen,Hurts,Quarterback,QB,Philadelphia Eagles,13,83,27,Oklahoma,73,223,1,5,Improviser - QB,"https://ratings-images-prod.pulse.ea.com/madden-nfl-26/portraits/704.png?im=FaceCrop,padding=0.7",https://drop-assets.ea.com/images/1Nt5pFCpjcBcADzHRbwfIk/ce90f9cb564aef7cc30cf1dd88c84150/13.png,91,90,86,96,76,80,95,28,93,81,63,50,66,90,17,10,30,36,91,88,23,23,22,27,16,31,83,22,20,18,93,20,10,14,36,27,33,15,19,Short Stride Default,40,54,89,79,74,37,86,85,91,92,86,86,93,74,22
12664,James,Conner,Halfback,HB,Arizona Cardinals,7,83,30,Pittsburgh,73,233,6,8,Power Back - HB,"https://ratings-images-prod.pulse.ea.com/madden-nfl-26/portraits/8515.png?im=FaceCrop,padding=0.7",https://drop-assets.ea.com/images/5NdzvrqrP3clJDBL6kdTmu/1f61914ff14c6f4be0240d71e622f9c6/7.png,87,81,76,90,83,84,88,28,20,89,89,54,68,79,53,49,37,49,82,84,16,18,55,52,10,60,83,65,39,45,10,17,30,15,35,65,53,41,40,Default,67,69,89,76,87,33,10,14,18,20,23,11,92,89,15
21500,Jeremiah,Owusu-Koramoah,Weak Backer,WILL,Cleveland Browns,5,83,25,Notre Dame,74,221,6,4,Pass Coverage - OLB,"https://ratings-images-prod.pulse.ea.com/madden-nfl-26/portraits/1060.png?im=FaceCrop,padding=0.7",https://drop-assets.ea.com/images/4qbblHggBjaH9o46kyGeFo/27cab0f308b54edbd469e9b20cb506f7/5.png,91,88,87,88,65,85,61,69,41,48,57,53,72,79,23,65,85,76,88,55,17,18,35,18,70,29,83,45,45,45,29,85,51,48,93,31,45,45,45,Default Stride Loose,34,56,88,53,40,83,30,36,40,47,43,32,88,38,75
21470,Jevon,Holland,Free Safety,FS,NY Giants,16,83,25,Oregon,73,210,8,4,Hybrid - S,"https://ratings-images-prod.pulse.ea.com/madden-nfl-26/portraits/1161.png?im=FaceCrop,padding=0.7",https://drop-assets.ea.com/images/5hloGwLNaCrg2IBn0CoWVb/b5996a802009a4252f992182bd9acf85/16.png,93,84,87,93,65,83,75,59,10,43,67,69,79,86,40,48,82,64,92,77,15,11,71,24,83,41,83,35,35,35,15,80,40,69,81,46,35,35,35,Default Stride Loose,44,75,91,64,34,73,10,10,15,15,23,11,84,33,83
21684,Jonathon,Cooper,Left Edge,LEDG,Denver Broncos,4,83,27,Ohio State,76,257,0,4,Power Rusher - DE,"https://ratings-images-prod.pulse.ea.com/madden-nfl-26/portraits/910.png?im=FaceCrop,padding=0.7",https://drop-assets.ea.com/images/4AYKY9OcX1CYbyMFBnvM8/ac07a8ff525004f92014e3259708acdf/4.png,87,76,80,86,82,88,23,82,17,29,31,21,44,68,5,78,81,85,90,31,17,18,10,24,39,10,83,45,45,45,6,87,85,49,86,12,45,45,45,Default Stride Loose,15,23,85,23,36,85,5,6,7,6,17,14,77,27,50
505,Keenan,Allen,Wide Receiver,WR,Los Angeles Chargers,8,83,33,California,74,211,13,12,Slot - WR,"https://ratings-images-prod.pulse.ea.com/madden-nfl-26/portraits/5654.png?im=FaceCrop,padding=0.7",https://drop-assets.ea.com/images/1nyokQ4GLHKjmDL5IorxkB/29267d1765bd7f27730a007e1b070ec4/8.png,87,88,93,91,72,92,87,35,22,82,73,90,87,86,79,10,15,65,87,85,20,22,75,42,15,82,83,45,34,39,15,26,10,10,35,80,56,16,22,Long Stride Loose,85,90,88,78,78,34,34,33,36,31,54,36,93,71,26
14651,Ladd,McConkey,Wide Receiver,WR,Los Angeles Chargers,8,83,23,Georgia,72,185,15,1,Slot - WR,"https://ratings-images-prod.pulse.ea.com/madden-nfl-26/portraits/10169.png?im=FaceCrop,padding=0.7",https://drop-assets.ea.com/images/1nyokQ4GLHKjmDL5IorxkB/29267d1765bd7f27730a007e1b070ec4/8.png,94,91,87,88,57,85,87,33,25,72,71,81,89,93,81,10,31,43,89,85,12,18,78,20,12,86,83,31,16,20,6,14,10,16,39,69,42,29,22,Short Stride Default,87,83,92,71,48,34,6,10,15,16,25,16,82,39,17
12781,Matt,Milano,Weak Backer,WILL,Buffalo Bills,3,83,31,Boston College,72,223,58,8,Run Stopper - OLB,"https://ratings-images-prod.pulse.ea.com/madden-nfl-26/portraits/8664.png?im=FaceCrop,padding=0.7",https://drop-assets.ea.com/images/212FXcpkDUjs9ZJpZ038pM/676904f80719bc724267b7eb5609c6af/3.png,85,73,84,94,78,91,61,76,12,29,52,54,70,71,6,60,82,85,83,51,20,20,10,23,69,12,83,45,45,45,6,90,48,50,94,14,45,45,45,Default Stride Loose,22,64,86,38,54,83,6,6,6,6,25,13,86,39,73
14924,Nate,Wiggins,Cornerback,CB,Baltimore Ravens,25,83,22,Clemson,74,173,2,1,Manto Man - CB,"https://ratings-images-prod.pulse.ea.com/madden-nfl-26/portraits/10293.png?im=FaceCrop,padding=0.7",https://drop-assets.ea.com/images/3zZnTQ4izXUrnVi3ryTBcm/a12a28ccd2af4c0a0930b58db73552a7/25.png,95,92,86,86,49,75,79,43,32,71,58,61,73,90,42,29,54,32,86,77,16,15,72,20,87,45,83,21,13,11,18,74,25,68,72,37,28,21,21,Default Stride Loose,47,70,96,76,30,67,21,23,27,29,33,16,78,21,80
22700,Nolan,Smith Jr,Left Edge,LEDG,Philadelphia Eagles,13,83,24,Georgia,74,238,3,2,Smaller Speed Rusher - DE,"https://ratings-images-prod.pulse.ea.com/madden-nfl-26/portraits/2402.png?im=FaceCrop,padding=0.7",https://drop-assets.ea.com/images/1Nt5pFCpjcBcADzHRbwfIk/ce90f9cb564aef7cc30cf1dd88c84150/13.png,92,87,93,77,69,84,50,74,21,36,49,43,50,81,11,79,84,83,88,55,20,20,25,23,47,15,83,35,35,35,11,81,70,37,85,19,40,40,40,Default Stride Loose,20,42,90,54,34,86,11,15,21,15,25,15,84,39,55
21398,Reggie,Gilliam,Fullback,FB,Buffalo Bills,3,83,28,Toledo,73,244,41,5,Blocking - FB,"https://ratings-images-prod.pulse.ea.com/madden-nfl-26/portraits/1432.png?im=FaceCrop,padding=0.7",https://drop-assets.ea.com/images/212FXcpkDUjs9ZJpZ038pM/676904f80719bc724267b7eb5609c6af/3.png,90,83,85,87,81,85,66,39,20,61,70,59,74,77,55,22,84,76,88,65,12,17,38,90,31,60,83,73,46,52,10,42,31,14,57,59,69,65,62,Default,64,57,87,54,69,54,16,21,26,25,34,21,93,72,36
12930,Rigoberto,Sanchez,Punter,P,Indianapolis Colts,10,83,30,Hawaii,72,195,8,8,Accurate - KP,"https://ratings-images-prod.pulse.ea.com/madden-nfl-26/portraits/9282.png?im=FaceCrop,padding=0.7",https://drop-assets.ea.com/images/5yTvAS7xG5Z8qw65gMLzSU/037cfcd90e26ee06666a24d762791f65/10.png,71,62,59,85,51,71,28,28,21,14,47,18,38,51,12,10,33,22,85,10,92,94,10,16,18,12,83,20,17,19,18,24,10,13,24,12,20,18,18,Default Stride Awkward,12,14,70,19,16,29,26,32,37,26,39,18,69,21,26
20518,T.J.,Hockenson,Tight End,TE,Minnesota Vikings,31,83,28,Iowa,77,248,87,6,Vertical Threat - TE,"https://ratings-images-prod.pulse.ea.com/madden-nfl-26/portraits/9503.png?im=FaceCrop,padding=0.7",https://drop-assets.ea.com/images/bzuWJaOZo5LCC4SwdbVzx/f6dc0006f59641745e50721d0d8c9d38/31.png,86,82,89,90,80,87,80,47,17,71,79,83,85,79,67,46,51,66,87,70,34,38,10,57,27,73,83,59,55,57,10,34,37,26,56,76,63,63,61,Long Stride Default,75,88,83,69,77,46,10,15,20,10,28,15,89,68,36
14741,Tanor,Bortolini,Center,C,Indianapolis Colts,10,83,23,Wisconsin,76,303,60,1,Agile - C,"https://ratings-images-prod.pulse.ea.com/madden-nfl-26/portraits/10017.png?im=FaceCrop,padding=0.7",https://drop-assets.ea.com/images/5yTvAS7xG5Z8qw65gMLzSU/037cfcd90e26ee06666a24d762791f65/10.png,82,78,79,85,88,89,10,25,7,6,40,10,25,70,6,20,38,83,91,10,12,9,10,83,12,7,83,79,80,77,5,21,22,9,33,13,87,89,86,Default Stride Awkward,10,12,74,10,10,37,5,6,7,5,21,8,82,10,12
22192,Terrel,Bernard,Mike Backer,MIKE,Buffalo Bills,3,83,26,Baylor,73,224,8,3,Field General - MLB,"https://ratings-images-prod.pulse.ea.com/madden-nfl-26/portraits/1173.png?im=FaceCrop,padding=0.7",https://drop-assets.ea.com/images/212FXcpkDUjs9ZJpZ038pM/676904f80719bc724267b7eb5609c6af/3.png,91,83,83,89,67,88,48,72,18,33,49,45,74,78,5,62,81,74,86,61,13,17,30,19,65,5,83,45,45,45,11,90,52,40,92,15,45,45,45,Default Stride Loose,15,51,86,51,44,86,15,17,22,15,21,12,88,39,72
15097,Tetairoa,McMillan,Wide Receiver,WR,Carolina Panthers,21,83,22,Arizona,76,213,4,0,Slot - WR,"https://ratings-images-prod.pulse.ea.com/madden-nfl-26/portraits/10657.png?im=FaceCrop,padding=0.7",https://drop-assets.ea.com/images/4Klf6KKhbnVi5RaARK1OiL/13a917c75c0fbc4edb0eb018cb757d8d/21.png,91,90,95,94,76,88,87,39,52,78,73,84,87,88,82,34,41,49,92,77,17,27,71,34,27,85,83,26,17,24,36,28,31,22,46,86,45,35,35,Default,86,88,89,73,67,44,54,56,62,69,79,53,89,58,26
20473,Tony,Pollard,Halfback,HB,Tennessee Titans,30,83,28,Memphis,72,209,20,6,Elusive Back - HB,"https://ratings-images-prod.pulse.ea.com/madden-nfl-26/portraits/9600.png?im=FaceCrop,padding=0.7",https://drop-assets.ea.com/images/2YxvlDMaJsJwNQ4lS7qdCQ/d850f60dcbdcd71fb162eb55a46c7969/30.png,93,85,85,85,69,84,89,30,26,81,91,62,74,85,62,15,30,34,89,88,10,14,87,30,40,63,83,62,32,31,10,29,12,24,42,64,32,29,24,Short Stride High and Tight,67,61,91,80,71,38,12,15,21,14,25,12,84,73,36
15102,Tyler,Warren,Tight End,TE,Indianapolis Colts,10,83,23,Penn State,78,256,84,0,Vertical Threat - TE,"https://ratings-images-prod.pulse.ea.com/madden-nfl-26/portraits/10769.png?im=FaceCrop,padding=0.7",https://drop-assets.ea.com/images/5yTvAS7xG5Z8qw65gMLzSU/037cfcd90e26ee06666a24d762791f65/10.png,88,85,90,87,80,85,80,48,43,69,73,82,88,77,68,45,38,69,94,70,33,35,42,60,39,73,83,63,64,62,43,28,41,15,47,77,62,60,64,Long Stride High and Tight,77,82,84,64,70,46,41,50,56,38,63,44,92,68,24
22368,Wan'Dale,Robinson,Wide Receiver,WR,NY Giants,16,83,24,Kentucky,68,185,17,3,Slot - WR,"https://ratings-images-prod.pulse.ea.com/madden-nfl-26/portraits/1924.png?im=FaceCrop,padding=0.7",https://drop-assets.ea.com/images/5hloGwLNaCrg2IBn0CoWVb/b5996a802009a4252f992182bd9acf85/16.png,93,92,83,86,61,86,83,32,24,76,78,81,89,90,83,10,29,43,87,83,17,21,76,24,24,84,83,29,16,12,16,31,10,23,37,70,40,23,18,Short Stride Default,86,81,91,76,51,34,10,14,19,18,27,19,82,52,30
13481,Zach,Sieler,Defensive Tackle,DT,Miami Dolphins,12,83,29,Ferris State,78,305,92,7,,"https://ratings-images-prod.pulse.ea.com/madden-nfl-26/portraits/9351.png?im=FaceCrop,padding=0.7",https://drop-assets.ea.com/images/1rcCzp9f3OyZFzRBRFJVpC/8dc08dce09c05a748587769908cd710c/12.png,74,73,72,82,89,86,25,86,12,23,29,20,36,58,4,76,83,86,89,33,12,15,10,18,18,8,83,45,45,45,6,88,66,20,83,15,45,45,45,Long Stride Loose,15,26,78,27,38,84,6,6,6,6,22,16,88,39,29
13124,Braden,Smith,Right Tackle,RT,Indianapolis Colts,10,82,29,Auburn,78,315,72,7,Power - OT,"https://ratings-images-prod.pulse.ea.com/madden-nfl-26/portraits/9060.png?im=FaceCrop,padding=0.7",https://drop-assets.ea.com/images/5yTvAS7xG5Z8qw65gMLzSU/037cfcd90e26ee06666a24d762791f65/10.png,69,58,81,90,92,91,17,20,12,8,29,10,19,52,5,10,62,84,87,10,14,14,15,88,10,5,82,79,77,82,6,22,20,10,27,15,87,89,85,Long Stride Awkward,10,12,67,10,15,55,6,6,6,6,22,15,93,29,17
28363,Calais,Campbell,Defensive Tackle,DT,Arizona Cardinals,7,82,39,Miami,80,315,93,17,,"https://ratings-images-prod.pulse.ea.com/madden-nfl-26/portraits/655.png?im=FaceCrop,padding=0.7",https://drop-assets.ea.com/images/5NdzvrqrP3clJDBL6kdTmu/1f61914ff14c6f4be0240d71e622f9c6/7.png,72,73,82,79,89,83,20,89,12,16,46,10,41,60,2,73,83,91,94,15,30,30,10,19,20,3,82,45,45,45,6,84,81,35,81,12,45,45,45,Default Stride Awkward,10,15,72,15,45,83,6,6,6,6,35,14,89,41,27
22392,Cameron,Dicker,Kicker,K,Los Angeles Chargers,8,82,25,Texas,73,216,11,3,Accurate - KP,"https://ratings-images-prod.pulse.ea.com/madden-nfl-26/portraits/1359.png?im=FaceCrop,padding=0.7",https://drop-assets.ea.com/images/1nyokQ4GLHKjmDL5IorxkB/29267d1765bd7f27730a007e1b070ec4/8.png,83,63,62,85,51,66,20,10,15,10,29,13,28,57,10,10,18,15,91,10,93,95,10,10,10,10,82,20,14,12,15,14,10,10,33,10,20,12,15,Default Stride Awkward,10,14,76,10,10,34,19,23,28,18,41,12,70,15,10
15266,Carson,Schwesinger,Mike Backer,MIKE,Cleveland Browns,5,82,22,UCLA,75,242,49,0,Field General - MLB,"https://ratings-images-prod.pulse.ea.com/madden-nfl-26/portraits/10724.png?im=FaceCrop,padding=0.7",https://drop-assets.ea.com/images/4qbblHggBjaH9o46kyGeFo/27cab0f308b54edbd469e9b20cb506f7/5.png,90,83,93,88,72,86,54,73,22,40,64,58,68,79,29,64,83,73,90,58,21,23,10,25,68,32,82,45,45,45,6,84,58,52,87,34,45,45,45,Default,36,62,87,52,48,86,6,6,6,6,24,12,90,44,73
22740,Chase,Brown,Halfback,HB,Cincinnati Bengals,2,82,25,Illinois,70,210,30,2,Elusive Back - HB,"https://ratings-images-prod.pulse.ea.com/madden-nfl-26/portraits/1827.png?im=FaceCrop,padding=0.7",https://drop-assets.ea.com/images/5oemvWKqCFgBCkCI4h9A2U/0629c6d345fe01a14ba9f40554fd182e/2.png,95,86,91,87,69,83,83,29,27,81,88,48,69,88,50,10,28,40,88,86,13,15,70,40,10,57,82,53,35,42,25,14,10,17,36,44,49,32,37,Short Stride Loose,64,51,93,78,65,27,28,35,40,39,45,35,83,76,17
12614,Chris,Godwin Jr,Wide Receiver,WR,Tampa Bay Buccaneers,6,82,29,Penn State,73,209,14,8,Slot - WR,"https://ratings-images-prod.pulse.ea.com/madden-nfl-26/portraits/8567.png?im=FaceCrop,padding=0.7",https://drop-assets.ea.com/images/1L5Fn21WqZN9jcLucGYg4c/ce29db9b9b4775d4e8fc337bf5c65027/6.png,89,85,88,94,72,83,87,28,22,79,70,88,93,84,81,10,33,43,85,82,21,25,48,23,15,84,82,57,20,20,6,20,10,18,32,84,52,13,20,Default Stride High and Tight,85,88,88,74,76,27,10,15,20,15,33,24,93,74,25
23000,Daiyan,Henley,Weak Backer,WILL,Los Angeles Chargers,8,82,25,Wash. St.,72,225,0,2,Pass Coverage - OLB,"https://ratings-images-prod.pulse.ea.com/madden-nfl-26/portraits/2186.png?im=FaceCrop,padding=0.7",https://drop-assets.ea.com/images/1nyokQ4GLHKjmDL5IorxkB/29267d1765bd7f27730a007e1b070ec4/8.png,91,82,89,91,65,85,75,71,12,62,64,68,72,78,45,59,79,68,90,71,44,51,60,26,68,51,82,40,40,40,6,86,49,72,89,62,45,45,45,Default Stride Loose,53,71,88,64,61,91,6,6,6,6,24,10,85,60,71
22485,DaRon,Bland,Cornerback,CB,Dallas Cowboys,11,82,26,Fresno State,72,197,26,3,Manto Man - CB,"https://ratings-images-prod.pulse.ea.com/madden-nfl-26/portraits/2689.png?im=FaceCrop,padding=0.7",https://drop-assets.ea.com/images/4fzYNoreZSo04KbSHo3Sqn/0855e78441c821f956abac278f04abb7/11.png,92,84,86,91,60,82,81,54,16,62,58,54,85,86,10,40,57,58,91,82,19,18,40,15,83,11,82,35,35,35,6,83,33,84,74,15,35,35,35,Long Stride Loose,15,59,90,69,36,66,6,6,6,6,22,10,86,26,80
2457,Darren,Waller,Tight End,TE,Miami Dolphins,12,82,32,Georgia Tech,78,245,83,8,Vertical Threat - TE,"https://ratings-images-prod.pulse.ea.com/madden-nfl-26/portraits/7365.png?im=FaceCrop,padding=0.7",https://drop-assets.ea.com/images/1rcCzp9f3OyZFzRBRFJVpC/8dc08dce09c05a748587769908cd710c/12.png,88,83,88,91,70,83,84,35,13,72,74,83,87,80,69,10,15,56,79,75,14,22,22,41,10,72,82,60,58,62,6,15,10,15,37,75,59,55,59,Default Stride Loose,75,83,88,72,67,32,6,10,15,10,35,10,78,74,20
14713,Dominick,Puni,Right Guard,RG,San Francisco 49ers,15,82,25,Kansas,77,320,77,1,Power - G,"https://ratings-images-prod.pulse.ea.com/madden-nfl-26/portraits/10217.png?im=FaceCrop,padding=0.7",https://drop-assets.ea.com/images/1SoIzWJtk28ygwNAPEMRnf/deaee9a60ace23f7eaeaf4275c2282b0/15.png,64,68,74,85,91,80,32,42,19,31,43,22,44,63,15,31,53,84,91,24,21,19,5,91,9,21,82,77,74,81,13,38,33,7,39,19,86,86,87,Default Stride Awkward,22,21,61,23,34,46,13,21,22,12,24,11,88,33,9
13169,Donte,Jackson,Cornerback,CB,Los Angeles Chargers,8,82,29,LSU,70,180,26,7,Manto Man - CB,"https://ratings-images-prod.pulse.ea.com/madden-nfl-26/portraits/8936.png?im=FaceCrop,padding=0.7",https://drop-assets.ea.com/images/1nyokQ4GLHKjmDL5IorxkB/29267d1765bd7f27730a007e1b070ec4/8.png,93,92,97,91,49,85,69,44,17,45,63,60,79,91,10,34,59,42,84,79,13,17,77,13,82,12,82,35,35,35,6,83,23,66,67,12,35,35,35,Short Stride Bread Loaf,15,73,93,75,27,51,6,6,6,6,20,18,67,17,79
21547,Drew,Dalman,Center,C,Chicago Bears,1,82,26,Stanford,75,301,52,4,Agile - C,"https://ratings-images-prod.pulse.ea.com/madden-nfl-26/portraits/803.png?im=FaceCrop,padding=0.7",https://drop-assets.ea.com/images/6jaEsYrn1V45DziwibpsDk/ed66ad67e63f08a3a7c25ce951dbf5b9/1.png,75,68,80,81,87,83,10,27,12,5,34,15,25,53,5,10,25,80,92,10,14,15,10,90,9,5,82,82,83,81,6,31,10,10,31,15,88,90,85,Default Stride Awkward,15,15,70,10,10,32,6,6,6,6,15,10,82,25,11
20548,Ed,Oliver,Defensive Tackle,DT,Buffalo Bills,3,82,27,Houston,73,287,91,6,Power Rusher - DT,"https://ratings-images-prod.pulse.ea.com/madden-nfl-26/portraits/9589.png?im=FaceCrop,padding=0.7",https://drop-assets.ea.com/images/212FXcpkDUjs9ZJpZ038pM/676904f80719bc724267b7eb5609c6af/3.png,85,84,86,85,89,85,31,80,12,20,32,24,31,70,4,75,81,90,92,39,12,15,10,30,19,8,82,45,45,45,6,84,82,16,81,20,45,45,45,Long Stride Default,15,20,82,29,30,85,6,6,6,6,25,14,89,31,32
22140,George,Karlaftis,Left Edge,LEDG,Kansas City Chiefs,9,82,24,Purdue,76,263,56,3,Power Rusher - DE,"https://ratings-images-prod.pulse.ea.com/madden-nfl-26/portraits/1795.png?im=FaceCrop,padding=0.7",https://drop-assets.ea.com/images/3g9AewmTPjE4A7yc2tobiZ/20b6502896df3893414233cb5fe1b803/9.png,86,80,86,84,85,84,35,79,12,22,42,28,47,68,3,72,83,86,93,33,14,18,10,16,17,5,82,45,45,45,6,86,82,17,87,14,45,45,45,Long Stride Default,13,34,80,29,40,88,6,6,6,6,20,10,91,38,23
21019,Grant,Delpit,Strong Safety,SS,Cleveland Browns,5,82,26,LSU,75,208,9,5,Zone - S,"https://ratings-images-prod.pulse.ea.com/madden-nfl-26/portraits/249.png?im=FaceCrop,padding=0.7",https://drop-assets.ea.com/images/4qbblHggBjaH9o46kyGeFo/27cab0f308b54edbd469e9b20cb506f7/5.png,91,86,89,94,60,85,60,53,15,37,69,60,75,83,10,51,85,53,86,65,11,14,55,20,73,15,82,35,35,35,6,86,42,73,77,20,35,35,35,Long Stride Loose,20,70,89,56,43,73,6,6,6,6,23,18,93,38,81
13172,Harold,Landry III,Right Edge,REDG,New England Patriots,22,82,29,Boston College,74,252,2,7,Smaller Speed Rusher - DE,"https://ratings-images-prod.pulse.ea.com/madden-nfl-26/portraits/8966.png?im=FaceCrop,padding=0.7",https://drop-assets.ea.com/images/6Z0rWjQfkWgvj8K58X0WfA/aaaaa7e6c313bdfc5e624309ba6dfc4e/22.png,88,84,86,89,78,85,50,81,12,36,47,44,56,71,10,79,82,81,90,52,14,18,15,22,48,15,82,45,45,45,6,81,68,39,86,12,45,45,45,Long Stride Loose,20,52,85,44,36,87,6,6,6,6,23,15,88,36,58
22094,Jake,Ferguson,Tight End,TE,Dallas Cowboys,11,82,26,Wisconsin,77,255,87,3,Vertical Threat - TE,"https://ratings-images-prod.pulse.ea.com/madden-nfl-26/portraits/1577.png?im=FaceCrop,padding=0.7",https://drop-assets.ea.com/images/4fzYNoreZSo04KbSHo3Sqn/0855e78441c821f956abac278f04abb7/11.png,86,81,93,85,69,81,82,36,21,73,69,80,90,73,64,24,35,65,92,75,19,21,10,61,14,75,82,63,63,57,20,36,31,12,40,72,66,65,60,Default,78,82,81,62,72,37,14,20,25,14,30,10,84,74,21
20433,Jakobi,Meyers,Wide Receiver,WR,Jacksonville Jaguars,17,82,28,N.C. State,74,200,3,6,Slot - WR,"https://ratings-images-prod.pulse.ea.com/madden-nfl-26/portraits/9570.png?im=FaceCrop,padding=0.7",https://drop-assets.ea.com/images/4s3Xa9huMY7IrNAc9h1TDa/9eb764bbfbbb6a2f651e3d44cdcfa103/17.png,91,87,87,90,62,83,81,35,38,73,73,88,94,84,78,10,28,47,91,82,31,45,65,30,24,82,82,37,29,30,43,32,10,23,43,72,48,27,32,Default Stride Loose,83,87,89,71,47,39,48,52,57,58,75,50,84,50,32
22471,Jaylen,Warren,Halfback,HB,Pittsburgh Steelers,29,82,26,Oklahoma St.,68,215,30,3,Elusive Back - HB,"https://ratings-images-prod.pulse.ea.com/madden-nfl-26/portraits/2012.png?im=FaceCrop,padding=0.7",https://drop-assets.ea.com/images/4k4tkEjxICBzmTan96wMKZ/1d5d9145ace8a359ac5423c8c3e5e2d8/29.png,94,80,74,83,75,85,87,26,24,85,93,63,71,83,56,12,23,52,88,86,20,21,66,48,14,58,82,57,29,28,15,20,11,16,34,59,50,37,37,Short Stride High and Tight,61,59,90,82,75,34,18,21,24,19,27,17,86,78,19
21151,Jeremy,Chinn,Strong Safety,SS,Las Vegas Raiders,23,82,27,S. Illinois,75,220,11,5,Run Support - S,"https://ratings-images-prod.pulse.ea.com/madden-nfl-26/portraits/211.png?im=FaceCrop,padding=0.7",https://drop-assets.ea.com/images/5ZrNmFWgR1vnwTOdqVmwYy/fe13aa7566120fb59130404e168c59ca/23.png,91,86,92,90,70,83,62,61,15,43,68,58,70,85,10,56,86,57,89,70,11,14,48,20,67,22,82,35,35,35,6,79,46,75,85,20,35,35,35,Long Stride Default,30,67,91,56,43,78,6,6,6,6,23,18,93,48,78
22164,Jordan,Davis,Defensive Tackle,DT,Philadelphia Eagles,13,82,25,Georgia,78,336,90,3,,"https://ratings-images-prod.pulse.ea.com/madden-nfl-26/portraits/1333.png?im=FaceCrop,padding=0.7",https://drop-assets.ea.com/images/1Nt5pFCpjcBcADzHRbwfIk/ce90f9cb564aef7cc30cf1dd88c84150/13.png,87,58,78,69,96,79,42,80,12,29,53,21,34,51,3,65,82,92,89,22,11,15,10,40,11,5,82,45,45,45,6,82,77,14,78,14,45,45,45,Long Stride Default,13,28,82,17,24,84,6,6,6,6,14,11,87,48,19
21316,Jordyn,Brooks,Mike Backer,MIKE,Miami Dolphins,12,82,27,Texas Tech,72,240,20,5,Run Stopper - MLB,"https://ratings-images-prod.pulse.ea.com/madden-nfl-26/portraits/180.png?im=FaceCrop,padding=0.7",https://drop-assets.ea.com/images/1rcCzp9f3OyZFzRBRFJVpC/8dc08dce09c05a748587769908cd710c/12.png,86,85,82,92,74,82,35,78,12,10,56,38,56,76,5,62,88,83,90,30,20,20,10,17,55,5,82,45,45,45,6,80,55,46,93,12,45,45,45,Default Stride Loose,15,45,87,25,52,92,6,6,6,6,25,10,89,30,64
21155,Josh,Metellus,Strong Safety,SS,Minnesota Vikings,31,82,27,Michigan,71,207,44,5,Run Support - S,"https://ratings-images-prod.pulse.ea.com/madden-nfl-26/portraits/458.png?im=FaceCrop,padding=0.7",https://drop-assets.ea.com/images/bzuWJaOZo5LCC4SwdbVzx/f6dc0006f59641745e50721d0d8c9d38/31.png,88,83,87,91,66,83,53,64,10,44,62,52,68,80,10,47,85,62,91,72,15,25,50,15,70,13,82,35,35,35,15,82,40,64,87,12,35,35,35,Default,15,58,89,59,40,83,10,10,15,15,20,17,87,25,74
22074,Khalil,Shakir,Wide Receiver,WR,Buffalo Bills,3,82,25,Boise State,72,190,10,3,,"https://ratings-images-prod.pulse.ea.com/madden-nfl-26/portraits/1942.png?im=FaceCrop,padding=0.7",https://drop-assets.ea.com/images/212FXcpkDUjs9ZJpZ038pM/676904f80719bc724267b7eb5609c6af/3.png,93,85,89,87,63,87,92,27,26,83,73,81,94,86,79,10,21,40,88,88,15,19,76,21,11,84,82,29,25,20,21,16,10,14,28,74,39,24,20,Default,82,85,90,79,52,25,21,27,31,29,39,27,80,45,17
22261,Kyler,Gordon,Cornerback,CB,Chicago Bears,1,82,25,Washington,71,200,6,3,Zone - CB,"https://ratings-images-prod.pulse.ea.com/madden-nfl-26/portraits/1738.png?im=FaceCrop,padding=0.7",https://drop-assets.ea.com/images/6jaEsYrn1V45DziwibpsDk/ed66ad67e63f08a3a7c25ce951dbf5b9/1.png,92,93,93,90,66,88,61,48,20,55,58,50,71,92,34,47,66,50,92,75,20,17,50,22,77,37,82,35,35,35,18,89,38,73,77,39,35,35,35,Default Stride Loose,42,69,88,68,32,65,12,15,20,22,23,16,79,35,82
22224,Marcus,Jones,Cornerback,CB,New England Patriots,22,82,26,Houston,68,175,25,3,Manto Man - CB,"https://ratings-images-prod.pulse.ea.com/madden-nfl-26/portraits/1789.png?im=FaceCrop,padding=0.7",https://drop-assets.ea.com/images/6Z0rWjQfkWgvj8K58X0WfA/aaaaa7e6c313bdfc5e624309ba6dfc4e/22.png,95,92,87,93,48,80,88,46,24,75,65,48,77,93,42,36,60,41,87,87,13,14,94,15,82,45,82,30,27,29,6,81,25,70,74,29,31,30,31,Short Stride Default,54,66,92,83,31,66,8,12,16,21,24,10,84,26,80
13116,Mike,McGlinchey,Right Tackle,RT,Denver Broncos,4,82,30,Notre Dame,80,315,69,7,Power - OT,"https://ratings-images-prod.pulse.ea.com/madden-nfl-26/portraits/8987.png?im=FaceCrop,padding=0.7",https://drop-assets.ea.com/images/4AYKY9OcX1CYbyMFBnvM8/ac07a8ff525004f92014e3259708acdf/4.png,67,67,71,93,88,92,10,32,12,11,33,17,28,49,8,10,38,84,88,10,12,15,10,85,11,10,82,78,75,82,6,20,10,10,27,14,86,87,85,Long Stride Awkward,15,15,71,10,10,32,6,6,6,6,11,15,95,22,13
20411,Montez,Sweat,Left Edge,LEDG,Chicago Bears,1,82,28,Mississippi St.,78,270,98,6,Smaller Speed Rusher - DE,"https://ratings-images-prod.pulse.ea.com/madden-nfl-26/portraits/9643.png?im=FaceCrop,padding=0.7",https://drop-assets.ea.com/images/6jaEsYrn1V45DziwibpsDk/ed66ad67e63f08a3a7c25ce951dbf5b9/1.png,90,82,86,81,80,75,48,84,12,31,56,45,57,71,33,83,81,84,87,50,16,14,10,16,33,36,82,45,45,45,6,77,77,19,85,39,45,45,45,Long Stride Loose,40,43,88,41,39,88,6,6,6,6,22,10,88,51,44
12361,Morgan,Moses,Right Tackle,RT,New England Patriots,22,82,34,Virginia,78,320,76,11,Power - OT,"https://ratings-images-prod.pulse.ea.com/madden-nfl-26/portraits/6531.png?im=FaceCrop,padding=0.7",https://drop-assets.ea.com/images/6Z0rWjQfkWgvj8K58X0WfA/aaaaa7e6c313bdfc5e624309ba6dfc4e/22.png,49,54,66,85,90,95,10,20,12,6,45,15,35,45,5,10,20,87,93,10,25,25,10,77,12,5,82,82,79,84,6,15,10,10,28,15,83,81,85,Default Stride Awkward,15,15,65,10,30,30,6,6,6,6,30,15,93,20,15
12959,Patrick,Ricard,Fullback,FB,Baltimore Ravens,25,82,31,Maine,75,305,42,8,Blocking - FB,"https://ratings-images-prod.pulse.ea.com/madden-nfl-26/portraits/9274.png?im=FaceCrop,padding=0.7",https://drop-assets.ea.com/images/3zZnTQ4izXUrnVi3ryTBcm/a12a28ccd2af4c0a0930b58db73552a7/25.png,75,72,81,88,88,81,64,72,12,56,68,45,70,61,35,66,79,79,84,62,17,17,9,99,53,43,82,70,49,54,6,74,74,36,72,42,72,58,62,Default Stride Loose,54,40,71,58,69,79,6,6,6,6,23,17,90,68,58
13199,Poona,Ford,Defensive Tackle,DT,Los Angeles Rams,24,82,29,Texas,71,310,95,7,,"https://ratings-images-prod.pulse.ea.com/madden-nfl-26/portraits/9333.png?im=FaceCrop,padding=0.7",https://drop-assets.ea.com/images/wS8JnLBEBj9eq68rO1qTb/b7b5285ad842936bc21bb149eb8c31b8/24.png,68,62,73,82,88,89,15,86,12,10,31,15,37,53,3,79,79,84,92,10,12,17,10,37,25,7,82,45,45,45,6,91,67,15,82,15,45,45,45,Default Stride Awkward,15,15,71,10,35,86,6,6,6,6,26,18,90,20,30
22243,Quentin,Lake,Strong Safety,SS,Los Angeles Rams,24,82,26,UCLA,73,201,37,3,Zone - S,"https://ratings-images-prod.pulse.ea.com/madden-nfl-26/portraits/1803.png?im=FaceCrop,padding=0.7",https://drop-assets.ea.com/images/wS8JnLBEBj9eq68rO1qTb/b7b5285ad842936bc21bb149eb8c31b8/24.png,92,80,85,90,57,87,60,55,20,50,60,57,70,79,12,35,65,51,86,64,18,21,45,18,74,16,82,35,35,35,8,87,30,67,78,22,35,35,35,Default Stride Loose,21,67,88,57,39,75,13,17,21,16,30,11,75,41,82
12609,Rasul,Douglas,Cornerback,CB,Miami Dolphins,12,82,30,West Virginia,74,209,26,8,Zone - CB,"https://ratings-images-prod.pulse.ea.com/madden-nfl-26/portraits/8535.png?im=FaceCrop,padding=0.7",https://drop-assets.ea.com/images/1rcCzp9f3OyZFzRBRFJVpC/8dc08dce09c05a748587769908cd710c/12.png,90,82,83,92,73,87,69,45,13,53,72,68,81,81,12,39,74,59,89,71,16,14,52,19,81,19,82,35,35,35,6,86,30,84,72,24,35,35,35,Default Stride Loose,29,67,89,66,46,65,6,6,6,6,14,13,79,42,86
14645,Rome,Odunze,Wide Receiver,WR,Chicago Bears,1,82,23,Washington,75,214,15,1,Slot - WR,"https://ratings-images-prod.pulse.ea.com/madden-nfl-26/portraits/10199.png?im=FaceCrop,padding=0.7",https://drop-assets.ea.com/images/6jaEsYrn1V45DziwibpsDk/ed66ad67e63f08a3a7c25ce951dbf5b9/1.png,94,87,93,89,65,86,84,27,24,77,72,86,84,89,83,10,24,45,87,83,17,18,79,23,11,83,82,28,20,22,6,14,10,21,33,78,47,32,27,Long Stride Default,85,86,91,73,61,30,10,14,17,10,24,15,86,47,17
15101,Travis,Hunter,Wide Receiver,WR,Jacksonville Jaguars,17,82,22,Colorado,73,188,12,0,,"https://ratings-images-prod.pulse.ea.com/madden-nfl-26/portraits/10599.png?im=FaceCrop,padding=0.7",https://drop-assets.ea.com/images/4s3Xa9huMY7IrNAc9h1TDa/9eb764bbfbbb6a2f651e3d44cdcfa103/17.png,94,95,96,99,61,74,86,55,33,76,70,83,85,96,81,44,71,58,88,86,23,26,78,32,82,80,82,35,35,35,21,76,35,80,77,79,42,28,30,Default,82,86,93,82,59,68,24,26,31,31,41,24,93,50,84
13119,Tremaine,Edmunds,Weak Backer,WILL,Chicago Bears,1,82,27,Virginia Tech,76,251,49,7,Run Stopper - OLB,"https://ratings-images-prod.pulse.ea.com/madden-nfl-26/portraits/8875.png?im=FaceCrop,padding=0.7",https://drop-assets.ea.com/images/6jaEsYrn1V45DziwibpsDk/ed66ad67e63f08a3a7c25ce951dbf5b9/1.png,86,85,85,90,75,88,40,76,12,29,48,36,74,78,5,73,85,81,92,49,14,20,10,17,65,5,82,45,45,45,6,86,61,37,88,15,45,45,45,Long Stride Loose,15,48,86,43,39,89,6,6,6,6,18,10,88,28,72
14810,TreVeyon,Henderson,Halfback,HB,New England Patriots,22,82,22,Ohio State,70,202,32,0,Elusive Back - HB,"https://ratings-images-prod.pulse.ea.com/madden-nfl-26/portraits/10584.png?im=FaceCrop,padding=0.7",https://drop-assets.ea.com/images/6Z0rWjQfkWgvj8K58X0WfA/aaaaa7e6c313bdfc5e624309ba6dfc4e/22.png,92,86,89,86,71,75,86,32,31,81,95,50,67,83,56,28,31,46,82,85,18,27,71,40,28,61,82,51,42,38,25,46,25,29,39,51,42,28,31,Default,66,47,95,84,75,33,10,15,24,20,18,32,83,80,24
21553,Trevor,Lawrence,Quarterback,QB,Jacksonville Jaguars,17,82,25,Clemson,78,220,16,4,Field General - QB,"https://ratings-images-prod.pulse.ea.com/madden-nfl-26/portraits/1372.png?im=FaceCrop,padding=0.7",https://drop-assets.ea.com/images/4s3Xa9huMY7IrNAc9h1TDa/9eb764bbfbbb6a2f651e3d44cdcfa103/17.png,88,88,81,92,69,86,85,24,81,76,66,25,50,83,13,10,19,26,88,74,23,27,13,19,13,18,82,16,18,14,84,18,10,10,31,20,21,16,18,Long Stride High and Tight,29,28,88,75,54,27,83,86,89,83,92,81,91,60,18
15162,Tyler,Booker,Right Guard,RG,Dallas Cowboys,11,82,21,Alabama,77,321,52,0,Power - G,"https://ratings-images-prod.pulse.ea.com/madden-nfl-26/portraits/10495.png?im=FaceCrop,padding=0.7",https://drop-assets.ea.com/images/4fzYNoreZSo04KbSHo3Sqn/0855e78441c821f956abac278f04abb7/11.png,59,53,68,88,94,84,12,43,12,5,20,21,23,53,5,46,52,94,89,10,13,14,10,86,11,5,82,76,74,78,6,21,48,10,41,15,85,84,86,Long Stride Awkward,10,21,60,10,16,54,6,6,6,6,21,13,91,29,13
15004,Will,Reichard,Kicker,K,Minnesota Vikings,31,82,24,Alabama,73,194,16,1,Accurate - KP,"https://ratings-images-prod.pulse.ea.com/madden-nfl-26/portraits/10224.png?im=FaceCrop,padding=0.7",https://drop-assets.ea.com/images/bzuWJaOZo5LCC4SwdbVzx/f6dc0006f59641745e50721d0d8c9d38/31.png,79,64,66,84,42,68,25,13,13,15,30,10,22,54,7,10,12,12,91,28,92,96,10,8,10,8,82,12,7,8,16,15,10,10,25,9,15,10,10,Default Stride Awkward,10,14,78,26,10,29,20,29,31,20,32,12,75,20,10
22732,Zach,Charbonnet,Halfback,HB,Seattle Seahawks,28,82,24,UCLA,73,220,26,2,Power Back - HB,"https://ratings-images-prod.pulse.ea.com/madden-nfl-26/portraits/1919.png?im=FaceCrop,padding=0.7",https://drop-assets.ea.com/images/2WrGCB8Atuo0aZ4MbstBrI/bbe9263ce111287adcef479efbc72160/28.png,89,82,85,86,79,82,85,41,26,86,97,53,73,78,47,38,49,43,87,82,16,18,65,41,25,56,82,55,33,40,10,45,31,28,50,51,48,23,32,Default,63,52,88,76,81,50,10,14,18,20,23,11,83,91,31
15198,Abdul,Carter,Right Edge,REDG,NY Giants,16,81,21,Penn State,76,250,51,0,Smaller Speed Rusher - DE,"https://ratings-images-prod.pulse.ea.com/madden-nfl-26/portraits/10516.png?im=FaceCrop,padding=0.7",https://drop-assets.ea.com/images/5hloGwLNaCrg2IBn0CoWVb/b5996a802009a4252f992182bd9acf85/16.png,91,86,86,85,80,82,52,79,25,39,46,33,43,77,10,83,77,84,87,53,20,23,25,20,50,15,81,45,45,45,25,80,79,44,83,23,40,40,40,Long Stride Default,20,33,88,45,45,76,18,18,18,16,22,27,93,44,55
2279,Andrew,DePaola,Long Snapper,LS,Minnesota Vikings,31,81,38,Rutgers,73,229,42,13,Power - LS,"https://ratings-images-prod.pulse.ea.com/madden-nfl-26/portraits/7080.png?im=FaceCrop,padding=0.7",https://drop-assets.ea.com/images/bzuWJaOZo5LCC4SwdbVzx/f6dc0006f59641745e50721d0d8c9d38/31.png,72,80,80,68,75,70,25,55,10,19,63,66,66,71,40,40,59,67,90,40,11,11,10,55,15,45,81,58,44,51,9,39,44,15,62,48,69,55,61,Default,49,61,75,35,39,62,9,9,9,9,38,10,72,31,20
20693,Blake,Cashman,Weak Backer,WILL,Minnesota Vikings,31,81,29,Minnesota,73,237,51,6,Pass Coverage - OLB,"https://ratings-images-prod.pulse.ea.com/madden-nfl-26/portraits/9415.png?im=FaceCrop,padding=0.7",https://drop-assets.ea.com/images/bzuWJaOZo5LCC4SwdbVzx/f6dc0006f59641745e50721d0d8c9d38/31.png,90,83,89,85,70,82,20,75,12,12,52,30,50,76,5,63,83,82,74,29,14,19,10,20,67,5,81,45,45,45,6,81,58,48,90,18,45,45,45,Default,15,27,88,27,24,90,6,6,6,6,25,10,82,25,72
14609,Bo,Nix,Quarterback,QB,Denver Broncos,4,81,25,Oregon,74,217,10,1,Field General - QB,"https://ratings-images-prod.pulse.ea.com/madden-nfl-26/portraits/10195.png?im=FaceCrop,padding=0.7",https://drop-assets.ea.com/images/4AYKY9OcX1CYbyMFBnvM8/ac07a8ff525004f92014e3259708acdf/4.png,90,76,74,90,60,85,77,12,74,55,67,59,67,73,10,10,12,14,95,64,42,50,10,10,12,19,81,13,13,13,79,10,10,10,27,21,16,14,14,Long Stride Default,41,62,88,42,37,21,87,82,88,84,93,85,96,32,13
14648,Brian,Thomas Jr,Wide Receiver,WR,Jacksonville Jaguars,17,81,22,LSU,75,209,7,1,,"https://ratings-images-prod.pulse.ea.com/madden-nfl-26/portraits/10263.png?im=FaceCrop,padding=0.7",https://drop-assets.ea.com/images/4s3Xa9huMY7IrNAc9h1TDa/9eb764bbfbbb6a2f651e3d44cdcfa103/17.png,95,88,92,90,59,73,88,26,22,76,76,82,81,91,83,10,15,43,93,87,13,18,50,22,15,83,81,26,10,10,6,18,10,15,30,77,44,24,19,Long Stride Default,81,84,97,80,54,28,6,10,15,10,24,19,87,43,19
22220,Cam,Taylor-Britt,Cornerback,CB,Cincinnati Bengals,2,81,25,Nebraska,71,200,29,3,Zone - CB,"https://ratings-images-prod.pulse.ea.com/madden-nfl-26/portraits/1964.png?im=FaceCrop,padding=0.7",https://drop-assets.ea.com/images/5oemvWKqCFgBCkCI4h9A2U/0629c6d345fe01a14ba9f40554fd182e/2.png,93,86,81,91,64,82,60,56,48,52,64,50,78,85,24,46,72,55,90,73,15,18,55,18,75,27,81,33,34,33,35,82,39,73,73,29,34,34,33,Default,32,77,93,65,28,67,41,44,46,42,48,32,83,33,83
14807,Cam,Skattebo,Halfback,HB,NY Giants,16,81,23,Arizona St.,70,216,44,0,Power Back - HB,"https://ratings-images-prod.pulse.ea.com/madden-nfl-26/portraits/10732.png?im=FaceCrop,padding=0.7",https://drop-assets.ea.com/images/5hloGwLNaCrg2IBn0CoWVb/b5996a802009a4252f992182bd9acf85/16.png,90,87,92,94,83,77,84,40,57,89,90,56,72,85,52,35,43,51,93,82,58,66,83,47,19,55,81,57,42,46,51,18,32,17,47,61,48,34,33,Default,63,57,85,73,82,45,52,55,58,59,63,50,95,95,22
20985,Chase,Young,Left Edge,LEDG,New Orleans Saints,27,81,26,Ohio State,77,264,99,5,Smaller Speed Rusher - DE,"https://ratings-images-prod.pulse.ea.com/madden-nfl-26/portraits/687.png?im=FaceCrop,padding=0.7",https://drop-assets.ea.com/images/5beev0Bk7MVWyDSbEqr75u/837fe770a82d43aa3028a13988d8baf3/27.png,87,84,84,79,86,78,36,79,27,23,43,25,33,71,5,83,82,88,83,38,22,14,10,17,34,10,81,45,45,45,15,76,74,27,83,17,45,45,45,Long Stride Bread Loaf,14,24,85,36,39,83,20,25,28,33,32,23,89,34,47
21574,Chuba,Hubbard,Halfback,HB,Carolina Panthers,21,81,26,Oklahoma St.,73,210,30,4,Elusive Back - HB,"https://ratings-images-prod.pulse.ea.com/madden-nfl-26/portraits/1234.png?im=FaceCrop,padding=0.7",https://drop-assets.ea.com/images/4Klf6KKhbnVi5RaARK1OiL/13a917c75c0fbc4edb0eb018cb757d8d/21.png,92,88,86,88,73,79,87,27,40,84,90,57,73,86,48,11,23,41,90,85,17,22,76,39,11,58,81,54,32,37,18,19,11,16,36,47,42,33,29,Default,64,55,92,79,78,32,15,20,25,16,31,14,83,76,18
22278,Cobie,Durant,Cornerback,CB,Los Angeles Rams,24,81,27,S.C. State,71,180,14,3,Zone - CB,"https://ratings-images-prod.pulse.ea.com/madden-nfl-26/portraits/1554.png?im=FaceCrop,padding=0.7",https://drop-assets.ea.com/images/wS8JnLBEBj9eq68rO1qTb/b7b5285ad842936bc21bb149eb8c31b8/24.png,94,86,85,88,50,83,63,44,44,53,63,64,78,84,22,33,56,42,89,72,22,20,55,12,78,25,81,25,25,25,35,82,29,64,73,25,30,30,30,Short Stride Default,30,69,93,64,34,57,34,39,43,45,42,30,74,30,85
21115,Colton,McKivitz,Right Tackle,RT,San Francisco 49ers,15,81,29,West Virginia,78,301,68,5,Agile - OT,"https://ratings-images-prod.pulse.ea.com/madden-nfl-26/portraits/453.png?im=FaceCrop,padding=0.7",https://drop-assets.ea.com/images/1SoIzWJtk28ygwNAPEMRnf/deaee9a60ace23f7eaeaf4275c2282b0/15.png,68,55,66,82,84,85,10,33,12,6,32,15,35,48,5,18,30,82,89,10,25,25,10,84,12,5,81,81,83,79,6,31,26,10,31,15,89,91,86,Long Stride Awkward,15,15,71,10,35,34,6,6,6,6,30,10,88,25,15
20665,Connor,McGovern,Center,C,Buffalo Bills,3,81,27,Penn State,77,318,66,6,Pass Protector - C,"https://ratings-images-prod.pulse.ea.com/madden-nfl-26/portraits/9565.png?im=FaceCrop,padding=0.7",https://drop-assets.ea.com/images/212FXcpkDUjs9ZJpZ038pM/676904f80719bc724267b7eb5609c6af/3.png,62,61,67,84,87,92,10,20,12,5,40,15,35,55,5,10,20,84,87,10,25,25,10,76,12,5,81,83,84,81,10,15,10,10,15,12,82,83,81,Default Stride Awkward,15,15,69,10,10,40,10,10,10,10,30,13,84,20,15
15346,Craig,Woodson,Strong Safety,SS,New England Patriots,22,81,24,California,72,200,31,0,Zone - S,"https://ratings-images-prod.pulse.ea.com/madden-nfl-26/portraits/10790.png?im=FaceCrop,padding=0.7",https://drop-assets.ea.com/images/6Z0rWjQfkWgvj8K58X0WfA/aaaaa7e6c313bdfc5e624309ba6dfc4e/22.png,92,85,86,92,59,81,67,60,14,55,62,59,71,85,27,32,79,60,86,66,17,20,42,25,72,31,81,35,35,35,6,78,33,68,79,34,35,35,35,Default Stride Loose,36,62,91,59,45,77,6,6,6,6,24,12,85,48,80
22823,Dalton,Kincaid,Tight End,TE,Buffalo Bills,3,81,25,Utah,76,240,86,2,Vertical Threat - TE,"https://ratings-images-prod.pulse.ea.com/madden-nfl-26/portraits/2277.png?im=FaceCrop,padding=0.7",https://drop-assets.ea.com/images/212FXcpkDUjs9ZJpZ038pM/676904f80719bc724267b7eb5609c6af/3.png,90,67,90,84,71,84,75,35,17,67,76,82,92,79,72,10,41,62,87,73,19,21,39,56,16,70,81,58,58,54,6,17,10,23,33,74,60,60,57,Long Stride High and Tight,76,84,86,61,63,37,6,10,15,10,25,10,83,67,20
12336,DaQuan,Jones,Defensive Tackle,DT,Buffalo Bills,3,81,33,Penn State,76,320,92,11,Power Rusher - DT,"https://ratings-images-prod.pulse.ea.com/madden-nfl-26/portraits/6474.png?im=FaceCrop,padding=0.7",https://drop-assets.ea.com/images/212FXcpkDUjs9ZJpZ038pM/676904f80719bc724267b7eb5609c6af/3.png,65,62,69,81,88,91,10,82,12,10,39,15,24,50,4,69,80,89,93,10,17,7,10,17,24,8,81,45,45,45,6,94,84,19,82,15,45,45,45,Default Stride Awkward,15,15,70,10,20,84,6,6,6,6,16,14,84,15,36
12532,David,Njoku,Tight End,TE,Cleveland Browns,5,81,29,Miami,76,246,85,8,Vertical Threat - TE,"https://ratings-images-prod.pulse.ea.com/madden-nfl-26/portraits/8674.png?im=FaceCrop,padding=0.7",https://drop-assets.ea.com/images/4qbblHggBjaH9o46kyGeFo/27cab0f308b54edbd469e9b20cb506f7/5.png,89,82,95,88,72,78,85,42,12,77,76,88,86,73,62,10,15,65,87,77,19,15,40,50,26,68,81,62,56,61,6,13,10,10,37,76,59,59,54,Long Stride High and Tight,72,86,86,74,80,36,6,10,15,10,13,10,78,72,23
20348,Deebo,Samuel Sr,Wide Receiver,WR,Washington Commanders,26,81,29,South Carolina,72,215,1,6,,"https://ratings-images-prod.pulse.ea.com/madden-nfl-26/portraits/9618.png?im=FaceCrop,padding=0.7",https://drop-assets.ea.com/images/42h6FyIuthDAiH4cTWUXRH/bb952a9252013b5bfdf77ac3f4011601/RatingsteamcrestWashingtonCommanders256.png,90,89,94,95,80,80,94,43,30,85,71,87,83,89,75,11,39,46,88,91,12,15,85,25,21,79,81,38,16,21,23,34,11,16,48,81,50,18,23,Default,79,90,91,84,88,46,21,27,32,34,44,25,90,83,29
21454,Deommodore,Lenoir,Cornerback,CB,San Francisco 49ers,15,81,25,Oregon,70,200,2,4,Zone - CB,"https://ratings-images-prod.pulse.ea.com/madden-nfl-26/portraits/1205.png?im=FaceCrop,padding=0.7",https://drop-assets.ea.com/images/1SoIzWJtk28ygwNAPEMRnf/deaee9a60ace23f7eaeaf4275c2282b0/15.png,93,83,83,90,59,84,69,44,10,49,59,53,73,81,30,38,77,53,91,74,17,22,64,28,76,32,81,37,37,37,6,83,34,78,76,41,35,35,35,Short Stride Loose,35,56,91,67,41,67,6,6,6,6,25,10,87,42,82
21667,Divine,Deablo,Weak Backer,WILL,Atlanta Falcons,14,81,27,Virginia Tech,75,226,0,4,Pass Coverage - OLB,"https://ratings-images-prod.pulse.ea.com/madden-nfl-26/portraits/1329.png?im=FaceCrop,padding=0.7",https://drop-assets.ea.com/images/3NTxf2X9VWdF6aL91pHAVu/6002a1f3e761a58c3b00f0e08bdccf5f/14.png,86,83,82,85,69,83,66,67,21,56,62,65,73,74,45,48,89,68,86,70,11,14,54,36,72,48,81,35,35,35,6,81,45,72,87,56,35,35,35,Long Stride Default,52,69,88,63,53,87,6,6,6,6,23,18,91,48,78
15054,Emeka,Egbuka,Wide Receiver,WR,Tampa Bay Buccaneers,6,81,22,Ohio State,73,205,2,0,Deep Threat - WR,"https://ratings-images-prod.pulse.ea.com/madden-nfl-26/portraits/10542.png?im=FaceCrop,padding=0.7",https://drop-assets.ea.com/images/1L5Fn21WqZN9jcLucGYg4c/ce29db9b9b4775d4e8fc337bf5c65027/6.png,95,86,91,92,60,82,81,39,26,75,76,82,85,89,84,34,40,37,88,80,21,27,75,23,20,87,81,22,13,19,27,33,29,24,38,81,42,23,25,Default,87,86,90,74,53,30,18,22,26,22,71,24,88,43,23
21925,Evan,McPherson,Kicker,K,Cincinnati Bengals,2,81,26,Florida,71,185,2,4,Accurate - KP,"https://ratings-images-prod.pulse.ea.com/madden-nfl-26/portraits/1601.png?im=FaceCrop,padding=0.7",https://drop-assets.ea.com/images/5oemvWKqCFgBCkCI4h9A2U/0629c6d345fe01a14ba9f40554fd182e/2.png,81,63,63,84,37,65,14,11,12,5,21,15,32,56,12,10,13,11,93,12,91,97,10,10,11,14,81,13,12,12,15,17,10,10,25,14,17,16,16,Short Stride Awkward,22,15,75,11,10,16,15,20,31,15,27,13,54,10,15
20424,Germaine,Pratt,Weak Backer,WILL,Indianapolis Colts,10,81,29,N.C. State,74,250,53,6,Pass Coverage - OLB,"https://ratings-images-prod.pulse.ea.com/madden-nfl-26/portraits/9603.png?im=FaceCrop,padding=0.7",https://drop-assets.ea.com/images/5yTvAS7xG5Z8qw65gMLzSU/037cfcd90e26ee06666a24d762791f65/10.png,88,79,79,92,76,85,55,69,12,53,47,46,72,74,24,59,81,83,90,56,18,28,14,24,69,30,81,45,45,45,6,83,65,55,87,31,45,45,45,Default Stride Loose,35,56,88,40,41,90,6,6,6,6,25,16,81,34,73
2549,Grady,Jarrett,Defensive Tackle,DT,Chicago Bears,1,81,32,Clemson,72,294,50,10,,"https://ratings-images-prod.pulse.ea.com/madden-nfl-26/portraits/7185.png?im=FaceCrop,padding=0.7",https://drop-assets.ea.com/images/6jaEsYrn1V45DziwibpsDk/ed66ad67e63f08a3a7c25ce951dbf5b9/1.png,76,68,76,82,89,85,15,82,12,10,40,15,30,59,3,67,86,90,82,10,25,25,10,37,25,7,81,45,45,45,6,83,76,15,83,15,45,45,45,Default Stride Awkward,15,15,72,10,35,86,6,6,6,6,26,18,82,20,29
12863,Harrison,Butker,Kicker,K,Kansas City Chiefs,9,81,30,Georgia Tech,76,205,7,8,Power - KP,"https://ratings-images-prod.pulse.ea.com/madden-nfl-26/portraits/8498.png?im=FaceCrop,padding=0.7",https://drop-assets.ea.com/images/3g9AewmTPjE4A7yc2tobiZ/20b6502896df3893414233cb5fe1b803/9.png,76,54,65,82,44,70,28,12,14,14,26,10,30,46,10,10,12,15,86,28,87,96,10,15,15,10,81,19,15,16,20,17,10,10,12,12,18,20,15,Default Stride Awkward,10,12,74,15,16,15,25,25,33,20,27,24,63,17,15
17776,Isaac,Seumalo,Left Guard,LG,Pittsburgh Steelers,29,81,31,Oregon State,76,303,73,9,Power - G,"https://ratings-images-prod.pulse.ea.com/madden-nfl-26/portraits/8208.png?im=FaceCrop,padding=0.7",https://drop-assets.ea.com/images/4k4tkEjxICBzmTan96wMKZ/1d5d9145ace8a359ac5423c8c3e5e2d8/29.png,72,67,66,87,84,87,10,35,12,8,29,10,20,53,5,30,48,87,84,10,21,22,10,83,15,5,81,83,78,86,6,30,40,10,31,12,81,79,83,Default Stride Awkward,10,12,69,10,10,33,6,6,6,6,24,10,81,20,20
21512,Jaelan,Phillips,Right Edge,REDG,Philadelphia Eagles,13,81,26,Miami,77,263,50,4,Smaller Speed Rusher - DE,"https://ratings-images-prod.pulse.ea.com/madden-nfl-26/portraits/1028.png?im=FaceCrop,padding=0.7",https://drop-assets.ea.com/images/1Nt5pFCpjcBcADzHRbwfIk/ce90f9cb564aef7cc30cf1dd88c84150/13.png,90,85,87,83,83,78,32,77,11,16,39,21,39,76,12,83,78,83,83,35,14,19,10,13,41,16,81,45,45,45,6,78,79,27,84,23,45,45,45,Long Stride Loose,22,21,86,31,32,82,6,6,6,6,18,15,76,30,49
21073,Jauan,Jennings,Wide Receiver,WR,San Francisco 49ers,15,81,28,Tennessee,75,212,15,5,Physical - WR,"https://ratings-images-prod.pulse.ea.com/madden-nfl-26/portraits/391.png?im=FaceCrop,padding=0.7",https://drop-assets.ea.com/images/1SoIzWJtk28ygwNAPEMRnf/deaee9a60ace23f7eaeaf4275c2282b0/15.png,87,78,95,84,78,92,86,30,51,84,72,88,87,76,75,10,31,59,88,78,17,18,33,45,11,79,81,34,20,25,42,14,10,21,33,81,67,40,40,Long Stride Default,82,88,88,69,77,30,45,51,56,51,68,48,78,66,17
20940,Jerry,Jeudy,Wide Receiver,WR,Cleveland Browns,5,81,26,Alabama,73,193,3,5,,"https://ratings-images-prod.pulse.ea.com/madden-nfl-26/portraits/392.png?im=FaceCrop,padding=0.7",https://drop-assets.ea.com/images/4qbblHggBjaH9o46kyGeFo/27cab0f308b54edbd469e9b20cb506f7/5.png,93,92,85,90,64,76,87,28,25,77,75,81,81,92,82,10,26,43,87,91,17,19,69,28,23,82,81,35,13,18,10,24,10,26,38,79,42,19,24,Short Stride Loose,82,84,91,81,75,33,10,15,20,23,27,21,88,56,31
12389,Jimmie,Ward,Strong Safety,SS,Houston Texans,32,81,34,N. Illinois,71,195,20,11,Zone - S,"https://ratings-images-prod.pulse.ea.com/madden-nfl-26/portraits/6626.png?im=FaceCrop,padding=0.7",https://drop-assets.ea.com/images/4rWKgLRDGADEZ3pTbdrpW0/793a695de8ea5caf8f2e1b3973ae1b61/32.png,88,84,90,92,54,83,62,48,10,34,65,55,74,80,10,59,86,54,85,64,19,23,35,11,72,13,81,35,35,35,6,81,51,82,85,15,35,35,35,Default Stride Loose,15,61,89,60,47,79,6,6,6,6,28,16,85,61,79
22332,Jordan,Mason,Halfback,HB,Minnesota Vikings,31,81,26,Georgia Tech,71,223,27,3,Power Back - HB,"https://ratings-images-prod.pulse.ea.com/madden-nfl-26/portraits/4679.png?im=FaceCrop,padding=0.7",https://drop-assets.ea.com/images/bzuWJaOZo5LCC4SwdbVzx/f6dc0006f59641745e50721d0d8c9d38/31.png,92,77,80,77,78,84,90,37,35,86,91,54,60,75,35,20,48,43,89,84,11,12,65,40,30,42,81,47,37,35,13,24,17,33,45,56,48,39,35,Default Stride High and Tight,50,55,89,73,85,42,14,21,28,24,36,11,88,87,35
11807,Josh,Harris,Long Snapper,LS,Los Angeles Chargers,8,81,36,Auburn,73,224,47,13,Accurate - LS,"https://ratings-images-prod.pulse.ea.com/madden-nfl-26/portraits/5218.png?im=FaceCrop,padding=0.7",https://drop-assets.ea.com/images/1nyokQ4GLHKjmDL5IorxkB/29267d1765bd7f27730a007e1b070ec4/8.png,75,74,76,75,68,71,55,42,15,25,71,62,55,70,38,10,55,71,95,40,13,23,10,55,22,43,81,56,40,51,10,40,10,15,38,23,56,50,55,Default,48,56,77,45,55,56,10,10,10,10,25,10,85,53,21
15124,Josh,Simmons,Left Tackle,LT,Kansas City Chiefs,9,81,22,Ohio State,77,317,71,0,Pass Protector - OT,"https://ratings-images-prod.pulse.ea.com/madden-nfl-26/portraits/10728.png?im=FaceCrop,padding=0.7",https://drop-assets.ea.com/images/3g9AewmTPjE4A7yc2tobiZ/20b6502896df3893414233cb5fe1b803/9.png,76,69,71,89,88,83,17,36,14,5,30,14,18,58,5,32,38,84,84,10,15,12,10,84,12,5,81,84,84,86,6,15,36,10,26,12,76,76,79,Long Stride Awkward,15,18,78,10,19,34,6,6,6,6,16,13,86,29,16
12555,Jourdan,Lewis,Cornerback,CB,Jacksonville Jaguars,17,81,30,Michigan,70,195,2,8,Manto Man - CB,"https://ratings-images-prod.pulse.ea.com/madden-nfl-26/portraits/8641.png?im=FaceCrop,padding=0.7",https://drop-assets.ea.com/images/4s3Xa9huMY7IrNAc9h1TDa/9eb764bbfbbb6a2f651e3d44cdcfa103/17.png,88,85,85,88,67,86,73,58,16,66,65,73,73,84,15,36,66,61,89,78,26,26,81,10,83,22,81,35,35,35,6,84,27,82,78,26,35,35,35,Short Stride Default,32,77,89,73,38,69,6,6,6,6,24,10,84,38,79
17759,Ka'imi,Fairbairn,Kicker,K,Houston Texans,32,81,31,UCLA,72,183,15,9,Power - KP,"https://ratings-images-prod.pulse.ea.com/madden-nfl-26/portraits/8000.png?im=FaceCrop,padding=0.7",https://drop-assets.ea.com/images/4rWKgLRDGADEZ3pTbdrpW0/793a695de8ea5caf8f2e1b3973ae1b61/32.png,82,64,69,89,39,69,15,13,15,15,45,20,37,53,15,10,17,17,82,10,89,96,10,17,14,15,81,15,15,15,20,21,10,10,22,15,20,17,17,Default Stride Awkward,15,25,79,10,10,35,25,30,35,20,39,15,65,10,20
14935,Kamren,Kinchens,Free Safety,FS,Los Angeles Rams,24,81,22,Miami,71,202,26,1,Run Support - S,"https://ratings-images-prod.pulse.ea.com/madden-nfl-26/portraits/10141.png?im=FaceCrop,padding=0.7",https://drop-assets.ea.com/images/wS8JnLBEBj9eq68rO1qTb/b7b5285ad842936bc21bb149eb8c31b8/24.png,88,84,84,80,59,84,55,59,25,45,63,68,80,80,11,43,88,56,90,66,15,20,10,42,74,15,81,40,34,35,10,85,38,72,78,22,45,39,40,Default Stride Loose,24,67,86,64,43,75,14,17,21,23,31,11,83,49,83
14750,Laiatu,Latu,Left Edge,LEDG,Indianapolis Colts,10,81,24,UCLA,77,259,97,1,Smaller Speed Rusher - DE,"https://ratings-images-prod.pulse.ea.com/madden-nfl-26/portraits/10150.png?im=FaceCrop,padding=0.7",https://drop-assets.ea.com/images/5yTvAS7xG5Z8qw65gMLzSU/037cfcd90e26ee06666a24d762791f65/10.png,88,81,78,83,77,83,36,79,13,39,51,41,64,72,15,84,76,80,85,39,10,15,10,25,48,15,81,45,45,45,5,78,80,30,84,15,45,45,45,Default Stride Loose,15,45,84,35,10,81,5,5,5,5,19,16,84,25,52
22810,Michael,Wilson,Wide Receiver,WR,Arizona Cardinals,7,81,25,Stanford,74,213,14,2,Physical - WR,"https://ratings-images-prod.pulse.ea.com/madden-nfl-26/portraits/2480.png?im=FaceCrop,padding=0.7",https://drop-assets.ea.com/images/5NdzvrqrP3clJDBL6kdTmu/1f61914ff14c6f4be0240d71e622f9c6/7.png,90,89,93,76,72,83,79,33,24,77,72,90,90,85,76,10,37,52,83,76,24,25,60,34,10,80,81,32,23,25,10,15,10,17,39,80,53,31,36,Long Stride Default,80,89,89,73,74,42,15,20,25,15,33,20,80,64,15
22398,Nick,Cross,Free Safety,FS,Indianapolis Colts,10,81,23,Maryland,72,212,20,3,Zone - S,"https://ratings-images-prod.pulse.ea.com/madden-nfl-26/portraits/1319.png?im=FaceCrop,padding=0.7",https://drop-assets.ea.com/images/5yTvAS7xG5Z8qw65gMLzSU/037cfcd90e26ee06666a24d762791f65/10.png,96,87,88,87,67,79,65,54,17,52,54,59,73,82,16,38,85,50,91,67,23,25,40,22,72,18,81,35,35,35,8,77,32,71,80,25,35,35,35,Default Stride Loose,20,67,92,59,45,81,12,14,22,15,26,9,83,48,77
21474,Nick,Bolton,Mike Backer,MIKE,Kansas City Chiefs,9,81,25,Missouri,71,237,32,4,Run Stopper - MLB,"https://ratings-images-prod.pulse.ea.com/madden-nfl-26/portraits/977.png?im=FaceCrop,padding=0.7",https://drop-assets.ea.com/images/3g9AewmTPjE4A7yc2tobiZ/20b6502896df3893414233cb5fe1b803/9.png,84,74,78,95,74,86,32,76,17,21,54,34,64,72,6,51,87,81,94,42,11,20,10,17,66,10,81,45,45,45,6,87,63,48,93,15,45,45,45,Default Stride Awkward,20,37,87,38,31,86,6,6,6,6,13,16,89,29,69
15045,Omarion,Hampton,Halfback,HB,Los Angeles Chargers,8,81,22,North Carolina,72,220,8,0,Power Back - HB,"https://ratings-images-prod.pulse.ea.com/madden-nfl-26/portraits/10572.png?im=FaceCrop,padding=0.7",https://drop-assets.ea.com/images/1nyokQ4GLHKjmDL5IorxkB/29267d1765bd7f27730a007e1b070ec4/8.png,93,82,90,89,78,75,85,38,19,91,93,61,73,77,51,31,37,47,92,82,18,31,76,45,28,54,81,52,42,39,23,44,30,30,44,54,43,28,29,Default Stride High and Tight,61,58,90,77,82,43,12,24,15,24,25,21,94,91,36
14811,Quinshon,Judkins,Halfback,HB,Cleveland Browns,5,81,21,Ohio State,72,221,10,0,Elusive Back - HB,"https://ratings-images-prod.pulse.ea.com/madden-nfl-26/portraits/10618.png?im=FaceCrop,padding=0.7",https://drop-assets.ea.com/images/4qbblHggBjaH9o46kyGeFo/27cab0f308b54edbd469e9b20cb506f7/5.png,91,85,91,91,77,81,86,36,20,85,96,50,71,85,47,28,36,43,91,87,22,22,45,37,25,49,81,52,38,40,19,35,27,25,40,52,39,29,31,Default,57,47,90,76,81,39,14,27,27,7,29,24,92,84,35
21291,Robert,Hunt,Right Guard,RG,Carolina Panthers,21,81,29,UL Lafayette,78,335,50,5,Power - G,"https://ratings-images-prod.pulse.ea.com/madden-nfl-26/portraits/372.png?im=FaceCrop,padding=0.7",https://drop-assets.ea.com/images/4Klf6KKhbnVi5RaARK1OiL/13a917c75c0fbc4edb0eb018cb757d8d/21.png,58,60,68,92,89,90,28,30,12,27,38,19,41,51,5,10,39,87,90,30,20,20,10,88,12,5,81,78,75,80,6,26,29,10,25,12,84,86,82,Long Stride Default,12,26,66,10,15,39,6,6,6,6,25,14,87,36,15
17550,Sheldon,Rankins,Defensive Tackle,DT,Houston Texans,32,81,31,Louisville,74,305,90,9,,"https://ratings-images-prod.pulse.ea.com/madden-nfl-26/portraits/8186.png?im=FaceCrop,padding=0.7",https://drop-assets.ea.com/images/4rWKgLRDGADEZ3pTbdrpW0/793a695de8ea5caf8f2e1b3973ae1b61/32.png,72,71,83,79,87,94,26,80,12,13,40,28,47,58,3,71,80,85,89,25,17,17,9,35,28,5,81,44,45,44,6,93,78,13,80,15,45,45,46,Long Stride High and Tight,13,26,72,17,25,84,6,6,6,6,23,13,91,33,39
20591,T.J.,Edwards,Mike Backer,MIKE,Chicago Bears,1,81,29,Wisconsin,72,228,53,6,Field General - MLB,"https://ratings-images-prod.pulse.ea.com/madden-nfl-26/portraits/9449.png?im=FaceCrop,padding=0.7",https://drop-assets.ea.com/images/6jaEsYrn1V45DziwibpsDk/ed66ad67e63f08a3a7c25ce951dbf5b9/1.png,84,81,79,95,72,84,35,74,31,31,65,52,72,75,5,57,81,86,90,30,20,20,10,17,65,5,81,45,45,45,28,84,62,44,92,12,45,45,45,Default Stride Loose,15,48,85,30,50,89,32,36,39,41,42,33,85,47,71
22247,Tariq,Woolen,Cornerback,CB,Seattle Seahawks,28,81,26,UTSA,76,210,27,3,Zone - CB,"https://ratings-images-prod.pulse.ea.com/madden-nfl-26/portraits/2054.png?im=FaceCrop,padding=0.7",https://drop-assets.ea.com/images/2WrGCB8Atuo0aZ4MbstBrI/bbe9263ce111287adcef479efbc72160/28.png,96,87,94,92,60,82,62,50,16,53,62,62,82,84,40,34,61,53,89,71,18,24,45,15,72,42,81,35,35,35,6,81,29,85,71,44,35,35,35,Long Stride Loose,44,71,95,63,33,56,6,10,15,17,27,9,75,39,78
21490,Tre'von,Moehrig,Free Safety,FS,Carolina Panthers,21,81,26,TCU,74,202,7,4,Run Support - S,"https://ratings-images-prod.pulse.ea.com/madden-nfl-26/portraits/1212.png?im=FaceCrop,padding=0.7",https://drop-assets.ea.com/images/4Klf6KKhbnVi5RaARK1OiL/13a917c75c0fbc4edb0eb018cb757d8d/21.png,90,82,80,92,64,86,64,58,10,51,64,68,75,81,32,46,89,54,92,70,21,21,65,29,66,36,81,35,35,35,6,85,40,72,83,45,35,35,35,Long Stride Loose,38,69,90,63,55,76,6,6,6,6,22,20,85,42,75
10737,Von,Miller,Left Edge,LEDG,Washington Commanders,26,81,36,Texas AM,75,250,24,14,Smaller Speed Rusher - DE,"https://ratings-images-prod.pulse.ea.com/madden-nfl-26/portraits/4432.png?im=FaceCrop,padding=0.7",https://drop-assets.ea.com/images/42h6FyIuthDAiH4cTWUXRH/bb952a9252013b5bfdf77ac3f4011601/RatingsteamcrestWashingtonCommanders256.png,84,83,83,82,84,82,40,80,12,20,65,20,51,72,5,81,89,92,90,53,15,21,10,29,49,5,81,45,45,45,6,81,75,62,86,33,45,45,45,Default Stride Loose,15,41,84,46,35,87,6,6,6,6,19,13,88,41,60
15160,Will,Campbell,Left Tackle,LT,New England Patriots,22,81,21,LSU,78,319,66,0,Agile - OT,"https://ratings-images-prod.pulse.ea.com/madden-nfl-26/portraits/10515.png?im=FaceCrop,padding=0.7",https://drop-assets.ea.com/images/6Z0rWjQfkWgvj8K58X0WfA/aaaaa7e6c313bdfc5e624309ba6dfc4e/22.png,78,71,78,89,87,87,11,22,12,13,30,21,21,58,5,11,34,85,90,10,15,16,10,85,12,5,81,81,82,81,6,30,22,10,22,29,84,85,83,Long Stride Awkward,16,21,73,10,18,29,6,6,6,6,11,11,90,28,12
12846,Xavier,Woods,Free Safety,FS,Tennessee Titans,30,81,30,LA. Tech,71,200,25,8,Run Support - S,"https://ratings-images-prod.pulse.ea.com/madden-nfl-26/portraits/8789.png?im=FaceCrop,padding=0.7",https://drop-assets.ea.com/images/2YxvlDMaJsJwNQ4lS7qdCQ/d850f60dcbdcd71fb162eb55a46c7969/30.png,89,87,82,94,71,83,72,60,12,54,71,72,78,84,10,43,86,66,94,78,19,17,70,21,70,14,81,35,35,35,6,81,55,66,83,20,35,35,35,Short Stride Default,24,69,88,67,48,78,6,6,6,6,21,19,86,42,76
22285,Zyon,McCollum,Cornerback,CB,Tampa Bay Buccaneers,6,81,26,Sam Houston,74,199,27,3,Manto Man - CB,"https://ratings-images-prod.pulse.ea.com/madden-nfl-26/portraits/1840.png?im=FaceCrop,padding=0.7",https://drop-assets.ea.com/images/1L5Fn21WqZN9jcLucGYg4c/ce29db9b9b4775d4e8fc337bf5c65027/6.png,95,97,93,89,60,79,62,53,22,48,63,54,72,93,19,40,64,45,93,71,20,20,45,15,79,24,81,29,29,29,15,78,30,68,73,25,33,33,33,Default,28,64,93,62,38,67,8,10,15,21,26,13,75,40,78
12748,Aaron,Jones Sr,Halfback,HB,Minnesota Vikings,31,80,30,UTEP,69,208,33,8,Elusive Back - HB,"https://ratings-images-prod.pulse.ea.com/madden-nfl-26/portraits/8609.png?im=FaceCrop,padding=0.7",https://drop-assets.ea.com/images/bzuWJaOZo5LCC4SwdbVzx/f6dc0006f59641745e50721d0d8c9d38/31.png,92,91,89,90,71,80,88,23,18,80,86,61,73,88,61,10,24,42,87,85,20,21,55,44,15,65,80,59,32,36,15,18,10,20,35,64,25,15,15,Default,70,63,89,78,83,27,20,30,35,15,30,12,91,83,20
26668,Aaron,Rodgers,Quarterback,QB,Pittsburgh Steelers,29,80,41,California,74,223,8,20,Field General - QB,"https://ratings-images-prod.pulse.ea.com/madden-nfl-26/portraits/6299.png?im=FaceCrop,padding=0.7",https://drop-assets.ea.com/images/4k4tkEjxICBzmTan96wMKZ/1d5d9145ace8a359ac5423c8c3e5e2d8/29.png,76,75,74,93,59,83,76,19,74,59,64,15,47,72,12,10,12,29,89,48,18,15,10,22,13,14,80,12,12,12,92,25,10,10,24,15,23,18,18,Default,15,15,78,53,22,19,81,80,90,84,94,80,98,29,19
12613,Alex,Anzalone,Weak Backer,WILL,Detroit Lions,19,80,30,Florida,75,240,34,8,Pass Coverage - OLB,"https://ratings-images-prod.pulse.ea.com/madden-nfl-26/portraits/8469.png?im=FaceCrop,padding=0.7",https://drop-assets.ea.com/images/7cuE4tZcli1uQyZbvXWMrd/a2df9decdab28170691ca6631dd62139/19.png,86,81,75,90,74,83,35,72,12,12,47,33,61,72,7,57,84,87,84,31,18,28,14,24,68,12,80,45,45,45,6,82,65,43,88,19,45,45,45,Long Stride Loose,22,35,86,22,41,88,6,6,6,6,25,16,77,34,76
12551,Alvin,Kamara,Halfback,HB,New Orleans Saints,27,80,30,Tennessee,70,215,41,8,Receiving Back - HB,"https://ratings-images-prod.pulse.ea.com/madden-nfl-26/portraits/8617.png?im=FaceCrop,padding=0.7",https://drop-assets.ea.com/images/5beev0Bk7MVWyDSbEqr75u/837fe770a82d43aa3028a13988d8baf3/27.png,92,87,92,93,77,80,85,29,24,83,87,74,76,84,68,48,33,39,91,85,16,21,83,41,18,75,80,51,23,27,26,18,34,17,34,78,41,28,29,Default,79,74,88,78,86,29,23,31,34,33,41,15,85,85,24
14855,Braden,Fiske,Defensive Tackle,DT,Los Angeles Rams,24,80,25,Florida State,77,297,55,1,Power Rusher - DT,"https://ratings-images-prod.pulse.ea.com/madden-nfl-26/portraits/10072.png?im=FaceCrop,padding=0.7",https://drop-assets.ea.com/images/wS8JnLBEBj9eq68rO1qTb/b7b5285ad842936bc21bb149eb8c31b8/24.png,82,67,81,83,93,86,50,77,12,40,33,17,45,69,3,76,80,83,89,51,19,20,9,12,39,7,80,45,45,45,6,84,79,22,81,17,45,45,44,Long Stride Awkward,14,17,80,39,41,81,6,6,6,6,22,14,89,49,51
22234,Bryan,Cook,Free Safety,FS,Kansas City Chiefs,9,80,25,Cincinnati,73,206,6,3,Zone - S,"https://ratings-images-prod.pulse.ea.com/madden-nfl-26/portraits/1303.png?im=FaceCrop,padding=0.7",https://drop-assets.ea.com/images/3g9AewmTPjE4A7yc2tobiZ/20b6502896df3893414233cb5fe1b803/9.png,91,79,83,87,67,81,58,56,20,51,61,51,70,82,28,36,84,65,91,64,17,19,35,25,69,31,80,35,35,35,6,81,32,57,82,35,35,35,35,Default Stride Loose,35,59,90,55,44,79,6,6,6,6,24,10,89,45,77
14939,Calen,Bullock,Free Safety,FS,Houston Texans,32,80,22,USC,74,188,2,1,Zone - S,"https://ratings-images-prod.pulse.ea.com/madden-nfl-26/portraits/10025.png?im=FaceCrop,padding=0.7",https://drop-assets.ea.com/images/4rWKgLRDGADEZ3pTbdrpW0/793a695de8ea5caf8f2e1b3973ae1b61/32.png,92,87,80,90,54,78,76,59,17,70,64,69,78,88,20,35,79,52,92,75,22,19,60,15,70,27,80,30,24,25,6,77,25,66,82,40,32,27,29,Default Stride Loose,37,71,90,70,52,77,6,10,15,13,35,10,84,41,79
15006,Cam,Little,Kicker,K,Jacksonville Jaguars,17,80,22,Arkansas,74,179,39,1,Power - KP,"https://ratings-images-prod.pulse.ea.com/madden-nfl-26/portraits/10159.png?im=FaceCrop,padding=0.7",https://drop-assets.ea.com/images/4s3Xa9huMY7IrNAc9h1TDa/9eb764bbfbbb6a2f651e3d44cdcfa103/17.png,78,65,70,83,41,61,10,12,11,5,20,15,21,59,15,10,13,16,90,21,92,99,10,16,11,15,80,17,17,17,15,15,10,10,29,15,16,16,16,Default Stride Awkward,15,15,74,15,10,21,12,21,32,15,29,16,75,10,12
10697,Cameron,Jordan,Left Edge,LEDG,New Orleans Saints,27,80,36,California,76,287,94,14,Run Stopper - DE,"https://ratings-images-prod.pulse.ea.com/madden-nfl-26/portraits/4404.png?im=FaceCrop,padding=0.7",https://drop-assets.ea.com/images/5beev0Bk7MVWyDSbEqr75u/837fe770a82d43aa3028a13988d8baf3/27.png,77,77,76,86,87,85,26,79,12,14,42,15,42,66,4,69,85,95,97,30,29,33,10,22,31,8,80,45,45,45,6,85,77,22,87,20,45,45,45,Default Stride Awkward,15,15,77,25,25,86,6,6,6,6,30,14,92,10,41
14958,Cole,Bishop,Free Safety,FS,Buffalo Bills,3,80,22,Utah,74,207,24,1,Zone - S,"https://ratings-images-prod.pulse.ea.com/madden-nfl-26/portraits/10015.png?im=FaceCrop,padding=0.7",https://drop-assets.ea.com/images/212FXcpkDUjs9ZJpZ038pM/676904f80719bc724267b7eb5609c6af/3.png,93,84,92,88,64,79,64,62,31,64,65,58,66,81,12,53,74,65,91,67,28,27,60,33,74,15,80,15,14,13,19,77,57,71,79,14,21,18,19,Default Stride Loose,15,68,91,66,53,70,24,32,35,32,36,24,87,49,81
13684,Corey,Bojorquez,Punter,P,Cleveland Browns,5,80,29,New Mexico,72,217,13,7,Power - KP,"https://ratings-images-prod.pulse.ea.com/madden-nfl-26/portraits/9325.png?im=FaceCrop,padding=0.7",https://drop-assets.ea.com/images/4qbblHggBjaH9o46kyGeFo/27cab0f308b54edbd469e9b20cb506f7/5.png,74,63,44,86,41,67,15,24,16,10,33,10,24,52,10,10,15,18,87,10,87,95,10,14,12,12,80,17,17,19,14,13,10,10,25,12,19,18,18,Default,14,12,70,10,15,28,20,25,30,19,34,20,61,17,17
13154,DeShon,Elliott,Strong Safety,SS,Pittsburgh Steelers,29,80,28,Texas,73,210,25,7,Run Support - S,"https://ratings-images-prod.pulse.ea.com/madden-nfl-26/portraits/8877.png?im=FaceCrop,padding=0.7",https://drop-assets.ea.com/images/4k4tkEjxICBzmTan96wMKZ/1d5d9145ace8a359ac5423c8c3e5e2d8/29.png,88,79,86,88,57,83,63,57,15,41,66,58,76,79,10,52,83,67,84,70,17,18,35,22,65,10,80,35,35,35,6,81,44,73,84,25,35,35,35,Default Stride Loose,20,60,88,56,56,84,6,6,6,6,24,15,85,42,74
14902,Edgerrin,Cooper,Mike Backer,MIKE,Green Bay Packers,20,80,23,Texas AM,74,230,56,1,Pass Coverage - MLB,"https://ratings-images-prod.pulse.ea.com/madden-nfl-26/portraits/10041.png?im=FaceCrop,padding=0.7",https://drop-assets.ea.com/images/4ztQk5XogdkrJe6reVd3h8/16ecf8a0f4caf228c6e54ad0f8e17425/20.png,92,80,83,85,72,78,64,71,23,51,65,61,70,78,21,66,83,75,92,68,19,21,45,37,73,30,80,40,36,35,18,77,55,67,86,26,45,44,44,Default Stride Loose,35,59,89,64,57,85,20,22,26,27,22,38,87,53,76
23274,Ethan,Evans,Punter,P,Los Angeles Rams,24,80,24,Wingate,76,235,42,2,Power - KP,"https://ratings-images-prod.pulse.ea.com/madden-nfl-26/portraits/3146.png?im=FaceCrop,padding=0.7",https://drop-assets.ea.com/images/wS8JnLBEBj9eq68rO1qTb/b7b5285ad842936bc21bb149eb8c31b8/24.png,71,57,62,82,55,65,10,14,30,10,35,10,29,51,10,11,29,20,91,10,88,95,10,14,10,10,80,14,14,14,20,19,11,10,30,12,15,15,15,Long Stride Awkward,10,12,68,10,10,24,25,28,30,21,39,17,75,10,10
20966,Ezra,Cleveland,Left Guard,LG,Jacksonville Jaguars,17,80,27,Boise State,78,312,76,5,Pass Protector - G,"https://ratings-images-prod.pulse.ea.com/madden-nfl-26/portraits/215.png?im=FaceCrop,padding=0.7",https://drop-assets.ea.com/images/4s3Xa9huMY7IrNAc9h1TDa/9eb764bbfbbb6a2f651e3d44cdcfa103/17.png,78,71,74,91,88,79,10,56,12,5,34,15,30,56,5,37,52,83,90,10,11,11,10,84,11,5,80,84,81,86,6,42,50,10,51,15,79,81,77,Long Stride Awkward,15,15,76,10,10,55,6,6,6,6,10,10,90,25,12
15120,Harold,Fannin Jr,Tight End,TE,Cleveland Browns,5,80,21,Bowling Green St.,75,241,44,0,Vertical Threat - TE,"https://ratings-images-prod.pulse.ea.com/madden-nfl-26/portraits/10549.png?im=FaceCrop,padding=0.7",https://drop-assets.ea.com/images/4qbblHggBjaH9o46kyGeFo/27cab0f308b54edbd469e9b20cb506f7/5.png,85,81,82,86,75,80,87,34,55,79,75,82,85,73,67,32,27,66,93,81,32,33,30,57,23,69,80,58,59,59,53,21,28,10,30,75,63,63,60,Long Stride Default,74,82,82,74,78,30,60,63,65,52,77,52,90,77,24
22439,Ikem,Ekwonu,Left Tackle,LT,Carolina Panthers,21,80,24,N.C. State,76,320,79,3,Power - OT,"https://ratings-images-prod.pulse.ea.com/madden-nfl-26/portraits/1560.png?im=FaceCrop,padding=0.7",https://drop-assets.ea.com/images/4Klf6KKhbnVi5RaARK1OiL/13a917c75c0fbc4edb0eb018cb757d8d/21.png,78,57,72,88,93,81,16,44,14,17,40,14,32,56,5,35,55,93,93,10,23,27,10,86,12,5,80,77,74,79,6,35,42,10,45,12,85,87,83,Default Stride Awkward,10,15,75,10,30,45,6,6,6,6,23,11,97,28,14
24432,Isaiah,Rodgers Sr,Cornerback,CB,Minnesota Vikings,31,80,27,Massachusetts,70,170,2,5,Zone - CB,"https://ratings-images-prod.pulse.ea.com/madden-nfl-26/portraits/1513.png?im=FaceCrop,padding=0.7",https://drop-assets.ea.com/images/bzuWJaOZo5LCC4SwdbVzx/f6dc0006f59641745e50721d0d8c9d38/31.png,94,88,92,89,50,80,75,55,10,49,56,54,70,88,27,42,54,48,87,82,34,44,87,17,74,33,80,25,35,35,15,79,36,71,76,22,25,35,35,Short Stride Loose,38,68,95,73,42,64,10,10,15,15,26,15,80,34,80
10845,Jadeveon,Clowney,Left Edge,LEDG,Dallas Cowboys,11,80,32,South Carolina,77,255,42,11,Run Stopper - DE,"https://ratings-images-prod.pulse.ea.com/madden-nfl-26/portraits/6380.png?im=FaceCrop,padding=0.7",https://drop-assets.ea.com/images/4fzYNoreZSo04KbSHo3Sqn/0855e78441c821f956abac278f04abb7/11.png,85,82,88,83,84,78,55,82,12,27,53,40,49,69,5,72,85,94,83,54,20,21,10,28,45,5,80,45,45,45,6,79,79,35,88,15,45,45,45,Default Stride Bread Loaf,15,44,82,50,60,84,6,6,6,6,35,17,79,54,53
17670,Javon,Hargrave,Defensive Tackle,DT,Minnesota Vikings,31,80,32,S.C. State,74,305,97,9,Speed Rusher - DT,"https://ratings-images-prod.pulse.ea.com/madden-nfl-26/portraits/8035.png?im=FaceCrop,padding=0.7",https://drop-assets.ea.com/images/bzuWJaOZo5LCC4SwdbVzx/f6dc0006f59641745e50721d0d8c9d38/31.png,78,67,83,84,87,86,18,77,12,10,30,14,28,53,3,86,80,81,91,16,17,17,9,32,18,5,80,44,45,44,6,83,74,13,82,15,45,45,46,Default Stride Awkward,13,16,75,17,25,86,6,6,6,6,23,11,88,29,26
22786,Jayden,Reed,Wide Receiver,WR,Green Bay Packers,20,80,25,Michigan St.,71,187,11,2,,"https://ratings-images-prod.pulse.ea.com/madden-nfl-26/portraits/2365.png?im=FaceCrop,padding=0.7",https://drop-assets.ea.com/images/4ztQk5XogdkrJe6reVd3h8/16ecf8a0f4caf228c6e54ad0f8e17425/20.png,94,89,83,88,58,76,89,26,28,75,72,84,81,91,82,25,18,41,86,86,14,19,82,21,29,82,80,22,18,13,26,30,14,26,49,73,46,26,17,Short Stride Default,83,83,94,78,48,31,31,35,39,39,52,32,86,36,35
13436,JK,Scott,Punter,P,Los Angeles Chargers,8,80,28,Alabama,77,208,16,7,Power - KP,"https://ratings-images-prod.pulse.ea.com/madden-nfl-26/portraits/9052.png?im=FaceCrop,padding=0.7",https://drop-assets.ea.com/images/1nyokQ4GLHKjmDL5IorxkB/29267d1765bd7f27730a007e1b070ec4/8.png,78,69,75,89,51,70,13,20,20,9,36,15,21,61,15,10,16,18,91,17,81,95,10,16,12,15,80,18,18,18,21,18,10,10,29,15,17,17,17,Default Stride Loose,15,15,75,10,10,30,22,27,32,25,41,24,67,11,15
21103,John,Simpson,Left Guard,LG,NY Jets,18,80,28,Clemson,76,324,76,5,Power - G,"https://ratings-images-prod.pulse.ea.com/madden-nfl-26/portraits/571.png?im=FaceCrop,padding=0.7",https://drop-assets.ea.com/images/7M46e9acznPLjtJlC7FaWV/ef5cfc9e8306cbdae723a5f7e809b0fd/18.png,67,51,74,89,92,86,22,27,12,12,42,15,32,49,6,10,38,86,89,10,22,35,10,83,12,10,80,78,73,80,6,17,27,10,27,15,82,79,84,Default Stride Awkward,20,15,70,20,35,31,6,6,6,6,14,15,90,25,12
13356,John,Franklin-Myers,Defensive Tackle,DT,Denver Broncos,4,80,28,Stephen F. Austin,76,288,98,7,,"https://ratings-images-prod.pulse.ea.com/madden-nfl-26/portraits/8892.png?im=FaceCrop,padding=0.7",https://drop-assets.ea.com/images/4AYKY9OcX1CYbyMFBnvM8/ac07a8ff525004f92014e3259708acdf/4.png,80,71,80,80,90,84,30,81,12,24,26,18,38,62,4,81,84,88,91,31,12,16,10,18,25,8,80,45,45,45,9,81,74,25,79,15,45,45,45,Long Stride Default,15,15,78,21,34,82,9,9,9,9,20,17,85,32,33
22763,Josh,Downs,Wide Receiver,WR,Indianapolis Colts,10,80,24,North Carolina,70,175,2,2,Slot - WR,"https://ratings-images-prod.pulse.ea.com/madden-nfl-26/portraits/2117.png?im=FaceCrop,padding=0.7",https://drop-assets.ea.com/images/5yTvAS7xG5Z8qw65gMLzSU/037cfcd90e26ee06666a24d762791f65/10.png,93,91,91,86,51,82,82,22,34,71,74,82,92,90,78,10,19,34,90,76,25,27,74,19,10,81,80,25,15,17,35,15,10,10,27,69,41,22,15,Short Stride Default,81,83,90,69,38,22,39,40,46,43,54,33,86,33,10
20362,Kaleb,McGary,Right Tackle,RT,Atlanta Falcons,14,80,30,Washington,78,306,76,6,Power - OT,"https://ratings-images-prod.pulse.ea.com/madden-nfl-26/portraits/9564.png?im=FaceCrop,padding=0.7",https://drop-assets.ea.com/images/3NTxf2X9VWdF6aL91pHAVu/6002a1f3e761a58c3b00f0e08bdccf5f/14.png,74,61,81,87,87,91,30,38,12,35,46,47,52,51,23,34,35,83,88,33,15,20,10,91,15,29,80,74,70,78,6,53,48,10,27,46,90,95,85,Default Stride Awkward,36,41,73,31,36,34,6,6,6,6,30,10,98,34,20
22901,Kayshon,Boutte,Wide Receiver,WR,New England Patriots,22,80,23,LSU,72,195,9,2,Deep Threat - WR,"https://ratings-images-prod.pulse.ea.com/madden-nfl-26/portraits/1640.png?im=FaceCrop,padding=0.7",https://drop-assets.ea.com/images/6Z0rWjQfkWgvj8K58X0WfA/aaaaa7e6c313bdfc5e624309ba6dfc4e/22.png,90,86,83,87,58,82,83,27,21,77,73,86,87,84,83,10,23,42,85,80,11,16,69,23,11,81,80,29,18,22,10,16,10,13,30,80,51,34,28,Default,79,85,91,72,61,26,10,15,20,16,28,20,79,44,16
12387,Kyle,Van Noy,Left Edge,LEDG,Baltimore Ravens,25,80,34,BYU,75,250,53,11,Run Stopper - DE,"https://ratings-images-prod.pulse.ea.com/madden-nfl-26/portraits/6652.png?im=FaceCrop,padding=0.7",https://drop-assets.ea.com/images/3zZnTQ4izXUrnVi3ryTBcm/a12a28ccd2af4c0a0930b58db73552a7/25.png,84,78,79,89,76,91,55,79,12,24,65,65,73,71,5,69,71,89,87,48,23,27,10,21,61,7,80,45,45,45,6,91,78,60,87,25,45,45,45,Default Stride Loose,15,35,83,40,47,86,6,6,6,6,20,18,65,44,68
21565,Kyle,Pitts Sr,Tight End,TE,Atlanta Falcons,14,80,24,Florida,78,246,8,4,Vertical Threat - TE,"https://ratings-images-prod.pulse.ea.com/madden-nfl-26/portraits/1375.png?im=FaceCrop,padding=0.7",https://drop-assets.ea.com/images/3NTxf2X9VWdF6aL91pHAVu/6002a1f3e761a58c3b00f0e08bdccf5f/14.png,93,80,92,86,71,78,81,39,31,63,80,81,85,78,66,32,36,63,90,73,14,18,37,51,16,71,80,60,59,56,23,21,18,17,39,76,56,56,53,Default Stride Loose,75,87,90,68,75,41,23,32,29,29,48,21,90,70,23
21351,L'Jarius,Sneed,Cornerback,CB,Tennessee Titans,30,80,28,LA. Tech,73,192,38,5,Zone - CB,"https://ratings-images-prod.pulse.ea.com/madden-nfl-26/portraits/579.png?im=FaceCrop,padding=0.7",https://drop-assets.ea.com/images/2YxvlDMaJsJwNQ4lS7qdCQ/d850f60dcbdcd71fb162eb55a46c7969/30.png,93,87,93,95,60,81,78,58,14,60,68,58,76,86,33,46,76,59,89,82,24,22,70,19,70,26,80,25,35,35,6,81,35,93,77,22,18,35,35,Default Stride Loose,30,70,94,80,48,59,6,6,6,6,27,15,82,50,78
14643,Marvin,Harrison Jr,Wide Receiver,WR,Arizona Cardinals,7,80,23,Ohio State,75,209,18,1,,"https://ratings-images-prod.pulse.ea.com/madden-nfl-26/portraits/10102.png?im=FaceCrop,padding=0.7",https://drop-assets.ea.com/images/5NdzvrqrP3clJDBL6kdTmu/1f61914ff14c6f4be0240d71e622f9c6/7.png,93,91,93,90,57,80,87,15,22,74,75,84,84,93,79,18,19,38,86,80,15,25,50,21,17,82,80,22,15,18,6,28,12,19,24,78,45,13,20,Default,81,86,93,73,55,24,6,10,15,10,27,23,88,39,25
15237,Mason,Graham,Defensive Tackle,DT,Cleveland Browns,5,80,21,Michigan,76,306,94,0,,"https://ratings-images-prod.pulse.ea.com/madden-nfl-26/portraits/10564.png?im=FaceCrop,padding=0.7",https://drop-assets.ea.com/images/4qbblHggBjaH9o46kyGeFo/27cab0f308b54edbd469e9b20cb506f7/5.png,86,74,71,80,90,76,28,85,18,30,38,20,28,65,18,69,78,88,92,24,18,30,31,31,17,18,80,45,45,45,15,75,79,17,80,28,45,45,45,Long Stride Awkward,18,20,78,20,36,84,7,8,10,11,24,14,94,31,24
21829,Najee,Harris,Halfback,HB,Los Angeles Chargers,8,80,27,Alabama,73,242,22,4,Power Back - HB,"https://ratings-images-prod.pulse.ea.com/madden-nfl-26/portraits/1308.png?im=FaceCrop,padding=0.7",https://drop-assets.ea.com/images/1nyokQ4GLHKjmDL5IorxkB/29267d1765bd7f27730a007e1b070ec4/8.png,90,85,95,88,82,74,81,36,42,86,94,58,67,87,49,21,40,55,95,85,15,18,53,49,21,59,80,60,34,37,32,32,24,24,42,58,50,40,41,Long Stride Default,66,60,88,77,89,44,26,36,43,37,43,26,93,87,26
21481,Nate,Hobbs,Cornerback,CB,Green Bay Packers,20,80,26,Illinois,73,195,21,4,Zone - CB,"https://ratings-images-prod.pulse.ea.com/madden-nfl-26/portraits/1184.png?im=FaceCrop,padding=0.7",https://drop-assets.ea.com/images/4ztQk5XogdkrJe6reVd3h8/16ecf8a0f4caf228c6e54ad0f8e17425/20.png,92,88,93,91,65,82,70,56,13,51,58,54,66,86,34,33,67,60,90,75,14,15,74,24,76,41,80,35,35,35,6,82,29,85,78,42,35,35,35,Default Stride Loose,43,64,91,71,44,61,6,6,6,6,27,13,82,34,81
13129,Nick,Chubb,Halfback,HB,Houston Texans,32,80,29,Georgia,71,227,21,7,Power Back - HB,"https://ratings-images-prod.pulse.ea.com/madden-nfl-26/portraits/8846.png?im=FaceCrop,padding=0.7",https://drop-assets.ea.com/images/4rWKgLRDGADEZ3pTbdrpW0/793a695de8ea5caf8f2e1b3973ae1b61/32.png,88,82,92,93,86,85,85,29,28,82,94,53,68,80,41,12,35,35,86,82,12,17,35,37,12,48,80,61,25,39,15,18,18,13,35,48,37,30,34,Default Stride High and Tight,56,54,88,72,81,29,15,20,25,17,26,15,92,84,16
21511,Odafe,Oweh,Left Edge,LEDG,Los Angeles Chargers,8,80,26,Penn State,77,257,98,4,Power Rusher - DE,"https://ratings-images-prod.pulse.ea.com/madden-nfl-26/portraits/1602.png?im=FaceCrop,padding=0.7",https://drop-assets.ea.com/images/1nyokQ4GLHKjmDL5IorxkB/29267d1765bd7f27730a007e1b070ec4/8.png,90,86,93,79,80,75,46,76,17,35,48,41,54,75,19,70,83,85,89,44,26,29,10,27,45,26,80,45,45,45,6,73,81,28,84,32,45,45,45,Long Stride Loose,29,42,89,39,37,86,6,6,10,6,22,13,79,35,53
22766,Parker,Washington,Wide Receiver,WR,Jacksonville Jaguars,17,80,23,Penn State,70,212,11,2,Slot - WR,"https://ratings-images-prod.pulse.ea.com/madden-nfl-26/portraits/2454.png?im=FaceCrop,padding=0.7",https://drop-assets.ea.com/images/4s3Xa9huMY7IrNAc9h1TDa/9eb764bbfbbb6a2f651e3d44cdcfa103/17.png,91,87,89,85,66,84,87,20,20,78,75,86,85,87,81,10,31,48,89,83,18,20,87,29,10,82,80,24,12,15,6,16,10,10,20,75,40,21,15,Short Stride Default,82,87,89,76,52,30,6,10,15,10,25,20,87,59,10
14702,Patrick,Paul,Left Tackle,LT,Miami Dolphins,12,80,23,Houston,80,331,52,1,Pass Protector - OT,"https://ratings-images-prod.pulse.ea.com/madden-nfl-26/portraits/10204.png?im=FaceCrop,padding=0.7",https://drop-assets.ea.com/images/1rcCzp9f3OyZFzRBRFJVpC/8dc08dce09c05a748587769908cd710c/12.png,73,63,72,88,90,84,30,41,11,20,35,31,33,57,11,35,44,85,93,22,21,25,10,81,14,21,80,84,82,86,5,20,33,11,32,25,78,78,76,Long Stride Awkward,23,38,68,21,39,44,11,11,14,5,32,5,85,40,11
20999,Patrick,Queen,Mike Backer,MIKE,Pittsburgh Steelers,29,80,26,LSU,72,237,6,5,Run Stopper - MLB,"https://ratings-images-prod.pulse.ea.com/madden-nfl-26/portraits/538.png?im=FaceCrop,padding=0.7",https://drop-assets.ea.com/images/4k4tkEjxICBzmTan96wMKZ/1d5d9145ace8a359ac5423c8c3e5e2d8/29.png,89,85,84,92,73,87,71,73,12,52,73,50,71,78,37,67,91,78,92,72,20,20,15,23,58,48,80,45,45,45,6,86,59,53,89,38,45,45,45,Default Stride High and Tight,55,55,88,60,52,86,6,6,6,6,27,13,90,64,63
22187,Quay,Walker,Weak Backer,WILL,Green Bay Packers,20,80,25,Georgia,76,241,7,3,Run Stopper - OLB,"https://ratings-images-prod.pulse.ea.com/madden-nfl-26/portraits/2006.png?im=FaceCrop,padding=0.7",https://drop-assets.ea.com/images/4ztQk5XogdkrJe6reVd3h8/16ecf8a0f4caf228c6e54ad0f8e17425/20.png,90,86,78,89,75,75,67,74,15,53,55,49,57,73,28,67,87,71,91,61,16,19,10,24,56,30,80,45,45,45,6,74,58,45,91,35,45,45,45,Long Stride Loose,32,50,88,50,37,89,6,6,6,6,20,7,85,52,66
22695,Quentin,Johnston,Wide Receiver,WR,Los Angeles Chargers,8,80,23,TCU,75,208,1,2,Deep Threat - WR,"https://ratings-images-prod.pulse.ea.com/madden-nfl-26/portraits/2241.png?im=FaceCrop,padding=0.7",https://drop-assets.ea.com/images/1nyokQ4GLHKjmDL5IorxkB/29267d1765bd7f27730a007e1b070ec4/8.png,91,83,94,85,70,87,88,30,28,84,76,83,86,85,80,10,25,47,89,82,18,22,40,24,13,81,80,35,27,30,12,16,10,19,36,80,49,31,26,Long Stride Loose,80,85,93,76,81,31,10,15,20,13,30,18,87,66,19
14657,Ricky,Pearsall,Wide Receiver,WR,San Francisco 49ers,15,80,24,Florida,73,191,1,1,Slot - WR,"https://ratings-images-prod.pulse.ea.com/madden-nfl-26/portraits/10206.png?im=FaceCrop,padding=0.7",https://drop-assets.ea.com/images/1SoIzWJtk28ygwNAPEMRnf/deaee9a60ace23f7eaeaf4275c2282b0/15.png,91,92,94,86,61,79,81,24,30,72,74,89,90,91,76,11,15,42,87,76,22,23,79,25,16,78,80,31,19,21,31,17,11,16,30,73,45,24,17,Default,79,87,92,70,51,24,39,47,47,40,52,36,90,42,20
21846,Ryan,Neuzil,Center,C,Atlanta Falcons,14,80,28,Appalach. St.,75,301,64,4,Agile - C,"https://ratings-images-prod.pulse.ea.com/madden-nfl-26/portraits/4792.png?im=FaceCrop,padding=0.7",https://drop-assets.ea.com/images/3NTxf2X9VWdF6aL91pHAVu/6002a1f3e761a58c3b00f0e08bdccf5f/14.png,72,68,72,80,85,85,51,22,12,45,57,50,50,58,39,10,35,76,94,41,52,57,10,78,6,44,80,80,82,77,6,25,10,10,29,51,86,88,84,Default Stride Awkward,46,48,69,36,47,22,5,6,7,7,21,10,84,47,10
1087,Tarheeb,Still,Cornerback,CB,Los Angeles Chargers,8,80,23,Maryland,73,196,29,1,Zone - CB,"https://ratings-images-prod.pulse.ea.com/madden-nfl-26/portraits/10255.png?im=FaceCrop,padding=0.7",https://drop-assets.ea.com/images/1nyokQ4GLHKjmDL5IorxkB/29267d1765bd7f27730a007e1b070ec4/8.png,93,85,90,85,56,79,61,43,10,66,60,64,79,88,11,31,55,57,91,72,17,18,80,15,77,16,80,10,8,9,6,79,26,80,71,27,15,13,14,Default Stride Loose,26,66,89,66,32,60,6,10,11,11,27,11,76,26,84
9879,Tony,Jefferson,Strong Safety,SS,Los Angeles Chargers,8,80,33,Oklahoma,71,212,23,10,Run Support - S,"https://ratings-images-prod.pulse.ea.com/madden-nfl-26/portraits/6728.png?im=FaceCrop,padding=0.7",https://drop-assets.ea.com/images/1nyokQ4GLHKjmDL5IorxkB/29267d1765bd7f27730a007e1b070ec4/8.png,85,79,81,87,74,85,72,55,15,43,58,46,67,78,10,58,88,63,82,70,19,26,40,18,75,10,80,35,35,35,6,84,53,70,83,25,35,35,35,Default Stride Loose,20,63,87,66,50,74,6,6,6,6,24,18,80,45,81
22305,Travon,Walker,Left Edge,LEDG,Jacksonville Jaguars,17,80,24,Georgia,77,272,44,3,Power Rusher - DE,"https://ratings-images-prod.pulse.ea.com/madden-nfl-26/portraits/2008.png?im=FaceCrop,padding=0.7",https://drop-assets.ea.com/images/4s3Xa9huMY7IrNAc9h1TDa/9eb764bbfbbb6a2f651e3d44cdcfa103/17.png,92,83,88,83,88,78,47,82,12,29,54,46,60,73,14,72,87,96,92,46,15,14,10,21,44,19,80,45,45,45,6,76,79,29,83,27,45,45,45,Long Stride Loose,25,49,88,40,49,79,6,6,6,6,18,13,89,48,54
22315,Tyler,Allgeier,Halfback,HB,Atlanta Falcons,14,80,25,BYU,71,220,25,3,Power Back - HB,"https://ratings-images-prod.pulse.ea.com/madden-nfl-26/portraits/1132.png?im=FaceCrop,padding=0.7",https://drop-assets.ea.com/images/3NTxf2X9VWdF6aL91pHAVu/6002a1f3e761a58c3b00f0e08bdccf5f/14.png,89,83,80,85,80,78,84,34,25,90,99,45,67,79,38,17,43,45,91,80,13,18,68,44,17,47,80,65,30,35,16,26,21,19,44,42,41,34,27,Default,54,43,86,74,80,40,10,15,20,18,30,17,87,86,25
20979,Tyler,Biadasz,Center,C,Washington Commanders,26,80,27,Wisconsin,75,316,63,5,Agile - C,"https://ratings-images-prod.pulse.ea.com/madden-nfl-26/portraits/94.png?im=FaceCrop,padding=0.7",https://drop-assets.ea.com/images/42h6FyIuthDAiH4cTWUXRH/bb952a9252013b5bfdf77ac3f4011601/RatingsteamcrestWashingtonCommanders256.png,66,64,72,95,85,87,17,36,12,9,28,13,23,56,5,20,47,82,88,14,43,48,8,85,12,6,80,81,84,78,6,29,24,10,34,15,83,85,79,Default Stride Awkward,16,15,75,10,18,37,6,6,6,6,21,11,93,28,14
20397,Tytus,Howard,Right Tackle,RT,Houston Texans,32,80,29,Alabama St.,77,322,71,6,Pass Protector - OT,"https://ratings-images-prod.pulse.ea.com/madden-nfl-26/portraits/9509.png?im=FaceCrop,padding=0.7",https://drop-assets.ea.com/images/4rWKgLRDGADEZ3pTbdrpW0/793a695de8ea5caf8f2e1b3973ae1b61/32.png,68,60,73,87,85,85,47,24,30,37,24,15,28,52,5,10,28,84,86,41,16,20,10,82,12,5,80,85,82,86,27,15,10,10,27,15,75,77,73,Long Stride Loose,15,15,73,32,38,23,31,37,45,40,53,26,85,45,15
20821,A.J.,Cole,Punter,P,Las Vegas Raiders,23,79,29,N.C. State,76,220,6,6,Power - KP,"https://ratings-images-prod.pulse.ea.com/madden-nfl-26/portraits/220.png?im=FaceCrop,padding=0.7",https://drop-assets.ea.com/images/5ZrNmFWgR1vnwTOdqVmwYy/fe13aa7566120fb59130404e168c59ca/23.png,71,63,61,83,47,63,22,10,17,10,45,37,43,51,24,10,35,23,90,15,86,97,10,20,16,31,79,19,16,16,20,19,10,10,26,22,20,18,19,Default Stride Awkward,38,41,72,12,14,37,25,28,30,20,29,19,73,10,24
21016,Alohi,Gilman,Strong Safety,SS,Baltimore Ravens,25,79,27,Notre Dame,70,201,12,5,Zone - S,"https://ratings-images-prod.pulse.ea.com/madden-nfl-26/portraits/703.png?im=FaceCrop,padding=0.7",https://drop-assets.ea.com/images/3zZnTQ4izXUrnVi3ryTBcm/a12a28ccd2af4c0a0930b58db73552a7/25.png,83,88,78,89,63,87,67,62,18,48,58,52,73,85,27,48,78,62,90,71,17,19,45,16,69,31,79,35,35,35,6,84,43,59,80,30,35,35,35,Default Stride Loose,36,60,87,64,57,67,6,6,6,6,26,10,92,48,79
21171,Braden,Mann,Punter,P,Philadelphia Eagles,13,79,27,Texas AM,71,198,10,5,Power - KP,"https://ratings-images-prod.pulse.ea.com/madden-nfl-26/portraits/442.png?im=FaceCrop,padding=0.7",https://drop-assets.ea.com/images/1Nt5pFCpjcBcADzHRbwfIk/ce90f9cb564aef7cc30cf1dd88c84150/13.png,79,77,76,87,45,66,21,26,19,20,25,10,30,69,10,10,12,23,86,10,85,93,10,23,21,10,79,20,24,24,10,10,10,10,25,12,20,23,23,Default Stride Awkward,10,12,78,10,15,44,15,15,15,18,28,14,83,15,29
11594,Bryan,Anger,Punter,P,Dallas Cowboys,11,79,36,California,75,202,5,13,Power - KP,"https://ratings-images-prod.pulse.ea.com/madden-nfl-26/portraits/5023.png?im=FaceCrop,padding=0.7",https://drop-assets.ea.com/images/4fzYNoreZSo04KbSHo3Sqn/0855e78441c821f956abac278f04abb7/11.png,75,61,75,85,55,68,22,17,32,26,60,43,65,48,15,14,22,22,97,54,87,92,10,16,11,15,79,19,19,19,20,28,12,10,39,15,25,17,17,Default Stride Awkward,15,35,73,35,10,34,25,30,30,20,50,15,82,25,25
20417,Carl,Granderson,Right Edge,REDG,New Orleans Saints,27,79,28,Wyoming,77,261,96,6,Run Stopper - DE,"https://ratings-images-prod.pulse.ea.com/madden-nfl-26/portraits/9475.png?im=FaceCrop,padding=0.7",https://drop-assets.ea.com/images/5beev0Bk7MVWyDSbEqr75u/837fe770a82d43aa3028a13988d8baf3/27.png,86,74,84,81,80,79,40,82,12,26,29,29,38,66,7,80,76,79,89,30,14,18,28,18,33,11,79,45,45,44,6,80,72,26,87,14,45,45,46,Long Stride Loose,18,30,85,22,35,86,6,6,6,6,24,10,84,31,44
22373,Christian,Watson,Wide Receiver,WR,Green Bay Packers,20,79,26,North Dakota St.,76,208,9,3,Deep Threat - WR,"https://ratings-images-prod.pulse.ea.com/madden-nfl-26/portraits/2013.png?im=FaceCrop,padding=0.7",https://drop-assets.ea.com/images/4ztQk5XogdkrJe6reVd3h8/16ecf8a0f4caf228c6e54ad0f8e17425/20.png,95,85,91,80,65,81,85,26,18,74,74,85,87,86,80,10,20,42,87,80,17,14,75,25,11,78,79,30,20,25,10,17,10,15,31,69,45,25,20,Long Stride Default,76,84,97,71,54,27,10,15,20,12,26,17,78,47,18
21765,Christian,Barmore,Defensive Tackle,DT,New England Patriots,22,79,26,Alabama,77,305,90,4,Speed Rusher - DT,"https://ratings-images-prod.pulse.ea.com/madden-nfl-26/portraits/780.png?im=FaceCrop,padding=0.7",https://drop-assets.ea.com/images/6Z0rWjQfkWgvj8K58X0WfA/aaaaa7e6c313bdfc5e624309ba6dfc4e/22.png,75,64,81,78,89,86,25,76,12,20,41,23,37,56,9,82,82,89,91,24,12,11,10,31,17,12,79,45,45,45,6,85,78,13,84,16,45,45,45,Long Stride Loose,15,25,74,23,30,83,6,6,6,6,24,16,89,32,25
20532,David,Edwards,Left Guard,LG,Buffalo Bills,3,79,28,Wisconsin,78,308,76,6,Agile - G,"https://ratings-images-prod.pulse.ea.com/madden-nfl-26/portraits/9447.png?im=FaceCrop,padding=0.7",https://drop-assets.ea.com/images/212FXcpkDUjs9ZJpZ038pM/676904f80719bc724267b7eb5609c6af/3.png,69,62,65,90,82,87,49,37,30,36,45,30,46,53,14,27,35,81,92,34,11,21,10,83,12,17,79,83,84,80,25,30,31,10,35,33,83,84,81,Long Stride Default,26,34,68,27,44,39,27,34,40,31,40,27,90,43,12
17829,David,Onyemata,Defensive Tackle,DT,Atlanta Falcons,14,79,32,Manitoba,75,300,90,9,,"https://ratings-images-prod.pulse.ea.com/madden-nfl-26/portraits/8169.png?im=FaceCrop,padding=0.7",https://drop-assets.ea.com/images/3NTxf2X9VWdF6aL91pHAVu/6002a1f3e761a58c3b00f0e08bdccf5f/14.png,78,69,80,76,89,77,13,81,12,10,30,15,41,55,2,65,81,80,91,17,12,29,10,28,22,3,79,44,45,45,6,76,78,10,80,12,45,45,45,Default Stride Loose,10,25,73,11,29,87,6,6,6,6,13,17,85,26,33
506,DeAndre,Hopkins,Wide Receiver,WR,Baltimore Ravens,25,79,33,Clemson,73,212,10,12,Physical - WR,"https://ratings-images-prod.pulse.ea.com/madden-nfl-26/portraits/5873.png?im=FaceCrop,padding=0.7",https://drop-assets.ea.com/images/3zZnTQ4izXUrnVi3ryTBcm/a12a28ccd2af4c0a0930b58db73552a7/25.png,86,87,92,95,75,68,89,45,22,81,72,90,90,84,72,32,35,49,93,88,20,20,72,29,32,74,79,44,25,27,15,28,30,40,30,82,51,32,34,Short Stride Loose,75,92,89,84,79,52,10,10,15,15,35,23,97,59,35
13244,Dorance,Armstrong,Left Edge,LEDG,Washington Commanders,26,79,28,Kansas,76,255,92,7,Run Stopper - DE,"https://ratings-images-prod.pulse.ea.com/madden-nfl-26/portraits/8804.png?im=FaceCrop,padding=0.7",https://drop-assets.ea.com/images/42h6FyIuthDAiH4cTWUXRH/bb952a9252013b5bfdf77ac3f4011601/RatingsteamcrestWashingtonCommanders256.png,80,80,80,84,82,84,23,80,12,15,28,23,34,67,5,82,76,81,87,31,12,16,10,18,27,10,79,45,45,45,6,86,72,32,84,12,45,45,45,Long Stride Loose,15,20,79,23,26,83,6,6,6,6,20,14,93,27,41
21660,Elijah,Molden,Free Safety,FS,Los Angeles Chargers,8,79,26,Washington,70,192,2,4,Zone - S,"https://ratings-images-prod.pulse.ea.com/madden-nfl-26/portraits/1341.png?im=FaceCrop,padding=0.7",https://drop-assets.ea.com/images/1nyokQ4GLHKjmDL5IorxkB/29267d1765bd7f27730a007e1b070ec4/8.png,92,84,87,88,57,80,77,45,10,57,63,54,65,82,24,31,72,43,88,80,13,17,60,17,75,32,79,35,35,40,6,82,29,69,81,36,40,35,35,Short Stride Loose,43,58,90,70,47,71,6,6,6,6,25,15,87,49,78
13628,Frankie,Luvu,Weak Backer,WILL,Washington Commanders,26,79,28,Wash. St.,75,235,4,7,Run Stopper - OLB,"https://ratings-images-prod.pulse.ea.com/madden-nfl-26/portraits/9340.png?im=FaceCrop,padding=0.7",https://drop-assets.ea.com/images/42h6FyIuthDAiH4cTWUXRH/bb952a9252013b5bfdf77ac3f4011601/RatingsteamcrestWashingtonCommanders256.png,86,81,73,95,83,85,45,75,12,25,48,22,55,72,5,76,86,85,89,52,12,16,10,13,57,5,79,45,45,45,6,86,67,55,85,20,45,45,45,Default Stride Loose,15,49,85,39,33,82,6,6,6,6,34,15,85,55,65
21018,Geno,Stone,Free Safety,FS,Cincinnati Bengals,2,79,26,Iowa,70,209,22,5,Zone - S,"https://ratings-images-prod.pulse.ea.com/madden-nfl-26/portraits/590.png?im=FaceCrop,padding=0.7",https://drop-assets.ea.com/images/5oemvWKqCFgBCkCI4h9A2U/0629c6d345fe01a14ba9f40554fd182e/2.png,89,86,82,91,58,85,65,56,26,49,65,48,82,84,11,38,86,55,88,67,22,17,55,14,71,15,79,12,35,35,20,86,33,60,76,34,16,35,35,Default Stride Loose,30,63,87,62,55,72,21,25,29,33,42,26,89,48,77
22921,Gervon,Dexter Sr,Defensive Tackle,DT,Chicago Bears,1,79,23,Florida,78,326,99,2,,"https://ratings-images-prod.pulse.ea.com/madden-nfl-26/portraits/2108.png?im=FaceCrop,padding=0.7",https://drop-assets.ea.com/images/6jaEsYrn1V45DziwibpsDk/ed66ad67e63f08a3a7c25ce951dbf5b9/1.png,80,67,76,81,85,85,35,81,12,24,45,45,52,57,5,68,82,89,92,24,9,12,10,41,10,8,79,40,40,40,6,81,81,14,82,14,45,45,45,Long Stride Awkward,13,46,76,17,42,87,6,6,6,6,14,11,83,44,12
21457,Greg,Newsome II,Cornerback,CB,Jacksonville Jaguars,17,79,25,Northwestern,72,192,6,4,Manto Man - CB,"https://ratings-images-prod.pulse.ea.com/madden-nfl-26/portraits/1273.png?im=FaceCrop,padding=0.7",https://drop-assets.ea.com/images/4s3Xa9huMY7IrNAc9h1TDa/9eb764bbfbbb6a2f651e3d44cdcfa103/17.png,92,91,90,95,60,83,60,49,15,53,61,55,70,89,26,40,64,49,87,75,12,19,40,19,77,32,79,35,35,35,6,81,28,82,73,38,35,35,35,Short Stride Loose,39,60,92,66,44,45,6,6,6,6,22,13,82,32,75
4601,Grey,Zabel,Left Guard,LG,Seattle Seahawks,28,79,23,North Dakota St.,78,312,76,0,Agile - G,"https://ratings-images-prod.pulse.ea.com/madden-nfl-26/portraits/10792.png?im=FaceCrop,padding=0.7",https://drop-assets.ea.com/images/2WrGCB8Atuo0aZ4MbstBrI/bbe9263ce111287adcef479efbc72160/28.png,79,64,84,89,90,87,15,25,11,9,25,10,24,63,5,17,26,86,91,10,14,17,10,86,10,5,79,79,81,77,6,20,19,10,27,14,79,80,77,Default Stride Awkward,12,15,74,9,17,30,6,6,6,6,17,14,87,21,10
20716,Jack,Fox,Punter,P,Detroit Lions,19,79,29,Rice,74,224,3,7,Power - KP,"https://ratings-images-prod.pulse.ea.com/madden-nfl-26/portraits/9460.png?im=FaceCrop,padding=0.7",https://drop-assets.ea.com/images/7cuE4tZcli1uQyZbvXWMrd/a2df9decdab28170691ca6631dd62139/19.png,84,64,69,83,50,66,10,29,15,5,39,15,23,55,15,10,12,16,90,10,82,95,10,16,11,15,79,17,17,17,15,24,10,10,32,15,16,16,16,Default Stride Awkward,15,15,87,10,10,29,15,29,47,15,53,20,65,10,20
12809,Jake,Elliott,Kicker,K,Philadelphia Eagles,13,79,30,Memphis,69,167,4,8,Power - KP,"https://ratings-images-prod.pulse.ea.com/madden-nfl-26/portraits/8542.png?im=FaceCrop,padding=0.7",https://drop-assets.ea.com/images/1Nt5pFCpjcBcADzHRbwfIk/ce90f9cb564aef7cc30cf1dd88c84150/13.png,78,64,52,82,34,65,18,26,14,14,33,19,27,52,12,10,25,18,86,16,87,97,10,13,20,15,79,20,17,17,20,18,10,10,39,16,20,16,16,Short Stride Awkward,20,17,76,10,12,27,15,19,33,24,28,15,57,11,14
22951,Jalen,Redmond,Defensive Tackle,DT,Minnesota Vikings,31,79,26,Oklahoma,74,291,61,2,,"https://ratings-images-prod.pulse.ea.com/madden-nfl-26/portraits/2364.png?im=FaceCrop,padding=0.7",https://drop-assets.ea.com/images/bzuWJaOZo5LCC4SwdbVzx/f6dc0006f59641745e50721d0d8c9d38/31.png,85,74,83,67,85,80,22,80,10,10,42,30,37,64,5,80,80,85,83,27,12,14,10,34,18,6,79,40,40,40,5,81,74,25,82,15,45,45,45,Default Stride Awkward,10,35,79,25,35,85,6,6,6,6,22,5,81,35,24
15265,Jalon,Walker,Left Edge,LEDG,Atlanta Falcons,14,79,21,Georgia,73,243,11,0,Smaller Speed Rusher - DE,"https://ratings-images-prod.pulse.ea.com/madden-nfl-26/portraits/10766.png?im=FaceCrop,padding=0.7",https://drop-assets.ea.com/images/3NTxf2X9VWdF6aL91pHAVu/6002a1f3e761a58c3b00f0e08bdccf5f/14.png,92,85,81,73,80,73,47,76,25,30,49,39,51,76,28,79,78,70,88,51,25,27,35,38,36,33,79,45,45,45,25,73,70,36,84,36,45,45,45,Default Stride Loose,39,40,86,43,32,84,18,18,18,16,21,27,85,29,48
15202,James,Pearce Jr,Right Edge,REDG,Atlanta Falcons,14,79,21,Tennessee,77,245,27,0,Smaller Speed Rusher - DE,"https://ratings-images-prod.pulse.ea.com/madden-nfl-26/portraits/10689.png?im=FaceCrop,padding=0.7",https://drop-assets.ea.com/images/3NTxf2X9VWdF6aL91pHAVu/6002a1f3e761a58c3b00f0e08bdccf5f/14.png,92,76,76,73,76,85,44,70,12,31,48,33,53,68,5,81,74,66,86,40,21,24,30,29,40,10,79,40,40,40,15,77,71,31,79,14,40,40,40,Long Stride Loose,15,33,90,34,42,76,12,13,20,10,31,10,78,35,50
14579,Jayden,Daniels,Quarterback,QB,Washington Commanders,26,79,24,LSU,76,210,5,1,Scrambler - QB,"https://ratings-images-prod.pulse.ea.com/madden-nfl-26/portraits/10048.png?im=FaceCrop,padding=0.7",https://drop-assets.ea.com/images/42h6FyIuthDAiH4cTWUXRH/bb952a9252013b5bfdf77ac3f4011601/RatingsteamcrestWashingtonCommanders256.png,91,91,86,91,59,63,92,16,87,75,62,19,37,88,11,10,12,15,90,82,19,10,10,18,15,13,79,10,10,10,76,21,10,10,29,14,16,12,12,Default,16,23,90,74,32,19,83,87,86,86,92,84,93,28,14
22242,Jaylen,Watson,Cornerback,CB,Kansas City Chiefs,9,79,26,Wash. St.,74,197,35,3,Manto Man - CB,"https://ratings-images-prod.pulse.ea.com/madden-nfl-26/portraits/2014.png?im=FaceCrop,padding=0.7",https://drop-assets.ea.com/images/3g9AewmTPjE4A7yc2tobiZ/20b6502896df3893414233cb5fe1b803/9.png,92,82,90,89,66,78,64,55,20,52,59,57,64,86,32,41,64,53,91,73,17,16,45,24,79,36,79,29,29,29,6,77,33,77,73,41,34,34,34,Long Stride Loose,39,55,93,66,35,65,12,14,17,19,25,14,80,40,82
14697,JC,Latham,Right Tackle,RT,Tennessee Titans,30,79,22,Alabama,78,335,55,1,Power - OT,"https://ratings-images-prod.pulse.ea.com/madden-nfl-26/portraits/10149.png?im=FaceCrop,padding=0.7",https://drop-assets.ea.com/images/2YxvlDMaJsJwNQ4lS7qdCQ/d850f60dcbdcd71fb162eb55a46c7969/30.png,64,60,68,84,94,77,15,49,18,15,33,19,24,50,10,32,51,91,96,10,17,21,10,87,9,14,79,78,76,81,7,26,47,10,31,19,82,83,82,Long Stride Awkward,15,27,63,10,45,40,6,9,11,6,21,5,91,41,10
15367,Jeremy,Crawshaw,Punter,P,Denver Broncos,4,79,24,Florida,75,205,16,0,Power - KP,"https://ratings-images-prod.pulse.ea.com/madden-nfl-26/portraits/10530.png?im=FaceCrop,padding=0.7",https://drop-assets.ea.com/images/4AYKY9OcX1CYbyMFBnvM8/ac07a8ff525004f92014e3259708acdf/4.png,82,66,61,83,60,65,22,16,23,23,44,21,35,57,10,10,23,18,86,24,88,94,10,15,12,15,79,16,13,18,20,21,10,10,32,12,21,15,11,Default Stride Awkward,18,18,77,15,21,32,23,28,30,25,32,21,78,20,10
15268,Jihaad,Campbell,Mike Backer,MIKE,Philadelphia Eagles,13,79,21,Alabama,75,235,30,0,Pass Coverage - MLB,"https://ratings-images-prod.pulse.ea.com/madden-nfl-26/portraits/10514.png?im=FaceCrop,padding=0.7",https://drop-assets.ea.com/images/1Nt5pFCpjcBcADzHRbwfIk/ce90f9cb564aef7cc30cf1dd88c84150/13.png,91,87,85,87,72,74,52,73,23,38,62,56,66,81,27,62,84,74,88,56,20,22,10,26,69,30,79,45,45,45,6,72,56,54,87,32,45,45,45,Default Stride Loose,35,60,89,50,46,87,6,6,6,6,25,12,89,42,75
22876,Joe,Tippmann,Center,C,NY Jets,18,79,24,Wisconsin,78,317,66,2,Power - C,"https://ratings-images-prod.pulse.ea.com/madden-nfl-26/portraits/2430.png?im=FaceCrop,padding=0.7",https://drop-assets.ea.com/images/7M46e9acznPLjtJlC7FaWV/ef5cfc9e8306cbdae723a5f7e809b0fd/18.png,81,65,72,88,89,78,11,25,12,9,45,36,39,57,10,10,34,86,87,20,12,15,10,88,12,15,79,80,78,82,6,25,10,10,30,25,82,83,81,Long Stride Awkward,23,32,73,15,24,33,6,6,6,6,11,10,90,10,13
21058,Juwan,Johnson,Tight End,TE,New Orleans Saints,27,79,28,Oregon,76,231,83,5,Vertical Threat - TE,"https://ratings-images-prod.pulse.ea.com/madden-nfl-26/portraits/399.png?im=FaceCrop,padding=0.7",https://drop-assets.ea.com/images/5beev0Bk7MVWyDSbEqr75u/837fe770a82d43aa3028a13988d8baf3/27.png,87,83,85,85,69,86,80,36,26,74,76,83,84,77,63,14,37,54,88,76,25,29,45,31,19,67,79,59,55,58,26,23,17,21,38,70,62,53,58,Long Stride Default,72,87,87,71,59,34,20,25,30,24,36,22,82,50,27
12633,Kareem,Hunt,Halfback,HB,Kansas City Chiefs,9,79,30,Toledo,71,210,29,8,Power Back - HB,"https://ratings-images-prod.pulse.ea.com/madden-nfl-26/portraits/8597.png?im=FaceCrop,padding=0.7",https://drop-assets.ea.com/images/3g9AewmTPjE4A7yc2tobiZ/20b6502896df3893414233cb5fe1b803/9.png,89,86,89,86,81,80,87,29,21,84,93,59,71,87,55,10,24,50,86,83,16,24,55,58,13,61,79,59,23,28,26,16,10,20,34,52,57,34,39,Short Stride High and Tight,67,60,86,76,84,31,17,20,24,30,27,18,89,86,28
21571,Kenneth,Gainwell,Halfback,HB,Pittsburgh Steelers,29,79,26,Memphis,69,200,14,4,Elusive Back - HB,"https://ratings-images-prod.pulse.ea.com/madden-nfl-26/portraits/1300.png?im=FaceCrop,padding=0.7",https://drop-assets.ea.com/images/4k4tkEjxICBzmTan96wMKZ/1d5d9145ace8a359ac5423c8c3e5e2d8/29.png,87,86,84,84,70,83,84,25,34,80,89,58,71,86,58,10,23,33,90,87,45,47,80,29,12,65,79,56,30,35,30,15,10,15,37,57,32,26,19,Short Stride High and Tight,71,57,89,82,75,30,23,33,41,42,47,32,85,71,16
12504,Luke,Rhodes,Long Snapper,LS,Indianapolis Colts,10,79,32,William  Mary,74,238,46,9,Power - LS,"https://ratings-images-prod.pulse.ea.com/madden-nfl-26/portraits/8407.png?im=FaceCrop,padding=0.7",https://drop-assets.ea.com/images/5yTvAS7xG5Z8qw65gMLzSU/037cfcd90e26ee06666a24d762791f65/10.png,81,75,84,79,80,65,52,65,18,25,47,43,54,70,29,48,79,72,92,55,20,17,35,56,48,35,79,47,43,50,6,54,58,53,70,24,45,35,40,Long Stride Loose,39,41,80,42,44,75,6,6,6,6,29,10,88,45,55
15095,Luther,Burden III,Wide Receiver,WR,Chicago Bears,1,79,21,Missouri,72,210,10,0,,"https://ratings-images-prod.pulse.ea.com/madden-nfl-26/portraits/10510.png?im=FaceCrop,padding=0.7",https://drop-assets.ea.com/images/6jaEsYrn1V45DziwibpsDk/ed66ad67e63f08a3a7c25ce951dbf5b9/1.png,92,93,88,87,69,77,88,24,28,78,76,80,84,93,76,25,32,44,91,84,30,25,82,30,30,77,79,27,21,28,31,35,23,25,39,74,48,27,29,Default,78,82,92,80,70,35,10,10,12,17,11,24,87,61,41
20582,Mack,Wilson Sr,Weak Backer,WILL,Arizona Cardinals,7,79,27,Alabama,73,240,2,6,Run Stopper - OLB,"https://ratings-images-prod.pulse.ea.com/madden-nfl-26/portraits/9685.png?im=FaceCrop,padding=0.7",https://drop-assets.ea.com/images/5NdzvrqrP3clJDBL6kdTmu/1f61914ff14c6f4be0240d71e622f9c6/7.png,87,80,80,88,79,88,52,74,27,33,59,59,71,72,6,72,85,85,87,54,14,15,10,26,66,11,79,45,45,45,27,86,66,52,85,17,45,45,45,Default Stride Loose,21,65,87,39,42,83,30,38,48,25,52,30,88,36,69
28229,Matt,Prater,Kicker,K,Buffalo Bills,3,79,41,UCF,70,175,15,18,Power - KP,"https://ratings-images-prod.pulse.ea.com/madden-nfl-26/portraits/2449.png?im=FaceCrop,padding=0.7",https://drop-assets.ea.com/images/212FXcpkDUjs9ZJpZ038pM/676904f80719bc724267b7eb5609c6af/3.png,69,45,40,77,43,65,10,10,12,5,40,10,35,43,10,10,12,15,84,10,86,96,10,15,10,10,79,20,15,15,20,15,10,10,25,12,20,15,15,Default Stride Awkward,10,12,69,10,10,20,26,32,38,20,42,24,50,10,25
20607,Mike,Jackson,Cornerback,CB,Carolina Panthers,21,79,28,Miami,73,210,2,6,Manto Man - CB,"https://ratings-images-prod.pulse.ea.com/madden-nfl-26/portraits/9518.png?im=FaceCrop,padding=0.7",https://drop-assets.ea.com/images/4Klf6KKhbnVi5RaARK1OiL/13a917c75c0fbc4edb0eb018cb757d8d/21.png,88,84,93,86,61,80,56,53,10,43,57,49,69,85,12,37,63,45,87,67,14,15,30,15,83,19,79,35,35,35,6,79,32,74,75,45,35,35,35,Default Stride Loose,29,64,91,60,38,65,6,6,6,6,25,12,81,31,83
21561,Pat,Freiermuth,Tight End,TE,Pittsburgh Steelers,29,79,26,Penn State,77,258,88,4,Possession - TE,"https://ratings-images-prod.pulse.ea.com/madden-nfl-26/portraits/1377.png?im=FaceCrop,padding=0.7",https://drop-assets.ea.com/images/4k4tkEjxICBzmTan96wMKZ/1d5d9145ace8a359ac5423c8c3e5e2d8/29.png,83,77,88,89,78,79,75,55,19,67,78,85,88,72,65,44,58,72,91,65,62,72,30,58,32,68,79,63,60,63,6,41,49,26,59,73,61,57,60,Long Stride Default,73,84,83,61,74,58,10,15,50,12,30,13,86,83,41
20728,Quincy,Williams,Weak Backer,WILL,NY Jets,18,79,29,Murray State,71,225,56,6,Pass Coverage - OLB,"https://ratings-images-prod.pulse.ea.com/madden-nfl-26/portraits/172.png?im=FaceCrop,padding=0.7",https://drop-assets.ea.com/images/7M46e9acznPLjtJlC7FaWV/ef5cfc9e8306cbdae723a5f7e809b0fd/18.png,89,77,89,94,67,83,35,68,12,18,44,33,63,74,5,58,89,73,89,38,19,19,10,26,62,6,79,21,43,44,6,82,49,50,90,18,29,44,44,Default Stride Loose,15,48,88,32,39,87,6,6,6,6,25,13,87,30,70
22448,Rasheed,Walker,Left Tackle,LT,Green Bay Packers,20,79,25,Penn State,78,324,63,3,Pass Protector - OT,"https://ratings-images-prod.pulse.ea.com/madden-nfl-26/portraits/2007.png?im=FaceCrop,padding=0.7",https://drop-assets.ea.com/images/4ztQk5XogdkrJe6reVd3h8/16ecf8a0f4caf228c6e54ad0f8e17425/20.png,73,62,69,86,87,79,25,46,12,15,36,15,30,57,5,39,42,87,89,27,14,15,10,75,10,5,79,85,83,87,6,33,49,10,38,12,75,77,72,Default Stride Awkward,10,20,64,24,31,43,6,6,6,6,22,11,77,30,12
22666,Rashid,Shaheed,Wide Receiver,WR,Seattle Seahawks,28,79,27,Weber State,72,180,22,3,,"https://ratings-images-prod.pulse.ea.com/madden-nfl-26/portraits/4928.png?im=FaceCrop,padding=0.7",https://drop-assets.ea.com/images/2WrGCB8Atuo0aZ4MbstBrI/bbe9263ce111287adcef479efbc72160/28.png,95,90,87,84,60,75,86,23,22,77,70,77,85,91,85,14,19,31,85,87,17,19,89,16,25,78,79,33,15,16,10,17,15,15,32,72,36,9,14,Default Stride Loose,74,79,95,76,35,25,10,15,22,21,28,11,76,41,30
21792,Reed,Blankenship,Free Safety,FS,Philadelphia Eagles,13,79,26,Mid Tenn St.,73,203,32,3,Zone - S,"https://ratings-images-prod.pulse.ea.com/madden-nfl-26/portraits/2850.png?im=FaceCrop,padding=0.7",https://drop-assets.ea.com/images/1Nt5pFCpjcBcADzHRbwfIk/ce90f9cb564aef7cc30cf1dd88c84150/13.png,93,81,81,89,61,85,72,57,17,58,65,59,75,83,10,41,75,62,88,73,23,28,65,15,68,12,79,34,34,34,6,81,36,60,82,15,35,35,35,Default,14,66,87,65,50,76,12,15,20,15,25,10,79,45,74
15037,RJ,Harvey,Halfback,HB,Denver Broncos,4,79,24,UCF,68,205,12,0,Elusive Back - HB,"https://ratings-images-prod.pulse.ea.com/madden-nfl-26/portraits/10579.png?im=FaceCrop,padding=0.7",https://drop-assets.ea.com/images/4AYKY9OcX1CYbyMFBnvM8/ac07a8ff525004f92014e3259708acdf/4.png,94,85,88,88,73,77,84,35,49,82,88,62,68,82,54,29,34,36,85,85,26,21,79,32,26,57,79,50,38,39,45,36,27,25,42,57,37,25,28,Default,64,59,92,81,78,39,48,50,54,54,68,43,81,82,28
2512,Rob,Havenstein,Right Tackle,RT,Los Angeles Rams,24,79,33,Wisconsin,80,330,79,10,Power - OT,"https://ratings-images-prod.pulse.ea.com/madden-nfl-26/portraits/7166.png?im=FaceCrop,padding=0.7",https://drop-assets.ea.com/images/wS8JnLBEBj9eq68rO1qTb/b7b5285ad842936bc21bb149eb8c31b8/24.png,63,53,71,87,86,89,10,25,12,5,40,15,27,47,5,10,20,87,92,10,12,15,10,86,12,5,79,75,73,79,6,28,10,10,30,15,88,89,85,Default Stride Awkward,15,15,68,10,10,35,6,6,6,6,11,15,90,21,13
22076,Romeo,Doubs,Wide Receiver,WR,Green Bay Packers,20,79,25,Nevada,74,204,87,3,Deep Threat - WR,"https://ratings-images-prod.pulse.ea.com/madden-nfl-26/portraits/1471.png?im=FaceCrop,padding=0.7",https://drop-assets.ea.com/images/4ztQk5XogdkrJe6reVd3h8/16ecf8a0f4caf228c6e54ad0f8e17425/20.png,94,85,83,86,60,82,80,33,19,71,67,85,83,83,81,22,26,38,89,76,17,22,79,19,19,80,79,26,23,20,15,32,18,22,39,81,35,22,17,Long Stride Loose,78,83,92,71,43,35,10,15,20,12,24,17,86,35,31
22859,Steve,Avila,Left Guard,LG,Los Angeles Rams,24,79,25,TCU,75,330,73,2,Power - G,"https://ratings-images-prod.pulse.ea.com/madden-nfl-26/portraits/973.png?im=FaceCrop,padding=0.7",https://drop-assets.ea.com/images/wS8JnLBEBj9eq68rO1qTb/b7b5285ad842936bc21bb149eb8c31b8/24.png,71,56,73,87,88,82,11,16,11,10,35,20,23,56,6,10,35,90,91,10,25,27,9,75,9,10,79,79,76,82,5,18,10,10,18,15,82,81,85,Default Stride Awkward,20,21,65,10,10,30,5,5,5,5,17,10,90,20,10
14760,T'Vondre,Sweat,Defensive Tackle,DT,Tennessee Titans,30,79,24,Texas,77,366,93,1,,"https://ratings-images-prod.pulse.ea.com/madden-nfl-26/portraits/10258.png?im=FaceCrop,padding=0.7",https://drop-assets.ea.com/images/2YxvlDMaJsJwNQ4lS7qdCQ/d850f60dcbdcd71fb162eb55a46c7969/30.png,70,67,66,70,94,72,45,82,13,39,44,41,47,45,3,75,83,88,90,38,23,24,10,25,24,5,79,40,40,40,6,76,70,20,78,12,45,45,45,Default Stride Awkward,10,43,63,30,55,87,7,10,13,6,22,15,86,50,28
22764,Tank,Dell,Wide Receiver,WR,Houston Texans,32,79,25,Houston,70,165,3,2,,"https://ratings-images-prod.pulse.ea.com/madden-nfl-26/portraits/2090.png?im=FaceCrop,padding=0.7",https://drop-assets.ea.com/images/4rWKgLRDGADEZ3pTbdrpW0/793a695de8ea5caf8f2e1b3973ae1b61/32.png,94,90,81,93,50,74,86,18,17,72,71,85,86,93,79,10,13,33,82,86,13,19,79,22,10,80,79,27,21,16,6,16,10,15,29,77,48,21,11,Short Stride Default,81,84,92,81,35,21,10,15,20,10,27,17,87,28,10
22179,Travis,Jones,Defensive Tackle,DT,Baltimore Ravens,25,79,25,Connecticut,76,334,98,3,,"https://ratings-images-prod.pulse.ea.com/madden-nfl-26/portraits/1790.png?im=FaceCrop,padding=0.7",https://drop-assets.ea.com/images/3zZnTQ4izXUrnVi3ryTBcm/a12a28ccd2af4c0a0930b58db73552a7/25.png,72,71,71,70,95,74,20,82,10,19,25,13,26,59,5,64,81,87,90,18,14,15,10,35,15,6,79,45,45,45,6,73,77,16,78,14,45,45,45,Long Stride Awkward,10,14,75,17,35,86,6,6,6,6,20,10,89,33,19
2661,Trent,Brown,Right Tackle,RT,Houston Texans,32,79,32,Florida,80,370,77,10,Power - OT,"https://ratings-images-prod.pulse.ea.com/madden-nfl-26/portraits/7422.png?im=FaceCrop,padding=0.7",https://drop-assets.ea.com/images/4rWKgLRDGADEZ3pTbdrpW0/793a695de8ea5caf8f2e1b3973ae1b61/32.png,59,53,70,87,91,78,15,31,12,5,32,12,35,51,5,10,20,89,83,10,20,20,10,81,12,5,79,81,76,83,6,15,10,10,12,12,82,79,84,Default Stride Awkward,12,12,69,10,25,40,6,6,6,6,25,15,75,35,15
14647,Troy,Franklin,Wide Receiver,WR,Denver Broncos,4,79,22,Oregon,75,180,11,1,Deep Threat - WR,"https://ratings-images-prod.pulse.ea.com/madden-nfl-26/portraits/10077.png?im=FaceCrop,padding=0.7",https://drop-assets.ea.com/images/4AYKY9OcX1CYbyMFBnvM8/ac07a8ff525004f92014e3259708acdf/4.png,91,87,91,88,58,84,82,33,22,74,76,81,85,88,82,10,35,44,90,83,18,21,44,27,25,80,79,29,20,20,6,27,10,10,42,77,37,27,18,Long Stride Loose,80,82,92,75,58,35,6,10,15,10,23,19,82,48,32
14949,Tykee,Smith,Strong Safety,SS,Tampa Bay Buccaneers,6,79,24,Georgia,70,202,23,1,Hybrid - S,"https://ratings-images-prod.pulse.ea.com/madden-nfl-26/portraits/10251.png?im=FaceCrop,padding=0.7",https://drop-assets.ea.com/images/1L5Fn21WqZN9jcLucGYg4c/ce29db9b9b4775d4e8fc337bf5c65027/6.png,92,83,86,85,58,79,71,54,31,67,60,63,75,80,10,53,85,56,87,72,10,12,65,15,78,10,79,30,24,25,30,78,47,66,78,12,35,29,30,Default Stride Loose,20,61,90,67,35,75,25,32,34,35,33,23,91,33,78
15010,Tyrone,Tracy Jr,Halfback,HB,NY Giants,16,79,25,Purdue,73,210,29,1,Elusive Back - HB,"https://ratings-images-prod.pulse.ea.com/madden-nfl-26/portraits/10268.png?im=FaceCrop,padding=0.7",https://drop-assets.ea.com/images/5hloGwLNaCrg2IBn0CoWVb/b5996a802009a4252f992182bd9acf85/16.png,91,90,88,86,72,79,81,24,18,79,90,50,67,89,60,10,25,33,94,85,32,25,82,32,13,63,79,50,27,32,10,18,10,20,32,59,29,16,15,Default Stride Loose,68,50,90,76,71,29,10,15,20,10,24,17,84,75,19
21696,Tyson,Campbell,Cornerback,CB,Cleveland Browns,5,79,25,Georgia,73,195,7,4,Zone - CB,"https://ratings-images-prod.pulse.ea.com/madden-nfl-26/portraits/1355.png?im=FaceCrop,padding=0.7",https://drop-assets.ea.com/images/4qbblHggBjaH9o46kyGeFo/27cab0f308b54edbd469e9b20cb506f7/5.png,93,86,85,93,58,76,54,54,12,29,44,50,71,86,12,33,55,44,90,63,17,20,47,11,75,15,79,28,22,22,6,76,28,84,74,22,34,35,34,Default Stride Loose,21,56,92,55,35,70,6,10,15,10,31,10,78,26,81
14809,Woody,Marks,Halfback,HB,Houston Texans,32,79,24,USC,70,213,27,0,Elusive Back - HB,"https://ratings-images-prod.pulse.ea.com/madden-nfl-26/portraits/10644.png?im=FaceCrop,padding=0.7",https://drop-assets.ea.com/images/4rWKgLRDGADEZ3pTbdrpW0/793a695de8ea5caf8f2e1b3973ae1b61/32.png,88,84,85,87,70,82,86,32,29,83,95,49,73,84,45,24,25,39,89,85,23,23,76,39,22,55,79,51,42,40,30,32,24,24,34,61,40,33,29,Default Stride High and Tight,65,55,88,78,71,31,10,12,9,10,27,23,88,78,25
13208,Wyatt,Teller,Right Guard,RG,Cleveland Browns,5,79,30,Virginia Tech,76,315,77,7,Power - G,"https://ratings-images-prod.pulse.ea.com/madden-nfl-26/portraits/9076.png?im=FaceCrop,padding=0.7",https://drop-assets.ea.com/images/4qbblHggBjaH9o46kyGeFo/27cab0f308b54edbd469e9b20cb506f7/5.png,65,66,72,92,93,87,27,45,35,28,40,29,36,51,12,37,43,83,91,28,12,18,10,84,9,18,79,75,72,78,22,31,42,10,40,18,81,82,80,Long Stride Loose,22,27,72,26,19,50,19,24,27,26,40,27,90,44,10
15331,Xavier,Watts,Strong Safety,SS,Atlanta Falcons,14,79,23,Notre Dame,72,205,31,0,Zone - S,"https://ratings-images-prod.pulse.ea.com/madden-nfl-26/portraits/10771.png?im=FaceCrop,padding=0.7",https://drop-assets.ea.com/images/3NTxf2X9VWdF6aL91pHAVu/6002a1f3e761a58c3b00f0e08bdccf5f/14.png,88,82,84,90,62,81,70,55,29,59,65,62,76,82,30,33,78,57,93,71,17,20,80,25,72,35,79,35,35,35,20,78,36,67,80,36,35,35,35,Default Stride Loose,40,66,86,63,51,75,17,21,25,25,31,22,90,52,81
14650,Xavier,Worthy,Wide Receiver,WR,Kansas City Chiefs,9,79,22,Texas,71,165,1,1,,"https://ratings-images-prod.pulse.ea.com/madden-nfl-26/portraits/10305.png?im=FaceCrop,padding=0.7",https://drop-assets.ea.com/images/3g9AewmTPjE4A7yc2tobiZ/20b6502896df3893414233cb5fe1b803/9.png,98,89,90,86,47,75,87,17,45,73,73,76,84,91,82,10,15,32,91,84,20,21,83,16,13,78,79,24,15,12,31,15,10,10,25,68,33,21,17,Default,78,76,99,75,58,19,51,52,50,61,62,45,78,31,18
22952,Yaya,Diaby,Right Edge,REDG,Tampa Bay Buccaneers,6,79,26,Louisville,76,270,0,2,Power Rusher - DE,"https://ratings-images-prod.pulse.ea.com/madden-nfl-26/portraits/2114.png?im=FaceCrop,padding=0.7",https://drop-assets.ea.com/images/1L5Fn21WqZN9jcLucGYg4c/ce29db9b9b4775d4e8fc337bf5c65027/6.png,93,77,88,80,74,84,37,81,18,25,47,42,45,72,14,73,80,73,90,45,23,27,25,28,36,21,79,35,35,35,6,81,82,40,84,22,40,40,40,Default Stride Loose,25,44,89,35,49,81,6,6,6,6,23,14,79,31,45
12979,Zach,Wood,Long Snapper,LS,New Orleans Saints,27,79,32,SMU,75,255,49,8,Power - LS,"https://ratings-images-prod.pulse.ea.com/madden-nfl-26/portraits/9322.png?im=FaceCrop,padding=0.7",https://drop-assets.ea.com/images/5beev0Bk7MVWyDSbEqr75u/837fe770a82d43aa3028a13988d8baf3/27.png,64,64,70,76,75,65,42,61,12,20,45,42,46,55,15,58,71,63,93,36,24,25,10,48,24,19,79,59,40,50,10,34,61,25,68,22,51,34,39,Long Stride Loose,24,38,71,27,57,70,10,10,10,10,39,10,82,41,33
13480,Zaire,Franklin,Mike Backer,MIKE,Indianapolis Colts,10,79,29,Syracuse,72,235,44,7,Run Stopper - MLB,"https://ratings-images-prod.pulse.ea.com/madden-nfl-26/portraits/9777.png?im=FaceCrop,padding=0.7",https://drop-assets.ea.com/images/5yTvAS7xG5Z8qw65gMLzSU/037cfcd90e26ee06666a24d762791f65/10.png,89,80,88,95,80,81,41,68,12,21,52,48,61,72,5,64,82,81,93,48,20,20,10,19,56,6,79,45,45,45,6,82,55,43,90,20,45,45,45,Default,10,43,84,36,34,86,6,6,6,6,22,12,89,37,67
20629,Amani,Hooker,Strong Safety,SS,Tennessee Titans,30,78,27,Iowa,71,210,37,6,Zone - S,"https://ratings-images-prod.pulse.ea.com/madden-nfl-26/portraits/9508.png?im=FaceCrop,padding=0.7",https://drop-assets.ea.com/images/2YxvlDMaJsJwNQ4lS7qdCQ/d850f60dcbdcd71fb162eb55a46c7969/30.png,89,88,88,90,62,85,71,52,17,55,65,57,78,82,24,55,80,58,88,74,44,55,44,20,68,33,78,35,35,35,16,82,45,65,72,35,35,35,35,Short Stride Loose,37,70,88,57,45,73,24,28,34,27,42,17,81,32,74
21048,Antonio,Gibson,Halfback,HB,New England Patriots,22,78,27,Memphis,72,228,4,5,Elusive Back - HB,"https://ratings-images-prod.pulse.ea.com/madden-nfl-26/portraits/297.png?im=FaceCrop,padding=0.7",https://drop-assets.ea.com/images/6Z0rWjQfkWgvj8K58X0WfA/aaaaa7e6c313bdfc5e624309ba6dfc4e/22.png,91,88,88,89,68,78,81,38,32,83,83,67,72,86,64,28,43,36,90,87,14,18,83,30,23,71,78,57,28,28,30,31,21,29,46,71,43,22,26,Long Stride Default,76,71,92,79,79,43,29,34,39,38,43,30,84,77,34
21493,Ar'Darius,Washington,Free Safety,FS,Baltimore Ravens,25,78,25,TCU,68,176,29,4,Zone - S,"https://ratings-images-prod.pulse.ea.com/madden-nfl-26/portraits/1082.png?im=FaceCrop,padding=0.7",https://drop-assets.ea.com/images/3zZnTQ4izXUrnVi3ryTBcm/a12a28ccd2af4c0a0930b58db73552a7/25.png,87,81,89,86,57,83,67,48,15,50,59,63,71,84,15,30,74,52,85,73,11,10,40,10,77,25,78,35,35,35,15,84,25,62,82,12,35,35,35,Short Stride Loose,30,71,84,68,33,68,15,20,24,21,27,10,85,30,81
14623,Blake,Corum,Halfback,HB,Los Angeles Rams,24,78,24,Michigan,68,210,22,1,Elusive Back - HB,"https://ratings-images-prod.pulse.ea.com/madden-nfl-26/portraits/10043.png?im=FaceCrop,padding=0.7",https://drop-assets.ea.com/images/wS8JnLBEBj9eq68rO1qTb/b7b5285ad842936bc21bb149eb8c31b8/24.png,91,89,85,87,75,75,84,24,26,80,88,54,66,87,57,10,26,42,89,82,10,10,75,37,10,62,78,49,41,37,15,20,10,16,33,57,40,37,32,Default,68,54,93,78,77,32,10,18,25,18,27,11,88,82,20
22153,Boye,Mafe,Right Edge,REDG,Seattle Seahawks,28,78,26,Minnesota,76,261,53,3,Smaller Speed Rusher - DE,"https://ratings-images-prod.pulse.ea.com/madden-nfl-26/portraits/1821.png?im=FaceCrop,padding=0.7",https://drop-assets.ea.com/images/2WrGCB8Atuo0aZ4MbstBrI/bbe9263ce111287adcef479efbc72160/28.png,91,76,95,76,75,76,29,79,12,31,28,22,36,67,5,78,81,76,90,24,26,28,10,16,37,7,78,45,45,45,9,74,68,32,86,15,45,45,45,Long Stride Loose,14,34,90,17,39,83,9,12,17,9,21,10,85,35,47
13079,Bradley,Chubb,Right Edge,REDG,Miami Dolphins,12,78,29,N.C. State,76,275,2,7,Run Stopper - DE,"https://ratings-images-prod.pulse.ea.com/madden-nfl-26/portraits/8845.png?im=FaceCrop,padding=0.7",https://drop-assets.ea.com/images/1rcCzp9f3OyZFzRBRFJVpC/8dc08dce09c05a748587769908cd710c/12.png,86,78,86,82,89,79,39,79,12,36,53,36,56,68,4,77,87,92,86,38,15,18,10,17,48,8,78,45,45,45,6,80,71,28,82,13,45,45,45,Long Stride Loose,15,55,84,33,42,79,6,6,6,6,20,16,95,32,53
10847,Brandin,Cooks,Wide Receiver,WR,Buffalo Bills,3,78,31,Oregon State,70,189,18,11,Deep Threat - WR,"https://ratings-images-prod.pulse.ea.com/madden-nfl-26/portraits/6386.png?im=FaceCrop,padding=0.7",https://drop-assets.ea.com/images/212FXcpkDUjs9ZJpZ038pM/676904f80719bc724267b7eb5609c6af/3.png,92,89,85,89,54,76,87,32,22,73,74,84,87,90,78,10,15,40,90,77,20,21,79,20,18,79,78,32,19,20,6,24,10,10,34,75,47,28,34,Short Stride Loose,78,85,93,73,44,25,6,10,15,10,34,20,78,41,25
22055,Brian,Robinson Jr,Halfback,HB,San Francisco 49ers,15,78,26,Alabama,73,228,3,3,Power Back - HB,"https://ratings-images-prod.pulse.ea.com/madden-nfl-26/portraits/1918.png?im=FaceCrop,padding=0.7",https://drop-assets.ea.com/images/1SoIzWJtk28ygwNAPEMRnf/deaee9a60ace23f7eaeaf4275c2282b0/15.png,90,80,78,88,81,75,85,38,29,85,94,43,65,77,37,12,39,43,92,83,17,19,73,42,12,45,78,54,35,40,18,15,11,13,45,47,38,31,25,Default,52,44,88,70,83,39,18,20,29,18,29,13,89,87,17
22686,Bryce,Young,Quarterback,QB,Carolina Panthers,21,78,24,Alabama,70,204,9,2,Improviser - QB,"https://ratings-images-prod.pulse.ea.com/madden-nfl-26/portraits/2638.png?im=FaceCrop,padding=0.7",https://drop-assets.ea.com/images/4Klf6KKhbnVi5RaARK1OiL/13a917c75c0fbc4edb0eb018cb757d8d/21.png,89,84,75,85,54,75,80,17,81,69,59,18,35,88,9,10,14,19,89,80,23,23,22,13,9,12,78,12,12,10,81,13,10,9,32,13,16,10,10,Default Stride Loose,16,19,87,68,36,20,88,81,89,86,87,86,86,32,10
23112,Bryce,Baringer,Punter,P,New England Patriots,22,78,26,Michigan St.,75,215,17,2,Power - KP,"https://ratings-images-prod.pulse.ea.com/madden-nfl-26/portraits/2645.png?im=FaceCrop,padding=0.7",https://drop-assets.ea.com/images/6Z0rWjQfkWgvj8K58X0WfA/aaaaa7e6c313bdfc5e624309ba6dfc4e/22.png,75,67,65,84,50,63,21,26,23,15,40,15,28,59,15,10,33,18,92,23,83,95,10,15,10,15,78,12,12,12,24,17,10,10,29,15,14,14,14,Default Stride Awkward,15,21,73,19,14,32,26,31,33,22,38,17,85,15,10
2200,Cairo,Santos,Kicker,K,Chicago Bears,1,78,33,Tulane,68,173,8,11,Power - KP,"https://ratings-images-prod.pulse.ea.com/madden-nfl-26/portraits/6576.png?im=FaceCrop,padding=0.7",https://drop-assets.ea.com/images/6jaEsYrn1V45DziwibpsDk/ed66ad67e63f08a3a7c25ce951dbf5b9/1.png,74,66,60,84,33,65,10,26,15,15,35,15,25,51,15,10,25,16,80,10,85,94,10,16,20,15,78,17,17,17,15,29,10,10,42,15,17,16,16,Short Stride Awkward,15,15,72,10,10,22,15,15,33,15,26,15,60,10,14
13113,Calvin,Ridley,Wide Receiver,WR,Tennessee Titans,30,78,30,Alabama,73,190,0,7,,"https://ratings-images-prod.pulse.ea.com/madden-nfl-26/portraits/9038.png?im=FaceCrop,padding=0.7",https://drop-assets.ea.com/images/2YxvlDMaJsJwNQ4lS7qdCQ/d850f60dcbdcd71fb162eb55a46c7969/30.png,93,92,85,86,59,76,86,24,29,74,75,80,82,90,75,10,20,44,86,88,16,19,68,23,17,78,78,30,22,15,13,17,10,24,33,80,49,34,28,Short Stride High and Tight,76,86,93,79,64,29,18,23,28,24,32,22,80,30,25
14909,Cedric,Gray,Weak Backer,WILL,Tennessee Titans,30,78,22,North Carolina,74,234,33,1,Pass Coverage - OLB,"https://ratings-images-prod.pulse.ea.com/madden-nfl-26/portraits/10088.png?im=FaceCrop,padding=0.7",https://drop-assets.ea.com/images/2YxvlDMaJsJwNQ4lS7qdCQ/d850f60dcbdcd71fb162eb55a46c7969/30.png,91,77,85,85,69,77,57,74,23,54,60,62,70,74,15,67,82,70,95,64,14,15,45,34,69,21,78,25,23,24,16,76,59,66,87,18,28,27,23,Default Stride Loose,21,65,84,56,53,88,14,19,17,24,14,15,90,52,74
20873,Chase,McLaughlin,Kicker,K,Tampa Bay Buccaneers,6,78,29,Illinois,72,190,4,6,Power - KP,"https://ratings-images-prod.pulse.ea.com/madden-nfl-26/portraits/455.png?im=FaceCrop,padding=0.7",https://drop-assets.ea.com/images/1L5Fn21WqZN9jcLucGYg4c/ce29db9b9b4775d4e8fc337bf5c65027/6.png,77,64,50,84,39,63,20,15,15,15,45,10,40,50,10,10,12,15,81,15,85,98,10,15,15,10,78,10,14,16,20,15,10,10,20,12,15,16,16,Short Stride Awkward,10,12,73,15,15,20,20,25,33,20,41,23,75,15,20
13186,Christian,Kirk,Wide Receiver,WR,Houston Texans,32,78,28,Texas AM,71,200,13,7,,"https://ratings-images-prod.pulse.ea.com/madden-nfl-26/portraits/8963.png?im=FaceCrop,padding=0.7",https://drop-assets.ea.com/images/4rWKgLRDGADEZ3pTbdrpW0/793a695de8ea5caf8f2e1b3973ae1b61/32.png,92,88,85,89,65,79,85,23,23,72,73,83,89,86,77,10,24,43,87,88,14,18,84,22,15,78,78,34,26,30,16,20,10,17,33,77,44,28,32,Short Stride Loose,80,86,90,79,74,30,34,30,39,34,47,24,91,46,19
12785,Chuck,Clark,Free Safety,FS,Pittsburgh Steelers,29,78,30,Virginia Tech,72,210,21,8,Run Support - S,"https://ratings-images-prod.pulse.ea.com/madden-nfl-26/portraits/8507.png?im=FaceCrop,padding=0.7",https://drop-assets.ea.com/images/4k4tkEjxICBzmTan96wMKZ/1d5d9145ace8a359ac5423c8c3e5e2d8/29.png,90,85,82,93,67,81,55,53,10,44,61,57,68,84,10,49,84,65,94,61,25,25,35,20,72,10,78,35,35,35,15,79,38,65,78,15,35,35,35,Default,20,62,87,48,46,76,10,10,15,15,30,11,92,52,74
20692,Cody,Barton,Mike Backer,MIKE,Tennessee Titans,30,78,28,Utah,74,237,50,6,Field General - MLB,"https://ratings-images-prod.pulse.ea.com/madden-nfl-26/portraits/9381.png?im=FaceCrop,padding=0.7",https://drop-assets.ea.com/images/2YxvlDMaJsJwNQ4lS7qdCQ/d850f60dcbdcd71fb162eb55a46c7969/30.png,86,83,79,92,78,83,43,70,12,38,49,50,74,76,18,55,78,78,92,55,20,16,10,21,60,24,78,45,45,45,6,80,61,50,86,31,45,45,45,Default Stride Loose,29,50,85,47,50,85,6,6,6,6,22,15,88,39,72
22858,Cody,Mauch,Right Guard,RG,Tampa Bay Buccaneers,6,78,26,North Dakota St.,78,303,69,2,Power - G,"https://ratings-images-prod.pulse.ea.com/madden-nfl-26/portraits/2298.png?im=FaceCrop,padding=0.7",https://drop-assets.ea.com/images/1L5Fn21WqZN9jcLucGYg4c/ce29db9b9b4775d4e8fc337bf5c65027/6.png,77,73,72,85,87,80,44,44,53,39,55,49,50,62,33,34,51,86,93,41,15,15,10,84,10,37,78,80,76,82,35,44,51,10,51,49,77,75,79,Default Stride Awkward,42,48,70,35,47,45,41,43,45,43,46,41,95,41,11
20952,Cole,Kmet,Tight End,TE,Chicago Bears,1,78,26,Notre Dame,78,257,85,5,Possession - TE,"https://ratings-images-prod.pulse.ea.com/madden-nfl-26/portraits/711.png?im=FaceCrop,padding=0.7",https://drop-assets.ea.com/images/6jaEsYrn1V45DziwibpsDk/ed66ad67e63f08a3a7c25ce951dbf5b9/1.png,85,73,86,93,76,78,71,56,15,60,73,84,88,71,64,51,48,69,95,61,15,24,15,57,27,69,78,61,58,61,35,38,42,27,58,73,63,63,61,Long Stride Default,71,84,85,53,70,48,34,37,39,36,49,35,90,75,33
13195,Coleman,Shelton,Center,C,Los Angeles Rams,24,78,30,Washington,76,299,65,6,Agile - C,"https://ratings-images-prod.pulse.ea.com/madden-nfl-26/portraits/9056.png?im=FaceCrop,padding=0.7",https://drop-assets.ea.com/images/wS8JnLBEBj9eq68rO1qTb/b7b5285ad842936bc21bb149eb8c31b8/24.png,70,64,69,82,83,88,15,10,12,5,39,15,31,56,5,10,20,82,87,10,22,22,10,80,12,5,78,74,76,72,6,10,10,10,15,12,87,87,86,Long Stride Awkward,10,12,73,10,10,33,6,6,6,6,26,10,84,25,12
22259,Cor'Dale,Flott,Cornerback,CB,NY Giants,16,78,24,LSU,73,175,28,3,Zone - CB,"https://ratings-images-prod.pulse.ea.com/madden-nfl-26/portraits/1580.png?im=FaceCrop,padding=0.7",https://drop-assets.ea.com/images/5hloGwLNaCrg2IBn0CoWVb/b5996a802009a4252f992182bd9acf85/16.png,92,86,82,87,50,77,60,42,12,48,48,49,61,92,30,29,45,47,88,73,14,18,40,11,76,33,78,22,22,22,6,79,21,68,69,21,27,27,27,Long Stride Loose,36,62,89,65,23,65,6,10,15,10,25,10,78,21,83
20427,Daniel,Jones,Quarterback,QB,Indianapolis Colts,10,78,28,Duke,77,230,17,6,Field General - QB,"https://ratings-images-prod.pulse.ea.com/madden-nfl-26/portraits/9537.png?im=FaceCrop,padding=0.7",https://drop-assets.ea.com/images/5yTvAS7xG5Z8qw65gMLzSU/037cfcd90e26ee06666a24d762791f65/10.png,87,83,80,83,67,78,89,22,73,71,56,26,38,75,12,10,14,24,82,71,50,60,10,23,13,13,78,15,15,18,85,19,10,10,31,11,15,12,17,Default Stride High and Tight,14,41,87,54,45,24,83,83,93,84,87,88,95,55,18
20655,Darius,Slayton,Wide Receiver,WR,NY Giants,16,78,28,Auburn,73,194,18,6,Deep Threat - WR,"https://ratings-images-prod.pulse.ea.com/madden-nfl-26/portraits/9631.png?im=FaceCrop,padding=0.7",https://drop-assets.ea.com/images/5hloGwLNaCrg2IBn0CoWVb/b5996a802009a4252f992182bd9acf85/16.png,91,85,92,88,57,82,85,28,18,73,72,80,81,87,81,19,21,39,87,79,13,17,72,21,23,77,78,27,10,10,6,24,15,10,35,80,39,9,13,Default Stride Loose,78,86,94,75,63,30,6,10,15,10,24,17,84,36,26
12719,Davon,Godchaux,Defensive Tackle,DT,New Orleans Saints,27,78,30,LSU,75,330,92,8,,"https://ratings-images-prod.pulse.ea.com/madden-nfl-26/portraits/8566.png?im=FaceCrop,padding=0.7",https://drop-assets.ea.com/images/5beev0Bk7MVWyDSbEqr75u/837fe770a82d43aa3028a13988d8baf3/27.png,64,57,73,82,93,78,37,78,12,12,27,24,35,50,3,71,76,84,88,34,11,12,10,32,22,6,78,45,45,45,6,80,58,10,78,12,45,45,45,Default Stride Awkward,14,20,71,20,44,92,6,6,6,6,15,14,86,40,31
22263,Dax,Hill,Cornerback,CB,Cincinnati Bengals,2,78,24,Michigan,72,195,23,3,Slot - CB,"https://ratings-images-prod.pulse.ea.com/madden-nfl-26/portraits/1766.png?im=FaceCrop,padding=0.7",https://drop-assets.ea.com/images/5oemvWKqCFgBCkCI4h9A2U/0629c6d345fe01a14ba9f40554fd182e/2.png,94,96,88,88,56,74,65,52,21,55,63,60,71,92,27,53,78,56,92,73,15,18,40,15,76,30,78,35,35,35,6,73,40,72,75,30,35,35,35,Default,33,66,93,64,35,67,8,10,12,19,22,12,87,45,76
22166,Devonte,Wyatt,Defensive Tackle,DT,Green Bay Packers,20,78,27,Georgia,75,304,95,3,Speed Rusher - DT,"https://ratings-images-prod.pulse.ea.com/madden-nfl-26/portraits/2059.png?im=FaceCrop,padding=0.7",https://drop-assets.ea.com/images/4ztQk5XogdkrJe6reVd3h8/16ecf8a0f4caf228c6e54ad0f8e17425/20.png,88,69,72,79,86,83,31,78,12,25,39,38,41,60,19,80,83,89,91,23,21,26,12,32,24,24,78,45,45,45,5,80,72,15,81,22,45,45,45,Default,27,34,80,20,34,79,5,5,5,5,25,10,85,50,29
14968,Dru,Phillips,Cornerback,CB,NY Giants,16,78,23,Kentucky,71,180,22,1,Slot - CB,"https://ratings-images-prod.pulse.ea.com/madden-nfl-26/portraits/10208.png?im=FaceCrop,padding=0.7",https://drop-assets.ea.com/images/5hloGwLNaCrg2IBn0CoWVb/b5996a802009a4252f992182bd9acf85/16.png,91,90,95,87,62,78,62,57,26,63,55,51,59,88,21,40,66,52,89,72,27,26,60,21,77,29,78,26,15,14,14,80,33,77,76,32,30,24,25,Default Stride Loose,34,51,90,67,35,68,22,25,26,22,25,11,90,35,77
12589,Evan,Engram,Tight End,TE,Denver Broncos,4,78,30,Ole Miss,75,240,1,8,Vertical Threat - TE,"https://ratings-images-prod.pulse.ea.com/madden-nfl-26/portraits/8545.png?im=FaceCrop,padding=0.7",https://drop-assets.ea.com/images/4AYKY9OcX1CYbyMFBnvM8/ac07a8ff525004f92014e3259708acdf/4.png,87,87,89,90,66,74,85,32,14,76,74,80,82,79,63,28,28,69,88,79,16,22,59,50,24,67,78,62,55,61,18,26,20,22,37,72,62,59,62,Long Stride Loose,74,85,85,68,73,42,14,18,23,27,28,11,76,75,31
23028,Garrett,Williams,Cornerback,CB,Arizona Cardinals,7,78,24,Syracuse,70,192,21,2,Zone - CB,"https://ratings-images-prod.pulse.ea.com/madden-nfl-26/portraits/2478.png?im=FaceCrop,padding=0.7",https://drop-assets.ea.com/images/5NdzvrqrP3clJDBL6kdTmu/1f61914ff14c6f4be0240d71e622f9c6/7.png,90,90,87,87,63,80,65,57,53,67,55,59,72,90,11,36,72,46,86,73,17,18,67,17,76,14,78,25,34,33,45,81,27,81,77,20,25,34,33,Default Stride Loose,24,66,88,68,35,64,44,48,52,51,51,35,84,35,81
13115,Harrison,Phillips,Defensive Tackle,DT,NY Jets,18,78,29,Stanford,75,307,97,7,,"https://ratings-images-prod.pulse.ea.com/madden-nfl-26/portraits/9022.png?im=FaceCrop,padding=0.7",https://drop-assets.ea.com/images/7M46e9acznPLjtJlC7FaWV/ef5cfc9e8306cbdae723a5f7e809b0fd/18.png,67,72,78,83,93,73,30,80,12,24,26,22,27,61,3,63,78,83,88,26,11,17,10,32,19,7,78,45,45,45,6,77,72,11,80,15,45,45,45,Long Stride Loose,15,18,70,19,34,88,6,6,6,6,26,15,91,38,27
21903,Isaiah,McDuffie,Sam Backer,SAM,Green Bay Packers,20,78,26,Boston College,73,227,58,4,Run Stopper - OLB,"https://ratings-images-prod.pulse.ea.com/madden-nfl-26/portraits/1046.png?im=FaceCrop,padding=0.7",https://drop-assets.ea.com/images/4ztQk5XogdkrJe6reVd3h8/16ecf8a0f4caf228c6e54ad0f8e17425/20.png,89,75,79,79,73,76,73,74,22,54,74,41,60,68,24,52,79,71,86,68,12,14,10,29,70,29,78,45,45,45,6,76,48,42,87,35,45,45,45,Default Stride Loose,33,39,87,60,68,90,9,12,21,17,24,13,78,71,69
10539,J.J.,Jansen,Long Snapper,LS,Carolina Panthers,21,78,39,Notre Dame,74,235,44,18,Power - LS,"https://ratings-images-prod.pulse.ea.com/madden-nfl-26/portraits/4706.png?im=FaceCrop,padding=0.7",https://drop-assets.ea.com/images/4Klf6KKhbnVi5RaARK1OiL/13a917c75c0fbc4edb0eb018cb757d8d/21.png,70,66,42,74,70,71,20,42,10,20,62,51,60,59,35,10,50,69,93,13,21,15,10,53,14,40,78,56,40,50,6,25,10,10,60,40,54,42,50,Default,45,44,63,10,10,53,6,6,6,6,37,16,76,24,12
17663,Jack,Conklin,Right Tackle,RT,Cleveland Browns,5,78,31,Michigan St.,78,308,78,9,Power - OT,"https://ratings-images-prod.pulse.ea.com/madden-nfl-26/portraits/7954.png?im=FaceCrop,padding=0.7",https://drop-assets.ea.com/images/4qbblHggBjaH9o46kyGeFo/27cab0f308b54edbd469e9b20cb506f7/5.png,69,60,74,87,88,91,12,26,12,7,29,15,24,51,5,14,24,86,82,11,19,18,9,81,11,5,78,80,76,82,5,19,15,10,29,16,80,82,78,Default Stride Awkward,14,15,69,12,15,34,5,5,5,5,22,13,95,24,14
14704,Jackson,Powers-Johnson,Right Guard,RG,Las Vegas Raiders,23,78,22,Oregon,75,328,58,1,Power - G,"https://ratings-images-prod.pulse.ea.com/madden-nfl-26/portraits/10211.png?im=FaceCrop,padding=0.7",https://drop-assets.ea.com/images/5ZrNmFWgR1vnwTOdqVmwYy/fe13aa7566120fb59130404e168c59ca/23.png,75,69,78,83,88,77,10,49,12,5,37,17,31,57,5,37,55,87,92,10,18,21,10,88,11,10,78,78,75,81,9,42,45,11,41,15,80,82,78,Default Stride Awkward,15,15,70,10,10,46,6,6,8,8,15,9,91,25,11
16152,Jacory,Croskey-Merritt,Halfback,HB,Washington Commanders,26,78,24,Arizona,71,206,22,0,Elusive Back - HB,"https://ratings-images-prod.pulse.ea.com/madden-nfl-26/portraits/11008.png?im=FaceCrop,padding=0.7",https://drop-assets.ea.com/images/42h6FyIuthDAiH4cTWUXRH/bb952a9252013b5bfdf77ac3f4011601/RatingsteamcrestWashingtonCommanders256.png,95,80,90,83,67,83,82,31,31,82,91,55,62,83,33,30,26,36,89,83,27,26,67,33,20,43,78,50,40,41,33,26,27,21,36,41,36,28,31,Default Stride High and Tight,50,53,92,75,76,32,13,21,9,13,24,24,91,77,25
13109,Jaire,Alexander,Cornerback,CB,Philadelphia Eagles,13,78,28,Louisville,70,196,18,7,Manto Man - CB,"https://ratings-images-prod.pulse.ea.com/madden-nfl-26/portraits/8797.png?im=FaceCrop,padding=0.7",https://drop-assets.ea.com/images/1Nt5pFCpjcBcADzHRbwfIk/ce90f9cb564aef7cc30cf1dd88c84150/13.png,93,92,85,93,60,76,71,53,22,64,62,56,78,94,13,36,66,57,86,85,13,22,81,13,74,15,78,35,35,35,6,75,24,91,76,14,35,35,35,Short Stride Loose,20,66,91,77,26,52,6,6,6,6,26,13,64,25,79
20480,Jake,Bailey,Punter,P,Miami Dolphins,12,78,28,Stanford,74,205,16,6,Power - KP,"https://ratings-images-prod.pulse.ea.com/madden-nfl-26/portraits/9373.png?im=FaceCrop,padding=0.7",https://drop-assets.ea.com/images/1rcCzp9f3OyZFzRBRFJVpC/8dc08dce09c05a748587769908cd710c/12.png,84,66,80,81,43,66,22,23,17,10,40,15,39,55,15,10,12,10,83,16,86,91,10,7,10,15,78,9,10,10,20,26,10,10,24,15,7,10,10,Default Stride Awkward,15,15,82,10,15,29,17,23,26,23,44,14,43,12,27
17688,Jarran,Reed,Defensive Tackle,DT,Seattle Seahawks,28,78,31,Alabama,75,306,90,9,,"https://ratings-images-prod.pulse.ea.com/madden-nfl-26/portraits/8191.png?im=FaceCrop,padding=0.7",https://drop-assets.ea.com/images/2WrGCB8Atuo0aZ4MbstBrI/bbe9263ce111287adcef479efbc72160/28.png,67,61,76,83,89,87,18,78,12,10,33,14,30,54,3,77,78,86,92,16,17,17,9,34,18,5,78,44,45,44,6,84,66,13,81,15,45,45,46,Long Stride Loose,13,16,71,17,25,88,6,6,6,6,23,15,87,29,26
14956,Jarrian,Jones,Cornerback,CB,Jacksonville Jaguars,17,78,24,Florida State,72,191,22,1,Manto Man - CB,"https://ratings-images-prod.pulse.ea.com/madden-nfl-26/portraits/10133.png?im=FaceCrop,padding=0.7",https://drop-assets.ea.com/images/4s3Xa9huMY7IrNAc9h1TDa/9eb764bbfbbb6a2f651e3d44cdcfa103/17.png,93,88,93,85,43,72,70,46,12,65,61,59,74,84,22,43,61,54,87,73,18,16,48,15,81,26,78,25,15,14,6,72,28,68,76,31,28,21,23,Default Stride Loose,32,65,93,68,36,72,8,9,16,8,32,12,80,27,78
21272,Jaylinn,Hawkins,Free Safety,FS,New England Patriots,22,78,28,California,73,208,21,5,Zone - S,"https://ratings-images-prod.pulse.ea.com/madden-nfl-26/portraits/339.png?im=FaceCrop,padding=0.7",https://drop-assets.ea.com/images/6Z0rWjQfkWgvj8K58X0WfA/aaaaa7e6c313bdfc5e624309ba6dfc4e/22.png,88,82,85,91,63,81,63,61,15,45,55,60,74,78,30,44,87,62,88,66,24,28,60,10,71,37,78,30,35,35,6,79,50,68,79,32,30,35,35,Default Stride Loose,40,72,88,61,51,73,6,6,6,6,27,12,81,48,80
12600,Jermaine,Eluemunor,Right Tackle,RT,NY Giants,16,78,30,Texas AM,76,330,72,8,Power - OT,"https://ratings-images-prod.pulse.ea.com/madden-nfl-26/portraits/8544.png?im=FaceCrop,padding=0.7",https://drop-assets.ea.com/images/5hloGwLNaCrg2IBn0CoWVb/b5996a802009a4252f992182bd9acf85/16.png,62,57,71,82,92,82,18,15,12,12,22,20,27,47,5,10,37,82,88,25,25,25,10,76,12,7,78,83,82,85,6,10,10,10,26,12,78,77,79,Default Stride Awkward,17,17,68,15,28,33,6,6,6,6,24,10,84,36,12
21113,Jonah,Jackson,Right Guard,RG,Chicago Bears,1,78,28,Ohio State,75,319,73,5,Power - G,"https://ratings-images-prod.pulse.ea.com/madden-nfl-26/portraits/380.png?im=FaceCrop,padding=0.7",https://drop-assets.ea.com/images/6jaEsYrn1V45DziwibpsDk/ed66ad67e63f08a3a7c25ce951dbf5b9/1.png,65,57,66,89,86,90,10,29,12,5,31,15,29,46,5,22,20,85,93,10,12,14,10,84,12,5,78,78,75,80,6,31,35,10,30,15,81,83,79,Default Stride Awkward,15,15,68,10,10,37,6,6,6,6,11,10,88,25,13
21269,Julian,Blackmon,Strong Safety,SS,New Orleans Saints,27,78,27,Utah,72,187,23,5,Run Support - S,"https://ratings-images-prod.pulse.ea.com/madden-nfl-26/portraits/97.png?im=FaceCrop,padding=0.7",https://drop-assets.ea.com/images/5beev0Bk7MVWyDSbEqr75u/837fe770a82d43aa3028a13988d8baf3/27.png,89,88,87,89,57,82,66,52,11,51,52,60,75,85,26,37,75,52,82,74,15,22,30,11,70,31,78,25,35,35,6,81,29,67,78,30,25,35,35,Default Stride Loose,44,68,88,62,40,77,6,6,6,6,21,18,82,40,72
22139,Kayvon,Thibodeaux,Left Edge,LEDG,NY Giants,16,78,24,Oregon,77,258,5,3,Power Rusher - DE,"https://ratings-images-prod.pulse.ea.com/madden-nfl-26/portraits/1973.png?im=FaceCrop,padding=0.7",https://drop-assets.ea.com/images/5hloGwLNaCrg2IBn0CoWVb/b5996a802009a4252f992182bd9acf85/16.png,90,84,87,84,81,77,37,78,17,23,48,38,46,72,19,73,83,85,91,38,17,15,10,21,51,23,78,45,45,45,6,76,78,43,85,30,45,45,45,Long Stride Loose,26,40,88,31,36,80,6,6,10,6,22,13,85,34,58
20723,Keisean,Nixon,Cornerback,CB,Green Bay Packers,20,78,28,South Carolina,70,200,25,6,Zone - CB,"https://ratings-images-prod.pulse.ea.com/madden-nfl-26/portraits/486.png?im=FaceCrop,padding=0.7",https://drop-assets.ea.com/images/4ztQk5XogdkrJe6reVd3h8/16ecf8a0f4caf228c6e54ad0f8e17425/20.png,91,80,79,91,54,81,72,55,10,52,59,55,72,77,12,45,64,50,86,70,14,16,84,18,75,20,78,35,35,35,6,80,36,75,78,30,35,35,35,Short Stride Loose,30,68,93,65,35,77,6,6,6,6,29,10,84,45,78
17661,Kenny,Clark,Defensive Tackle,DT,Dallas Cowboys,11,78,29,UCLA,75,314,95,9,,"https://ratings-images-prod.pulse.ea.com/madden-nfl-26/portraits/7947.png?im=FaceCrop,padding=0.7",https://drop-assets.ea.com/images/4fzYNoreZSo04KbSHo3Sqn/0855e78441c821f956abac278f04abb7/11.png,75,62,71,85,91,80,27,79,12,14,34,22,24,57,3,69,82,90,91,24,17,17,9,36,33,5,78,44,45,44,6,81,78,13,82,15,45,45,46,Long Stride Loose,13,24,72,17,27,84,6,6,6,6,23,18,92,35,38
15035,Kyle,Monangai,Halfback,HB,Chicago Bears,1,78,23,Rutgers,68,207,25,0,Power Back - HB,"https://ratings-images-prod.pulse.ea.com/madden-nfl-26/portraits/10666.png?im=FaceCrop,padding=0.7",https://drop-assets.ea.com/images/6jaEsYrn1V45DziwibpsDk/ed66ad67e63f08a3a7c25ce951dbf5b9/1.png,88,81,83,92,77,78,85,33,32,83,96,48,68,78,37,30,35,41,91,82,22,30,72,43,22,46,78,49,39,44,28,26,28,21,38,46,43,30,32,Default Stride High and Tight,53,46,86,76,78,36,21,27,10,25,24,36,94,92,24
17554,Leonard,Floyd,Right Edge,REDG,Atlanta Falcons,14,78,32,Georgia,77,240,56,9,Smaller Speed Rusher - DE,"https://ratings-images-prod.pulse.ea.com/madden-nfl-26/portraits/8005.png?im=FaceCrop,padding=0.7",https://drop-assets.ea.com/images/3NTxf2X9VWdF6aL91pHAVu/6002a1f3e761a58c3b00f0e08bdccf5f/14.png,86,83,91,86,76,83,41,78,12,21,41,27,55,69,5,77,77,80,94,41,19,21,12,16,52,5,78,45,44,43,6,80,69,42,82,18,45,44,44,Default Stride Loose,15,26,85,33,28,82,6,6,6,6,22,14,85,27,57
22435,Luke,Wattenberg,Center,C,Denver Broncos,4,78,27,Washington,77,300,60,3,Pass Protector - C,"https://ratings-images-prod.pulse.ea.com/madden-nfl-26/portraits/2015.png?im=FaceCrop,padding=0.7",https://drop-assets.ea.com/images/4AYKY9OcX1CYbyMFBnvM8/ac07a8ff525004f92014e3259708acdf/4.png,78,69,73,84,79,79,12,31,12,7,28,15,26,62,5,24,31,80,91,13,16,19,10,83,7,5,78,84,86,80,6,25,23,10,27,10,78,80,75,Long Stride Awkward,15,15,66,14,19,32,6,6,6,6,17,10,69,30,8
15357,Malaki,Starks,Free Safety,FS,Baltimore Ravens,25,78,21,Georgia,73,197,24,0,Zone - S,"https://ratings-images-prod.pulse.ea.com/madden-nfl-26/portraits/10740.png?im=FaceCrop,padding=0.7",https://drop-assets.ea.com/images/3zZnTQ4izXUrnVi3ryTBcm/a12a28ccd2af4c0a0930b58db73552a7/25.png,91,90,80,93,63,77,71,58,35,60,62,57,72,91,21,37,79,56,92,72,18,21,81,25,73,25,78,35,35,35,30,73,36,72,82,29,35,35,35,Default Stride Loose,32,62,89,64,49,76,26,29,33,33,40,32,91,49,76
12527,Malik,Hooker,Free Safety,FS,Dallas Cowboys,11,78,29,Ohio State,74,212,28,8,Zone - S,"https://ratings-images-prod.pulse.ea.com/madden-nfl-26/portraits/8592.png?im=FaceCrop,padding=0.7",https://drop-assets.ea.com/images/4fzYNoreZSo04KbSHo3Sqn/0855e78441c821f956abac278f04abb7/11.png,89,85,89,91,76,83,73,51,13,48,68,59,81,83,11,38,82,59,83,69,19,20,48,14,66,16,78,13,33,34,15,81,34,61,73,22,18,33,34,Default,26,76,88,60,47,75,10,10,15,15,26,18,79,46,75
20497,Marquise,Brown,Wide Receiver,WR,Kansas City Chiefs,9,78,28,Oklahoma,69,180,5,6,,"https://ratings-images-prod.pulse.ea.com/madden-nfl-26/portraits/9402.png?im=FaceCrop,padding=0.7",https://drop-assets.ea.com/images/3g9AewmTPjE4A7yc2tobiZ/20b6502896df3893414233cb5fe1b803/9.png,93,95,85,89,44,73,86,19,17,72,72,80,86,90,78,10,12,33,86,86,16,19,78,19,17,77,78,23,10,10,6,16,10,12,22,76,38,11,10,Short Stride Default,76,83,94,76,52,18,15,20,30,15,42,14,86,25,27
22767,Marvin,Mims Jr,Wide Receiver,WR,Denver Broncos,4,78,23,Oklahoma,71,182,19,2,Deep Threat - WR,"https://ratings-images-prod.pulse.ea.com/madden-nfl-26/portraits/2312.png?im=FaceCrop,padding=0.7",https://drop-assets.ea.com/images/4AYKY9OcX1CYbyMFBnvM8/ac07a8ff525004f92014e3259708acdf/4.png,94,88,92,84,55,79,86,24,20,75,75,82,87,88,81,10,16,39,91,76,12,17,88,19,10,80,78,28,10,10,10,16,10,10,28,68,45,20,13,Long Stride Loose,80,85,92,70,47,23,10,15,20,12,29,17,89,33,14
15096,Matthew,Golden,Wide Receiver,WR,Green Bay Packers,20,78,22,Texas,71,191,0,0,Deep Threat - WR,"https://ratings-images-prod.pulse.ea.com/madden-nfl-26/portraits/10562.png?im=FaceCrop,padding=0.7",https://drop-assets.ea.com/images/4ztQk5XogdkrJe6reVd3h8/16ecf8a0f4caf228c6e54ad0f8e17425/20.png,97,92,85,89,61,75,82,35,25,73,74,79,84,91,81,28,30,47,89,82,24,30,83,33,31,77,78,24,15,22,26,32,24,24,36,75,51,23,21,Default,79,80,95,78,42,24,30,31,38,32,52,31,86,40,26
15328,Maxwell,Hairston,Cornerback,CB,Buffalo Bills,3,78,22,Kentucky,71,183,31,0,Manto Man - CB,"https://ratings-images-prod.pulse.ea.com/madden-nfl-26/portraits/10570.png?im=FaceCrop,padding=0.7",https://drop-assets.ea.com/images/212FXcpkDUjs9ZJpZ038pM/676904f80719bc724267b7eb5609c6af/3.png,93,92,93,83,59,70,77,46,22,50,63,61,74,93,38,31,51,46,88,79,19,20,47,22,78,35,78,25,35,25,13,67,26,73,73,43,35,35,25,Default,37,68,96,69,34,61,21,15,15,22,20,23,86,27,78
22402,Nakobe,Dean,Mike Backer,MIKE,Philadelphia Eagles,13,78,24,Georgia,71,231,17,3,Field General - MLB,"https://ratings-images-prod.pulse.ea.com/madden-nfl-26/portraits/1347.png?im=FaceCrop,padding=0.7",https://drop-assets.ea.com/images/1Nt5pFCpjcBcADzHRbwfIk/ce90f9cb564aef7cc30cf1dd88c84150/13.png,90,83,79,89,66,78,60,72,15,38,62,57,66,76,8,67,88,76,92,61,20,22,10,20,62,13,78,45,45,45,6,79,77,39,92,15,45,45,45,Short Stride Default,20,64,87,42,33,87,6,6,6,6,25,11,87,35,68
22982,Nick,Herbig,Right Edge,REDG,Pittsburgh Steelers,29,78,23,Wisconsin,74,240,51,2,Power Rusher - DE,"https://ratings-images-prod.pulse.ea.com/madden-nfl-26/portraits/2204.png?im=FaceCrop,padding=0.7",https://drop-assets.ea.com/images/4k4tkEjxICBzmTan96wMKZ/1d5d9145ace8a359ac5423c8c3e5e2d8/29.png,90,77,82,78,74,81,45,75,17,30,42,35,43,76,11,77,81,67,92,50,17,20,10,35,48,16,78,35,35,35,7,78,84,37,83,21,40,40,40,Default Stride High and Tight,22,41,84,45,33,80,6,8,10,8,25,13,87,40,62
14917,Omar,Speights,Weak Backer,WILL,Los Angeles Rams,24,78,24,LSU,73,225,48,1,Run Stopper - OLB,"https://ratings-images-prod.pulse.ea.com/madden-nfl-26/portraits/10966.png?im=FaceCrop,padding=0.7",https://drop-assets.ea.com/images/wS8JnLBEBj9eq68rO1qTb/b7b5285ad842936bc21bb149eb8c31b8/24.png,91,81,77,86,78,76,68,71,34,63,50,46,50,78,5,50,83,72,88,63,12,24,11,35,69,5,78,35,23,21,15,79,48,57,86,21,35,20,21,Default Stride Loose,15,41,84,60,61,85,5,10,15,20,29,11,78,60,73
21445,Paulson,Adebo,Cornerback,CB,NY Giants,16,78,26,Stanford,73,192,21,4,Zone - CB,"https://ratings-images-prod.pulse.ea.com/madden-nfl-26/portraits/1098.png?im=FaceCrop,padding=0.7",https://drop-assets.ea.com/images/5hloGwLNaCrg2IBn0CoWVb/b5996a802009a4252f992182bd9acf85/16.png,91,92,87,91,64,77,71,50,10,51,63,61,77,87,28,44,61,44,91,70,31,32,46,15,73,34,78,35,35,35,6,76,37,87,73,38,35,35,35,Default Stride Loose,37,70,91,66,33,72,6,6,6,6,30,16,85,41,78
22056,Rachaad,White,Halfback,HB,Tampa Bay Buccaneers,6,78,26,Arizona St.,72,214,1,3,Elusive Back - HB,"https://ratings-images-prod.pulse.ea.com/madden-nfl-26/portraits/2028.png?im=FaceCrop,padding=0.7",https://drop-assets.ea.com/images/1L5Fn21WqZN9jcLucGYg4c/ce29db9b9b4775d4e8fc337bf5c65027/6.png,92,85,87,83,74,79,84,26,21,83,89,60,76,86,57,10,23,37,90,87,18,21,75,39,12,64,78,58,29,24,15,16,10,15,34,62,37,36,29,Default,71,59,90,76,75,30,10,15,20,18,26,14,85,76,17
22206,Roger,McCreary,Cornerback,CB,Los Angeles Rams,24,78,25,Auburn,71,190,25,3,Manto Man - CB,"https://ratings-images-prod.pulse.ea.com/madden-nfl-26/portraits/1843.png?im=FaceCrop,padding=0.7",https://drop-assets.ea.com/images/wS8JnLBEBj9eq68rO1qTb/b7b5285ad842936bc21bb149eb8c31b8/24.png,91,87,77,93,65,77,68,58,36,54,63,60,72,87,29,47,65,54,92,72,36,42,60,20,80,33,78,35,35,35,19,76,38,84,74,37,35,35,35,Default,38,58,89,64,37,68,24,28,31,34,39,20,85,32,79
14733,Roger,Rosengarten,Right Tackle,RT,Baltimore Ravens,25,78,23,Washington,78,300,70,1,Agile - OT,"https://ratings-images-prod.pulse.ea.com/madden-nfl-26/portraits/10236.png?im=FaceCrop,padding=0.7",https://drop-assets.ea.com/images/3zZnTQ4izXUrnVi3ryTBcm/a12a28ccd2af4c0a0930b58db73552a7/25.png,77,69,74,87,82,83,10,28,12,25,32,11,12,61,8,10,29,85,92,33,11,16,10,82,15,10,78,81,83,79,5,22,10,10,33,12,80,82,81,Long Stride Awkward,10,14,75,32,15,28,5,6,9,5,17,8,79,25,10
20608,Sean,Murphy-Bunting,Cornerback,CB,Arizona Cardinals,7,78,28,Central Michigan,72,195,23,6,Manto Man - CB,"https://ratings-images-prod.pulse.ea.com/madden-nfl-26/portraits/9405.png?im=FaceCrop,padding=0.7",https://drop-assets.ea.com/images/5NdzvrqrP3clJDBL6kdTmu/1f61914ff14c6f4be0240d71e622f9c6/7.png,92,88,94,90,59,82,72,59,10,62,63,63,76,88,28,37,62,57,88,74,26,26,60,18,78,34,78,25,35,35,6,80,28,74,75,40,25,35,35,Long Stride Default,42,72,91,69,38,47,6,6,6,6,29,10,83,37,75
13466,Sebastian,Joseph-Day,Defensive Tackle,DT,Tennessee Titans,30,78,30,Rutgers,76,310,69,7,,"https://ratings-images-prod.pulse.ea.com/madden-nfl-26/portraits/9827.png?im=FaceCrop,padding=0.7",https://drop-assets.ea.com/images/2YxvlDMaJsJwNQ4lS7qdCQ/d850f60dcbdcd71fb162eb55a46c7969/30.png,78,68,77,79,86,77,20,82,12,16,24,20,21,59,3,57,76,84,88,24,6,8,10,23,20,7,78,45,45,45,6,80,75,10,79,15,45,45,45,Default Stride Awkward,15,19,74,17,26,87,6,6,6,6,10,14,88,20,26
2562,Shaq,Thompson,Weak Backer,WILL,Buffalo Bills,3,78,31,Washington,72,230,45,10,Run Stopper - OLB,"https://ratings-images-prod.pulse.ea.com/madden-nfl-26/portraits/7352.png?im=FaceCrop,padding=0.7",https://drop-assets.ea.com/images/212FXcpkDUjs9ZJpZ038pM/676904f80719bc724267b7eb5609c6af/3.png,85,82,83,89,75,79,78,76,17,58,72,67,77,76,15,63,85,89,88,82,20,20,10,25,71,23,78,45,45,45,6,81,52,63,86,35,45,45,45,Default,33,43,85,76,70,83,6,6,6,6,25,18,87,71,73
21175,Tommy,Townsend,Punter,P,Houston Texans,32,78,28,Florida,73,191,6,5,Power - KP,"https://ratings-images-prod.pulse.ea.com/madden-nfl-26/portraits/620.png?im=FaceCrop,padding=0.7",https://drop-assets.ea.com/images/4rWKgLRDGADEZ3pTbdrpW0/793a695de8ea5caf8f2e1b3973ae1b61/32.png,84,64,58,88,43,64,10,32,19,12,40,15,20,57,15,10,12,14,82,10,83,95,10,14,16,15,78,11,11,11,20,28,10,10,23,15,14,14,14,Default Stride Awkward,15,15,81,10,10,35,33,41,49,20,58,16,58,10,24
22806,Tre,Tucker,Wide Receiver,WR,Las Vegas Raiders,23,78,24,Cincinnati,69,185,1,2,,"https://ratings-images-prod.pulse.ea.com/madden-nfl-26/portraits/2436.png?im=FaceCrop,padding=0.7",https://drop-assets.ea.com/images/5ZrNmFWgR1vnwTOdqVmwYy/fe13aa7566120fb59130404e168c59ca/23.png,93,85,87,86,53,82,85,23,22,76,73,77,86,82,82,10,16,37,88,82,22,23,80,15,10,80,78,26,15,15,13,19,10,16,25,69,51,24,17,Short Stride Default,79,79,95,73,39,24,11,15,17,18,26,17,84,36,10
22704,Trenton,Simpson,Weak Backer,WILL,Baltimore Ravens,25,78,24,Clemson,74,234,32,2,Run Stopper - OLB,"https://ratings-images-prod.pulse.ea.com/madden-nfl-26/portraits/2393.png?im=FaceCrop,padding=0.7",https://drop-assets.ea.com/images/3zZnTQ4izXUrnVi3ryTBcm/a12a28ccd2af4c0a0930b58db73552a7/25.png,95,81,94,85,77,76,68,75,40,56,64,44,47,79,15,69,90,70,92,72,14,16,10,34,62,21,78,35,35,35,31,75,59,64,84,23,45,45,45,Default Stride Loose,25,51,91,64,57,83,27,31,36,37,35,24,87,55,66
22922,Tuli,Tuipulotu,Left Edge,LEDG,Los Angeles Chargers,8,78,22,USC,75,266,45,2,Run Stopper - DE,"https://ratings-images-prod.pulse.ea.com/madden-nfl-26/portraits/2634.png?im=FaceCrop,padding=0.7",https://drop-assets.ea.com/images/1nyokQ4GLHKjmDL5IorxkB/29267d1765bd7f27730a007e1b070ec4/8.png,83,71,72,81,88,86,36,79,12,24,33,27,35,65,6,82,83,82,92,31,28,31,10,32,41,8,78,40,40,40,9,83,75,38,85,15,45,45,45,Default Stride High and Tight,15,32,77,21,39,78,6,7,9,6,20,17,90,40,53
15363,Tyler,Loop,Kicker,K,Baltimore Ravens,25,78,24,Arizona,71,191,33,0,Power - KP,"https://ratings-images-prod.pulse.ea.com/madden-nfl-26/portraits/10638.png?im=FaceCrop,padding=0.7",https://drop-assets.ea.com/images/3zZnTQ4izXUrnVi3ryTBcm/a12a28ccd2af4c0a0930b58db73552a7/25.png,75,67,59,83,40,62,17,10,13,12,34,13,30,53,10,10,13,12,87,18,85,97,10,13,10,12,78,12,13,11,16,14,10,10,24,12,10,10,10,Default Stride Awkward,14,13,74,12,16,20,20,28,30,16,25,15,66,12,11
15235,Walter,Nolen,Defensive Tackle,DT,Arizona Cardinals,7,78,21,Ole Miss,76,300,97,0,,"https://ratings-images-prod.pulse.ea.com/madden-nfl-26/portraits/10681.png?im=FaceCrop,padding=0.7",https://drop-assets.ea.com/images/5NdzvrqrP3clJDBL6kdTmu/1f61914ff14c6f4be0240d71e622f9c6/7.png,88,81,81,79,87,75,35,80,19,27,43,31,41,71,12,68,79,82,90,32,18,23,29,22,18,16,78,45,45,45,14,73,78,21,80,14,45,45,45,Long Stride Loose,20,33,81,28,36,83,7,10,15,18,22,13,90,31,22
12405,Wil,Lutz,Kicker,K,Denver Broncos,4,78,31,Georgia State,71,184,3,9,Power - KP,"https://ratings-images-prod.pulse.ea.com/madden-nfl-26/portraits/8374.png?im=FaceCrop,padding=0.7",https://drop-assets.ea.com/images/4AYKY9OcX1CYbyMFBnvM8/ac07a8ff525004f92014e3259708acdf/4.png,72,59,57,79,54,63,10,24,15,5,40,15,18,50,15,10,13,16,81,10,85,97,10,16,11,15,78,17,17,17,15,17,10,10,29,15,16,16,16,Default Stride Awkward,15,15,70,10,10,26,15,15,33,15,39,16,70,10,17
21831,Will,Fries,Right Guard,RG,Minnesota Vikings,31,78,27,Penn State,78,309,76,4,Power - G,"https://ratings-images-prod.pulse.ea.com/madden-nfl-26/portraits/762.png?im=FaceCrop,padding=0.7",https://drop-assets.ea.com/images/bzuWJaOZo5LCC4SwdbVzx/f6dc0006f59641745e50721d0d8c9d38/31.png,68,59,76,84,87,82,10,29,12,5,29,10,23,64,5,21,41,86,90,10,22,21,10,85,12,5,78,78,76,80,6,28,36,10,42,12,82,84,80,Default Stride Awkward,10,12,59,10,10,38,6,6,6,6,25,5,86,15,11
22919,Will,McDonald IV,Left Edge,LEDG,NY Jets,18,78,26,Iowa State,75,241,9,2,Smaller Speed Rusher - DE,"https://ratings-images-prod.pulse.ea.com/madden-nfl-26/portraits/2303.png?im=FaceCrop,padding=0.7",https://drop-assets.ea.com/images/7M46e9acznPLjtJlC7FaWV/ef5cfc9e8306cbdae723a5f7e809b0fd/18.png,87,88,86,78,69,77,45,72,33,33,49,45,48,80,28,83,87,70,91,50,32,35,25,44,38,30,78,45,45,45,15,72,74,52,82,35,45,45,45,Long Stride Loose,35,46,82,45,52,77,22,25,30,25,44,11,78,43,50
857,Zach,Ertz,Tight End,TE,Washington Commanders,26,78,34,Stanford,77,250,86,12,Possession - TE,"https://ratings-images-prod.pulse.ea.com/madden-nfl-26/portraits/5790.png?im=FaceCrop,padding=0.7",https://drop-assets.ea.com/images/42h6FyIuthDAiH4cTWUXRH/bb952a9252013b5bfdf77ac3f4011601/RatingsteamcrestWashingtonCommanders256.png,79,79,79,89,74,91,83,44,25,69,80,87,81,70,62,10,12,68,83,73,22,22,35,59,19,66,78,62,57,61,6,17,10,10,36,79,55,55,52,Long Stride High and Tight,74,86,82,72,73,36,6,10,15,10,42,15,87,69,18
22115,Zion,Johnson,Left Guard,LG,Los Angeles Chargers,8,78,25,Boston College,75,316,77,3,Power - G,"https://ratings-images-prod.pulse.ea.com/madden-nfl-26/portraits/1786.png?im=FaceCrop,padding=0.7",https://drop-assets.ea.com/images/1nyokQ4GLHKjmDL5IorxkB/29267d1765bd7f27730a007e1b070ec4/8.png,76,71,78,87,90,79,14,27,9,11,34,10,25,58,5,20,35,84,94,10,18,23,10,85,12,5,78,79,77,82,6,25,25,10,34,12,78,79,77,Default Stride Awkward,10,12,66,10,20,34,6,6,6,6,28,5,89,25,10
17562,A'Shawn,Robinson,Defensive Tackle,DT,Carolina Panthers,21,77,30,Alabama,75,320,94,9,,"https://ratings-images-prod.pulse.ea.com/madden-nfl-26/portraits/8197.png?im=FaceCrop,padding=0.7",https://drop-assets.ea.com/images/4Klf6KKhbnVi5RaARK1OiL/13a917c75c0fbc4edb0eb018cb757d8d/21.png,68,57,66,81,85,84,21,78,12,13,39,34,42,52,3,63,82,89,89,23,17,17,9,36,18,5,77,44,45,44,6,87,76,13,79,15,45,45,46,Default Stride Awkward,13,37,65,17,25,89,6,6,6,6,23,17,90,33,26
12828,Ahkello,Witherspoon,Cornerback,CB,Los Angeles Rams,24,77,30,Colorado,74,195,4,8,Manto Man - CB,"https://ratings-images-prod.pulse.ea.com/madden-nfl-26/portraits/8788.png?im=FaceCrop,padding=0.7",https://drop-assets.ea.com/images/wS8JnLBEBj9eq68rO1qTb/b7b5285ad842936bc21bb149eb8c31b8/24.png,92,86,92,88,56,82,61,52,10,44,59,53,75,84,10,33,44,43,83,73,20,20,55,13,80,17,77,35,35,35,6,81,26,73,70,24,35,35,35,Default Stride Loose,27,63,89,66,31,40,6,6,6,6,35,11,69,25,76
22209,Alontae,Taylor,Cornerback,CB,New Orleans Saints,27,77,26,Tennessee,73,199,1,3,Zone - CB,"https://ratings-images-prod.pulse.ea.com/madden-nfl-26/portraits/1969.png?im=FaceCrop,padding=0.7",https://drop-assets.ea.com/images/5beev0Bk7MVWyDSbEqr75u/837fe770a82d43aa3028a13988d8baf3/27.png,94,81,92,89,60,74,72,43,46,57,63,59,72,83,36,45,74,54,91,76,21,21,45,15,73,40,77,35,35,35,38,72,36,73,70,42,35,35,35,Long Stride Default,43,64,95,67,34,62,30,35,42,40,44,32,78,38,78
21003,Amik,Robertson,Cornerback,CB,Detroit Lions,19,77,27,LA. Tech,68,187,21,5,Zone - CB,"https://ratings-images-prod.pulse.ea.com/madden-nfl-26/portraits/551.png?im=FaceCrop,padding=0.7",https://drop-assets.ea.com/images/7cuE4tZcli1uQyZbvXWMrd/a2df9decdab28170691ca6631dd62139/19.png,91,90,86,88,56,82,68,48,29,56,64,63,75,89,29,45,62,48,83,78,10,11,50,12,77,33,77,16,23,23,18,80,37,66,74,30,29,15,15,Short Stride Default,36,69,88,73,46,48,24,27,33,38,39,30,90,31,82
21466,Andre,Cisco,Free Safety,FS,NY Jets,18,77,25,Syracuse,72,210,8,4,Zone - S,"https://ratings-images-prod.pulse.ea.com/madden-nfl-26/portraits/1147.png?im=FaceCrop,padding=0.7",https://drop-assets.ea.com/images/7M46e9acznPLjtJlC7FaWV/ef5cfc9e8306cbdae723a5f7e809b0fd/18.png,91,88,87,92,65,78,62,57,15,42,59,62,77,86,22,41,80,64,90,69,19,15,43,31,71,25,77,35,35,35,15,77,36,72,78,25,35,35,35,Default Stride Loose,24,68,92,61,40,66,10,10,15,15,28,12,84,34,75
21139,Anfernee,Jennings,Right Edge,REDG,New England Patriots,22,77,28,Alabama,75,259,33,5,Run Stopper - DE,"https://ratings-images-prod.pulse.ea.com/madden-nfl-26/portraits/390.png?im=FaceCrop,padding=0.7",https://drop-assets.ea.com/images/6Z0rWjQfkWgvj8K58X0WfA/aaaaa7e6c313bdfc5e624309ba6dfc4e/22.png,86,74,84,83,81,77,46,83,20,28,63,58,63,66,24,62,79,89,84,49,11,22,10,25,54,29,77,45,45,45,5,73,73,56,85,29,45,45,45,Default,37,58,82,43,43,85,5,5,5,5,26,16,87,44,61
22850,Anton,Harrison,Right Tackle,RT,Jacksonville Jaguars,17,77,23,Oklahoma,77,315,77,2,Pass Protector - OT,"https://ratings-images-prod.pulse.ea.com/madden-nfl-26/portraits/2181.png?im=FaceCrop,padding=0.7",https://drop-assets.ea.com/images/4s3Xa9huMY7IrNAc9h1TDa/9eb764bbfbbb6a2f651e3d44cdcfa103/17.png,79,62,71,86,82,83,14,38,12,15,27,26,32,53,7,26,42,78,91,18,13,19,10,75,14,13,77,83,84,81,6,26,33,12,33,18,77,79,74,Long Stride Awkward,21,22,73,14,26,29,6,6,6,6,21,13,78,21,11
22147,Arnold,Ebiketie,Left Edge,LEDG,Atlanta Falcons,14,77,26,Penn State,75,256,17,3,Smaller Speed Rusher - DE,"https://ratings-images-prod.pulse.ea.com/madden-nfl-26/portraits/1558.png?im=FaceCrop,padding=0.7",https://drop-assets.ea.com/images/3NTxf2X9VWdF6aL91pHAVu/6002a1f3e761a58c3b00f0e08bdccf5f/14.png,87,85,87,81,76,72,21,75,12,14,45,32,45,74,13,78,79,82,92,21,16,15,10,14,33,16,77,45,45,45,6,70,69,27,83,30,45,45,45,Long Stride Default,24,34,84,16,25,85,6,6,6,6,23,12,91,24,43
21704,Benjamin,St-Juste,Cornerback,CB,Los Angeles Chargers,8,77,27,Minnesota,75,200,24,4,Zone - CB,"https://ratings-images-prod.pulse.ea.com/madden-nfl-26/portraits/1144.png?im=FaceCrop,padding=0.7",https://drop-assets.ea.com/images/1nyokQ4GLHKjmDL5IorxkB/29267d1765bd7f27730a007e1b070ec4/8.png,91,91,83,88,60,77,59,51,10,45,56,53,63,90,10,33,56,45,87,69,13,18,35,18,73,17,77,35,35,35,6,76,29,84,72,22,35,35,35,Long Stride Loose,21,65,91,63,42,66,6,6,6,6,21,11,74,35,79
2604,Bradley,Pinion,Punter,P,Atlanta Falcons,14,77,31,Clemson,77,229,13,10,Power - KP,"https://ratings-images-prod.pulse.ea.com/madden-nfl-26/portraits/7281.png?im=FaceCrop,padding=0.7",https://drop-assets.ea.com/images/3NTxf2X9VWdF6aL91pHAVu/6002a1f3e761a58c3b00f0e08bdccf5f/14.png,64,57,70,85,53,67,15,19,16,9,40,15,39,48,15,10,15,22,92,10,80,90,10,16,15,15,77,25,13,15,25,20,10,10,35,15,29,16,16,Default Stride Awkward,15,15,71,10,10,29,32,42,51,24,52,30,55,15,15
9837,Brandon,Graham,Left Edge,LEDG,Philadelphia Eagles,13,77,37,Michigan,74,265,55,15,Run Stopper - DE,"https://ratings-images-prod.pulse.ea.com/madden-nfl-26/portraits/1280.png?im=FaceCrop,padding=0.7",https://drop-assets.ea.com/images/1Nt5pFCpjcBcADzHRbwfIk/ce90f9cb564aef7cc30cf1dd88c84150/13.png,77,75,77,82,86,86,52,77,12,26,22,15,26,63,4,73,87,91,87,47,12,14,10,23,22,8,77,45,45,45,6,86,78,20,83,25,45,45,45,Default Stride Loose,15,20,77,34,48,81,6,6,6,6,12,14,79,37,29
22842,Brenton,Strange,Tight End,TE,Jacksonville Jaguars,17,77,24,Penn State,75,247,85,2,Possession - TE,"https://ratings-images-prod.pulse.ea.com/madden-nfl-26/portraits/2415.png?im=FaceCrop,padding=0.7",https://drop-assets.ea.com/images/4s3Xa9huMY7IrNAc9h1TDa/9eb764bbfbbb6a2f651e3d44cdcfa103/17.png,87,75,84,86,77,76,77,54,14,68,74,80,85,69,58,44,55,69,90,58,16,22,15,55,42,64,77,64,61,65,18,41,37,40,64,67,69,63,69,Long Stride Default,72,78,83,48,72,53,14,18,23,15,28,11,89,71,48
22688,C.J.,Stroud,Quarterback,QB,Houston Texans,32,77,23,Ohio State,75,218,7,2,Field General - QB,"https://ratings-images-prod.pulse.ea.com/madden-nfl-26/portraits/2417.png?im=FaceCrop,padding=0.7",https://drop-assets.ea.com/images/4rWKgLRDGADEZ3pTbdrpW0/793a695de8ea5caf8f2e1b3973ae1b61/32.png,87,80,78,85,61,74,76,19,72,54,61,13,21,75,10,10,16,17,88,58,19,20,12,13,9,11,77,12,15,13,85,14,10,9,29,14,12,15,12,Long Stride Default,12,10,82,45,37,24,85,81,89,87,91,82,88,31,10
22273,Cam,Jurgens,Center,C,Philadelphia Eagles,13,77,26,Nebraska,75,303,51,3,Agile - C,"https://ratings-images-prod.pulse.ea.com/madden-nfl-26/portraits/1793.png?im=FaceCrop,padding=0.7",https://drop-assets.ea.com/images/1Nt5pFCpjcBcADzHRbwfIk/ce90f9cb564aef7cc30cf1dd88c84150/13.png,79,74,81,84,83,87,44,25,10,35,45,43,47,60,32,18,32,78,85,42,15,19,10,87,10,36,77,77,79,75,6,15,20,12,35,42,79,80,76,Default Stride Awkward,39,40,75,38,45,26,6,6,6,6,20,10,80,39,10
23077,Carrington,Valentine,Cornerback,CB,Green Bay Packers,20,77,23,Kentucky,72,189,24,2,Manto Man - CB,"https://ratings-images-prod.pulse.ea.com/madden-nfl-26/portraits/2440.png?im=FaceCrop,padding=0.7",https://drop-assets.ea.com/images/4ztQk5XogdkrJe6reVd3h8/16ecf8a0f4caf228c6e54ad0f8e17425/20.png,94,88,92,87,49,77,63,38,21,56,55,49,61,89,10,35,55,38,91,75,15,17,59,15,76,11,77,25,25,25,13,75,30,74,68,40,35,35,35,Long Stride Loose,21,61,91,65,44,53,13,16,23,15,27,11,76,32,77
4772,Charlie,Smyth,Kicker,K,New Orleans Saints,27,77,24,None,76,210,39,0,Power - KP,,https://drop-assets.ea.com/images/5beev0Bk7MVWyDSbEqr75u/837fe770a82d43aa3028a13988d8baf3/27.png,71,59,50,82,52,62,13,12,14,10,26,10,25,51,10,10,12,10,86,18,86,96,10,10,15,10,77,10,10,10,15,17,10,10,12,12,13,10,10,Default Stride Awkward,10,12,72,15,16,15,24,25,33,17,27,16,63,17,15
12824,D.J.,Jones,Defensive Tackle,DT,Denver Broncos,4,77,30,Ole Miss,72,305,93,8,,"https://ratings-images-prod.pulse.ea.com/madden-nfl-26/portraits/8610.png?im=FaceCrop,padding=0.7",https://drop-assets.ea.com/images/4AYKY9OcX1CYbyMFBnvM8/ac07a8ff525004f92014e3259708acdf/4.png,73,72,71,79,88,85,29,81,12,19,31,24,38,59,5,63,78,89,90,25,19,23,9,36,20,9,77,45,45,44,6,84,78,18,78,14,45,45,46,Long Stride Loose,17,20,73,17,32,79,6,6,6,6,24,10,89,43,27
14894,Dallas,Turner,Right Edge,REDG,Minnesota Vikings,31,77,22,Alabama,75,247,15,1,Smaller Speed Rusher - DE,"https://ratings-images-prod.pulse.ea.com/madden-nfl-26/portraits/10273.png?im=FaceCrop,padding=0.7",https://drop-assets.ea.com/images/bzuWJaOZo5LCC4SwdbVzx/f6dc0006f59641745e50721d0d8c9d38/31.png,92,84,94,84,76,67,32,75,12,29,35,10,45,69,4,77,78,81,90,36,15,14,10,21,49,8,77,45,45,45,6,66,77,29,83,18,45,45,45,Default Stride Loose,15,15,90,30,25,83,6,6,6,6,18,13,85,35,54
13382,Daniel,Carlson,Kicker,K,Las Vegas Raiders,23,77,30,Auburn,77,215,8,7,Power - KP,"https://ratings-images-prod.pulse.ea.com/madden-nfl-26/portraits/8838.png?im=FaceCrop,padding=0.7",https://drop-assets.ea.com/images/5ZrNmFWgR1vnwTOdqVmwYy/fe13aa7566120fb59130404e168c59ca/23.png,75,60,42,83,52,64,26,18,17,13,41,15,31,45,15,10,18,22,91,27,83,95,10,16,12,15,77,18,18,18,17,16,10,10,23,15,18,18,18,Default Stride Awkward,15,15,71,18,15,26,17,22,32,16,26,15,61,12,16
21324,Darnell,Mooney,Wide Receiver,WR,Atlanta Falcons,14,77,27,Tulane,70,173,1,5,Deep Threat - WR,"https://ratings-images-prod.pulse.ea.com/madden-nfl-26/portraits/469.png?im=FaceCrop,padding=0.7",https://drop-assets.ea.com/images/3NTxf2X9VWdF6aL91pHAVu/6002a1f3e761a58c3b00f0e08bdccf5f/14.png,92,83,88,91,58,77,84,28,23,76,73,83,81,86,78,10,27,46,88,84,15,17,60,30,20,80,77,26,15,13,10,27,10,24,34,82,55,25,34,Short Stride Default,79,88,92,76,37,30,10,10,10,10,23,20,80,35,28
23001,Dee,Winters,Weak Backer,WILL,San Francisco 49ers,15,77,24,TCU,71,227,53,2,Pass Coverage - OLB,"https://ratings-images-prod.pulse.ea.com/madden-nfl-26/portraits/2484.png?im=FaceCrop,padding=0.7",https://drop-assets.ea.com/images/1SoIzWJtk28ygwNAPEMRnf/deaee9a60ace23f7eaeaf4275c2282b0/15.png,93,81,77,87,66,77,73,64,15,57,62,63,65,71,45,56,87,62,85,71,11,11,55,31,72,48,77,35,35,35,15,76,42,54,85,40,35,35,35,Short Stride Loose,52,62,89,65,41,85,10,10,15,15,30,10,73,47,71
22797,DeMario,Douglas,Wide Receiver,WR,New England Patriots,22,77,24,Liberty,68,185,3,2,,"https://ratings-images-prod.pulse.ea.com/madden-nfl-26/portraits/3083.png?im=FaceCrop,padding=0.7",https://drop-assets.ea.com/images/6Z0rWjQfkWgvj8K58X0WfA/aaaaa7e6c313bdfc5e624309ba6dfc4e/22.png,93,88,89,83,57,79,86,32,17,73,74,79,91,90,76,10,32,37,89,83,18,21,77,20,32,77,77,30,25,19,6,32,10,34,48,72,49,24,17,Short Stride Default,78,82,91,76,56,41,10,15,24,10,25,15,87,51,41
22997,DeMarvion,Overshown,Weak Backer,WILL,Dallas Cowboys,11,77,25,Texas,74,220,0,2,Pass Coverage - OLB,"https://ratings-images-prod.pulse.ea.com/madden-nfl-26/portraits/2344.png?im=FaceCrop,padding=0.7",https://drop-assets.ea.com/images/4fzYNoreZSo04KbSHo3Sqn/0855e78441c821f956abac278f04abb7/11.png,92,78,87,88,64,82,65,71,18,51,59,63,66,72,27,67,90,67,86,66,16,18,10,40,69,33,77,35,35,35,6,79,52,65,89,34,40,40,40,Default Stride Loose,38,66,88,60,52,82,6,6,6,6,22,15,82,45,67
22974,Derick,Hall,Right Edge,REDG,Seattle Seahawks,28,77,24,Auburn,75,252,58,2,Power Rusher - DE,"https://ratings-images-prod.pulse.ea.com/madden-nfl-26/portraits/2179.png?im=FaceCrop,padding=0.7",https://drop-assets.ea.com/images/2WrGCB8Atuo0aZ4MbstBrI/bbe9263ce111287adcef479efbc72160/28.png,92,76,81,84,76,77,52,74,22,34,49,45,52,78,35,71,80,81,92,48,12,14,29,25,47,37,77,40,40,40,14,73,81,42,82,44,45,45,45,Default Stride Loose,42,47,87,45,45,80,15,21,26,23,30,12,87,44,56
15239,Derrick,Harmon,Defensive Tackle,DT,Pittsburgh Steelers,29,77,22,Oregon,77,313,99,0,,"https://ratings-images-prod.pulse.ea.com/madden-nfl-26/portraits/10574.png?im=FaceCrop,padding=0.7",https://drop-assets.ea.com/images/4k4tkEjxICBzmTan96wMKZ/1d5d9145ace8a359ac5423c8c3e5e2d8/29.png,76,76,77,85,93,79,29,80,18,27,35,18,27,66,10,68,81,87,94,25,18,33,25,25,14,13,77,45,45,45,15,80,79,16,78,20,45,45,45,Long Stride Awkward,16,18,74,24,38,74,7,10,15,21,27,12,95,41,18
22118,Ed,Ingram,Right Guard,RG,Houston Texans,32,77,26,LSU,75,307,69,3,Power - G,"https://ratings-images-prod.pulse.ea.com/madden-nfl-26/portraits/1773.png?im=FaceCrop,padding=0.7",https://drop-assets.ea.com/images/4rWKgLRDGADEZ3pTbdrpW0/793a695de8ea5caf8f2e1b3973ae1b61/32.png,82,55,55,82,87,77,20,24,12,15,25,14,22,50,5,20,37,83,91,12,14,15,10,84,10,10,77,74,71,77,6,21,20,10,25,12,83,81,85,Default Stride Awkward,15,15,72,10,36,30,6,6,6,6,15,15,86,26,10
13428,Eddy,Pineiro,Kicker,K,San Francisco 49ers,15,77,29,Florida,71,190,18,7,Power - KP,"https://ratings-images-prod.pulse.ea.com/madden-nfl-26/portraits/9024.png?im=FaceCrop,padding=0.7",https://drop-assets.ea.com/images/1SoIzWJtk28ygwNAPEMRnf/deaee9a60ace23f7eaeaf4275c2282b0/15.png,78,60,47,80,42,64,10,24,15,5,20,15,18,52,15,10,13,16,85,10,87,93,10,16,11,15,77,17,17,17,15,17,10,10,29,15,16,16,16,Default Stride Awkward,15,15,76,10,10,26,12,15,32,15,26,16,83,10,17
15099,Elic,Ayomanor,Wide Receiver,WR,Tennessee Titans,30,77,22,Stanford,74,206,5,0,Deep Threat - WR,"https://ratings-images-prod.pulse.ea.com/madden-nfl-26/portraits/10481.png?im=FaceCrop,padding=0.7",https://drop-assets.ea.com/images/2YxvlDMaJsJwNQ4lS7qdCQ/d850f60dcbdcd71fb162eb55a46c7969/30.png,92,84,91,84,68,79,78,39,31,73,74,84,83,82,80,35,42,52,84,71,16,31,73,36,28,79,77,23,18,24,28,34,30,25,43,78,52,29,27,Long Stride Default,78,84,91,67,56,27,10,19,27,21,13,24,80,49,32
21705,Eric,Stokes,Cornerback,CB,Las Vegas Raiders,23,77,26,Georgia,72,194,22,4,Manto Man - CB,"https://ratings-images-prod.pulse.ea.com/madden-nfl-26/portraits/1224.png?im=FaceCrop,padding=0.7",https://drop-assets.ea.com/images/5ZrNmFWgR1vnwTOdqVmwYy/fe13aa7566120fb59130404e168c59ca/23.png,93,84,91,90,58,72,71,44,10,49,58,58,68,83,34,32,48,38,85,79,10,15,48,18,77,36,77,25,35,35,9,71,27,80,68,36,35,35,35,Default Stride Loose,38,62,95,69,38,57,10,12,18,14,29,12,78,38,78
17700,Graham,Glasgow,Center,C,Detroit Lions,19,77,33,Michigan,78,310,60,9,Power - C,"https://ratings-images-prod.pulse.ea.com/madden-nfl-26/portraits/8019.png?im=FaceCrop,padding=0.7",https://drop-assets.ea.com/images/7cuE4tZcli1uQyZbvXWMrd/a2df9decdab28170691ca6631dd62139/19.png,67,63,64,91,87,85,18,26,12,8,27,14,20,53,5,13,31,79,88,17,20,20,9,85,12,5,77,77,75,79,6,19,12,8,31,15,82,84,80,Default Stride Awkward,13,14,64,11,15,29,6,6,6,6,24,15,89,28,14
1334,Hogan,Hatten,Long Snapper,LS,Detroit Lions,19,77,25,Idaho,73,238,49,1,Accurate - LS,"https://ratings-images-prod.pulse.ea.com/madden-nfl-26/portraits/10909.png?im=FaceCrop,padding=0.7",https://drop-assets.ea.com/images/7cuE4tZcli1uQyZbvXWMrd/a2df9decdab28170691ca6631dd62139/19.png,83,79,84,79,68,57,52,65,18,25,54,46,59,70,29,48,79,72,92,55,20,17,35,56,48,35,77,47,43,50,6,43,58,53,70,24,45,35,40,Long Stride Loose,39,45,78,42,44,75,6,6,6,6,29,10,88,45,55
22977,Ivan,Pace Jr,Weak Backer,WILL,Minnesota Vikings,31,77,24,Cincinnati,71,231,0,2,Run Stopper - OLB,"https://ratings-images-prod.pulse.ea.com/madden-nfl-26/portraits/2346.png?im=FaceCrop,padding=0.7",https://drop-assets.ea.com/images/bzuWJaOZo5LCC4SwdbVzx/f6dc0006f59641745e50721d0d8c9d38/31.png,83,78,84,86,72,77,48,71,14,31,53,47,63,73,5,73,85,74,92,52,19,21,10,25,62,6,77,35,35,35,6,81,61,42,92,20,40,40,40,Short Stride Loose,10,45,85,48,36,84,6,6,6,6,22,7,88,44,67
15284,Jacob,Parrish,Cornerback,CB,Tampa Bay Buccaneers,6,77,21,Kansas State,70,191,25,0,Slot - CB,"https://ratings-images-prod.pulse.ea.com/madden-nfl-26/portraits/10687.png?im=FaceCrop,padding=0.7",https://drop-assets.ea.com/images/1L5Fn21WqZN9jcLucGYg4c/ce29db9b9b4775d4e8fc337bf5c65027/6.png,93,89,89,86,65,73,76,55,20,53,56,59,73,89,39,40,64,56,91,77,32,21,55,24,75,37,77,35,35,25,12,74,32,76,77,38,35,35,25,Default,38,69,94,70,44,67,10,13,15,15,29,18,90,40,77
17912,Jake,Brendel,Center,C,San Francisco 49ers,15,77,32,UCLA,76,299,64,9,Agile - C,"https://ratings-images-prod.pulse.ea.com/madden-nfl-26/portraits/7908.png?im=FaceCrop,padding=0.7",https://drop-assets.ea.com/images/1SoIzWJtk28ygwNAPEMRnf/deaee9a60ace23f7eaeaf4275c2282b0/15.png,73,69,70,86,84,86,10,30,12,5,44,15,40,61,5,15,15,77,86,10,22,18,10,85,20,5,77,75,76,73,6,30,19,10,32,15,82,85,76,Default Stride Awkward,15,15,69,10,10,41,6,6,6,6,22,10,89,15,20
22363,Jalen,Nailor,Wide Receiver,WR,Minnesota Vikings,31,77,26,Michigan St.,72,190,1,3,Deep Threat - WR,"https://ratings-images-prod.pulse.ea.com/madden-nfl-26/portraits/1863.png?im=FaceCrop,padding=0.7",https://drop-assets.ea.com/images/bzuWJaOZo5LCC4SwdbVzx/f6dc0006f59641745e50721d0d8c9d38/31.png,94,87,83,79,58,79,79,34,15,69,70,83,87,85,79,10,30,44,82,75,15,20,78,28,22,78,77,29,24,27,6,26,10,23,42,75,46,25,30,Short Stride Default,77,82,91,69,42,34,6,10,15,10,26,13,75,28,31
21021,James,Pierre,Cornerback,CB,Pittsburgh Steelers,29,77,28,FAU,74,185,42,5,Zone - CB,"https://ratings-images-prod.pulse.ea.com/madden-nfl-26/portraits/528.png?im=FaceCrop,padding=0.7",https://drop-assets.ea.com/images/4k4tkEjxICBzmTan96wMKZ/1d5d9145ace8a359ac5423c8c3e5e2d8/29.png,91,83,81,87,60,73,65,47,13,53,56,57,71,82,35,37,68,43,92,75,15,11,76,13,80,42,77,26,35,35,6,73,29,71,73,49,34,35,35,Default Stride Loose,52,65,94,63,32,64,6,6,6,6,27,10,80,25,83
13137,James,Daniels,Right Guard,RG,Miami Dolphins,12,77,27,Iowa,76,327,78,7,Power - G,"https://ratings-images-prod.pulse.ea.com/madden-nfl-26/portraits/8859.png?im=FaceCrop,padding=0.7",https://drop-assets.ea.com/images/1rcCzp9f3OyZFzRBRFJVpC/8dc08dce09c05a748587769908cd710c/12.png,66,72,75,89,86,79,15,26,12,8,28,15,20,58,5,10,29,85,86,10,14,15,10,78,12,5,77,78,74,82,6,10,10,10,28,12,80,81,79,Default,10,12,66,10,10,28,6,6,6,6,26,10,82,21,12
21924,Jamien,Sherwood,Mike Backer,MIKE,NY Jets,18,77,25,Auburn,74,216,44,4,Field General - MLB,"https://ratings-images-prod.pulse.ea.com/madden-nfl-26/portraits/1587.png?im=FaceCrop,padding=0.7",https://drop-assets.ea.com/images/7M46e9acznPLjtJlC7FaWV/ef5cfc9e8306cbdae723a5f7e809b0fd/18.png,87,78,86,90,67,79,67,70,45,54,64,57,63,75,29,55,85,73,85,68,20,25,45,29,68,31,77,35,35,35,28,78,56,74,87,34,35,35,35,Default Stride Loose,35,60,86,61,57,88,29,33,37,32,43,29,87,55,70
13478,Jason,Sanders,Kicker,K,Miami Dolphins,12,77,29,New Mexico,71,190,7,7,Power - KP,"https://ratings-images-prod.pulse.ea.com/madden-nfl-26/portraits/9349.png?im=FaceCrop,padding=0.7",https://drop-assets.ea.com/images/1rcCzp9f3OyZFzRBRFJVpC/8dc08dce09c05a748587769908cd710c/12.png,78,58,31,81,37,65,12,19,15,5,28,15,46,51,12,10,16,16,83,13,83,93,10,15,11,14,77,17,17,17,15,17,10,10,23,14,17,16,16,Default Stride Awkward,22,15,77,11,10,27,15,20,32,15,26,16,53,10,17
15057,Jayden,Higgins,Wide Receiver,WR,Houston Texans,32,77,22,Iowa State,76,214,81,0,Slot - WR,"https://ratings-images-prod.pulse.ea.com/madden-nfl-26/portraits/10587.png?im=FaceCrop,padding=0.7",https://drop-assets.ea.com/images/4rWKgLRDGADEZ3pTbdrpW0/793a695de8ea5caf8f2e1b3973ae1b61/32.png,92,83,93,91,67,79,82,40,29,75,77,84,90,81,75,33,30,46,90,80,16,26,80,32,26,79,77,24,15,22,22,28,30,21,44,77,49,31,27,Long Stride Default,79,84,89,75,64,22,18,12,9,7,33,26,90,56,29
22141,Jermaine,Johnson II,Right Edge,REDG,NY Jets,18,77,26,Florida State,77,262,11,3,Power Rusher - DE,"https://ratings-images-prod.pulse.ea.com/madden-nfl-26/portraits/1782.png?im=FaceCrop,padding=0.7",https://drop-assets.ea.com/images/7M46e9acznPLjtJlC7FaWV/ef5cfc9e8306cbdae723a5f7e809b0fd/18.png,88,81,81,79,82,75,40,78,12,28,44,28,48,70,9,72,84,87,93,43,15,17,10,18,32,12,77,45,45,44,6,77,77,26,85,23,45,45,46,Long Stride Default,19,27,85,37,43,81,6,6,6,6,21,10,90,42,43
11695,Johnny,Hekker,Punter,P,Tennessee Titans,30,77,35,Oregon State,77,225,3,13,Power - KP,"https://ratings-images-prod.pulse.ea.com/madden-nfl-26/portraits/5860.png?im=FaceCrop,padding=0.7",https://drop-assets.ea.com/images/2YxvlDMaJsJwNQ4lS7qdCQ/d850f60dcbdcd71fb162eb55a46c7969/30.png,68,61,72,84,55,63,15,17,27,15,40,18,39,51,15,10,21,22,94,10,84,92,10,16,15,15,77,25,13,15,29,20,10,10,35,15,29,16,16,Default Stride Awkward,15,43,74,10,10,25,43,53,63,41,67,38,68,15,15
15337,Jonas,Sanker,Strong Safety,SS,New Orleans Saints,27,77,22,Virginia,73,206,33,0,Zone - S,"https://ratings-images-prod.pulse.ea.com/madden-nfl-26/portraits/10720.png?im=FaceCrop,padding=0.7",https://drop-assets.ea.com/images/5beev0Bk7MVWyDSbEqr75u/837fe770a82d43aa3028a13988d8baf3/27.png,89,82,87,91,58,80,69,56,28,59,61,56,69,87,20,34,81,59,89,70,17,20,82,25,72,24,77,35,35,35,19,77,39,65,79,28,35,35,35,Default Stride Loose,31,61,90,62,49,68,17,20,25,25,31,22,89,48,77
12700,Jonnu,Smith,Tight End,TE,Pittsburgh Steelers,29,77,30,FIU,75,248,81,8,Vertical Threat - TE,"https://ratings-images-prod.pulse.ea.com/madden-nfl-26/portraits/8731.png?im=FaceCrop,padding=0.7",https://drop-assets.ea.com/images/4k4tkEjxICBzmTan96wMKZ/1d5d9145ace8a359ac5423c8c3e5e2d8/29.png,84,78,88,85,78,71,79,30,13,75,72,82,87,77,65,25,37,68,89,80,26,26,20,54,15,68,77,62,59,61,6,15,25,10,41,73,57,57,54,Default,73,83,89,75,77,29,6,6,6,6,35,10,80,69,20
22212,Josh,Jobe,Cornerback,CB,Seattle Seahawks,28,77,27,Alabama,71,190,29,3,Zone - CB,"https://ratings-images-prod.pulse.ea.com/madden-nfl-26/portraits/1778.png?im=FaceCrop,padding=0.7",https://drop-assets.ea.com/images/2WrGCB8Atuo0aZ4MbstBrI/bbe9263ce111287adcef479efbc72160/28.png,90,80,84,86,63,81,62,50,13,49,58,53,58,79,11,37,66,53,88,71,14,21,40,22,76,14,77,31,31,31,6,80,29,75,74,25,35,35,35,Long Stride Default,21,57,90,65,32,73,6,6,6,15,29,10,85,33,79
12571,JuJu,Smith-Schuster,Wide Receiver,WR,Kansas City Chiefs,9,77,28,USC,73,215,9,8,Physical - WR,"https://ratings-images-prod.pulse.ea.com/madden-nfl-26/portraits/8729.png?im=FaceCrop,padding=0.7",https://drop-assets.ea.com/images/3g9AewmTPjE4A7yc2tobiZ/20b6502896df3893414233cb5fe1b803/9.png,90,85,91,89,72,86,84,28,22,79,73,85,87,82,73,21,41,64,86,80,17,24,77,44,37,76,77,46,30,34,18,15,15,26,50,78,48,32,34,Default,77,87,87,71,83,43,14,18,24,28,34,21,91,74,45
20490,Justice,Hill,Halfback,HB,Baltimore Ravens,25,77,27,Oklahoma St.,70,200,43,6,Elusive Back - HB,"https://ratings-images-prod.pulse.ea.com/madden-nfl-26/portraits/9501.png?im=FaceCrop,padding=0.7",https://drop-assets.ea.com/images/3zZnTQ4izXUrnVi3ryTBcm/a12a28ccd2af4c0a0930b58db73552a7/25.png,90,88,91,82,67,81,81,21,22,75,88,55,77,85,52,10,15,39,81,84,10,14,83,32,12,60,77,51,28,32,10,16,10,12,28,54,30,17,14,Default,68,53,90,81,75,25,13,17,20,15,24,13,77,66,15
15161,Kelvin,Banks Jr,Left Tackle,LT,New Orleans Saints,27,77,21,Texas,77,315,71,0,Agile - OT,"https://ratings-images-prod.pulse.ea.com/madden-nfl-26/portraits/10483.png?im=FaceCrop,padding=0.7",https://drop-assets.ea.com/images/5beev0Bk7MVWyDSbEqr75u/837fe770a82d43aa3028a13988d8baf3/27.png,72,58,78,88,86,76,11,23,15,11,30,13,25,59,5,10,38,83,89,18,11,14,10,83,13,5,77,83,84,82,15,34,33,11,24,18,81,83,81,Default Stride Awkward,14,12,67,16,12,30,17,18,20,14,14,12,90,30,14
12998,Kendrick,Bourne,Wide Receiver,WR,San Francisco 49ers,15,77,30,Eastern Wash.,73,190,84,8,Slot - WR,"https://ratings-images-prod.pulse.ea.com/madden-nfl-26/portraits/9146.png?im=FaceCrop,padding=0.7",https://drop-assets.ea.com/images/1SoIzWJtk28ygwNAPEMRnf/deaee9a60ace23f7eaeaf4275c2282b0/15.png,91,88,88,84,65,84,84,22,22,76,74,84,83,85,77,11,15,42,89,82,22,23,67,22,16,78,77,48,19,21,15,21,11,16,32,80,56,13,20,Default,79,84,88,76,46,27,27,31,34,35,44,30,82,42,24
14637,Kimani,Vidal,Halfback,HB,Los Angeles Chargers,8,77,24,Troy,68,213,30,1,Elusive Back - HB,"https://ratings-images-prod.pulse.ea.com/madden-nfl-26/portraits/10280.png?im=FaceCrop,padding=0.7",https://drop-assets.ea.com/images/1nyokQ4GLHKjmDL5IorxkB/29267d1765bd7f27730a007e1b070ec4/8.png,90,86,87,91,70,81,83,29,20,80,88,51,68,85,56,10,31,29,90,83,16,20,72,27,12,60,77,53,34,38,15,17,10,15,35,57,27,22,16,Default Stride Loose,66,55,90,77,73,33,10,15,20,15,28,12,85,77,18
21259,Kristian,Fulton,Cornerback,CB,Kansas City Chiefs,9,77,26,LSU,71,197,8,5,Zone - CB,"https://ratings-images-prod.pulse.ea.com/madden-nfl-26/portraits/286.png?im=FaceCrop,padding=0.7",https://drop-assets.ea.com/images/3g9AewmTPjE4A7yc2tobiZ/20b6502896df3893414233cb5fe1b803/9.png,90,86,85,89,59,84,58,52,15,49,56,49,61,86,16,36,52,55,87,71,11,10,42,11,77,24,77,35,35,35,6,83,31,75,74,37,25,35,35,Default Stride Loose,32,60,89,65,29,48,6,6,6,6,24,10,83,26,82
21884,Kwity,Paye,Right Edge,REDG,Indianapolis Colts,10,77,26,Michigan,74,261,51,4,Power Rusher - DE,"https://ratings-images-prod.pulse.ea.com/madden-nfl-26/portraits/1056.png?im=FaceCrop,padding=0.7",https://drop-assets.ea.com/images/5yTvAS7xG5Z8qw65gMLzSU/037cfcd90e26ee06666a24d762791f65/10.png,85,88,85,84,86,72,53,80,12,38,57,22,46,74,20,61,82,91,88,45,18,20,10,26,25,23,77,45,45,45,6,72,75,29,83,28,45,45,45,Long Stride Loose,29,25,84,41,48,85,6,6,6,6,25,10,84,53,36
21161,Kyle,Dugger,Strong Safety,SS,Pittsburgh Steelers,29,77,29,Lenoir-Rhyne University,74,220,29,5,Run Support - S,"https://ratings-images-prod.pulse.ea.com/madden-nfl-26/portraits/263.png?im=FaceCrop,padding=0.7",https://drop-assets.ea.com/images/4k4tkEjxICBzmTan96wMKZ/1d5d9145ace8a359ac5423c8c3e5e2d8/29.png,88,86,92,90,77,78,75,72,11,60,70,56,75,83,29,53,88,82,87,78,13,18,82,16,69,32,77,35,35,35,10,75,48,75,83,26,35,35,35,Default Stride Loose,40,64,89,67,50,71,6,6,10,10,25,15,84,49,73
12665,Mack,Hollins,Wide Receiver,WR,New England Patriots,22,77,31,North Carolina,76,221,13,8,Deep Threat - WR,"https://ratings-images-prod.pulse.ea.com/madden-nfl-26/portraits/8590.png?im=FaceCrop,padding=0.7",https://drop-assets.ea.com/images/6Z0rWjQfkWgvj8K58X0WfA/aaaaa7e6c313bdfc5e624309ba6dfc4e/22.png,88,82,85,88,73,83,76,49,22,71,74,86,87,73,79,10,59,62,93,73,12,17,50,43,11,78,77,55,19,20,10,20,10,10,68,79,61,32,39,Long Stride Default,78,85,91,66,73,51,15,20,25,23,27,22,87,59,22
17738,Maliek,Collins,Defensive Tackle,DT,Cleveland Browns,5,77,30,Nebraska,74,310,96,9,Speed Rusher - DT,"https://ratings-images-prod.pulse.ea.com/madden-nfl-26/portraits/7953.png?im=FaceCrop,padding=0.7",https://drop-assets.ea.com/images/4qbblHggBjaH9o46kyGeFo/27cab0f308b54edbd469e9b20cb506f7/5.png,71,67,75,81,84,90,22,75,12,12,31,17,31,60,3,84,80,86,87,16,17,17,9,34,18,5,77,44,45,44,6,87,73,13,79,15,45,45,46,Default Stride Awkward,13,19,70,17,25,82,6,6,6,6,23,16,88,29,26
1083,Mason,McCormick,Right Guard,RG,Pittsburgh Steelers,29,77,25,S. Dakota St.,77,315,66,1,Power - G,"https://ratings-images-prod.pulse.ea.com/madden-nfl-26/portraits/10170.png?im=FaceCrop,padding=0.7",https://drop-assets.ea.com/images/4k4tkEjxICBzmTan96wMKZ/1d5d9145ace8a359ac5423c8c3e5e2d8/29.png,79,61,85,79,90,74,24,35,12,10,20,15,26,61,5,20,35,84,90,30,19,19,10,79,10,7,77,80,77,82,8,24,30,10,32,11,80,79,81,Default Stride Awkward,10,15,70,25,36,37,6,7,9,6,28,12,87,33,10
21231,Mike,Danna,Right Edge,REDG,Kansas City Chiefs,9,77,27,Michigan,74,257,51,5,Run Stopper - DE,"https://ratings-images-prod.pulse.ea.com/madden-nfl-26/portraits/853.png?im=FaceCrop,padding=0.7",https://drop-assets.ea.com/images/3g9AewmTPjE4A7yc2tobiZ/20b6502896df3893414233cb5fe1b803/9.png,84,74,71,80,82,78,47,78,12,27,31,16,31,63,5,65,78,87,91,31,13,17,6,14,16,5,77,45,45,45,6,80,74,16,82,15,45,45,45,Long Stride Default,10,18,81,32,43,87,6,6,6,6,26,10,86,37,25
13192,Mike,Gesicki,Tight End,TE,Cincinnati Bengals,2,77,29,Penn State,78,245,88,7,Vertical Threat - TE,"https://ratings-images-prod.pulse.ea.com/madden-nfl-26/portraits/8900.png?im=FaceCrop,padding=0.7",https://drop-assets.ea.com/images/5oemvWKqCFgBCkCI4h9A2U/0629c6d345fe01a14ba9f40554fd182e/2.png,87,87,94,89,76,70,79,32,13,70,79,82,88,74,64,10,38,66,91,78,14,18,15,58,10,66,77,57,55,51,6,20,10,17,37,74,58,58,55,Long Stride Loose,70,88,84,70,76,30,6,10,15,10,50,15,82,76,15
14947,Mike,Sainristil,Cornerback,CB,Washington Commanders,26,77,24,Michigan,70,182,0,1,Slot - CB,"https://ratings-images-prod.pulse.ea.com/madden-nfl-26/portraits/10239.png?im=FaceCrop,padding=0.7",https://drop-assets.ea.com/images/42h6FyIuthDAiH4cTWUXRH/bb952a9252013b5bfdf77ac3f4011601/RatingsteamcrestWashingtonCommanders256.png,94,94,93,87,51,72,74,47,21,71,64,70,78,94,57,42,65,38,91,77,17,18,63,15,74,52,77,33,21,22,12,74,32,67,80,42,34,21,23,Short Stride Loose,55,74,90,71,33,67,14,16,20,22,27,13,93,32,75
15199,Mykel,Williams,Right Edge,REDG,San Francisco 49ers,15,77,21,Georgia,77,267,98,0,Run Stopper - DE,"https://ratings-images-prod.pulse.ea.com/madden-nfl-26/portraits/10782.png?im=FaceCrop,padding=0.7",https://drop-assets.ea.com/images/1SoIzWJtk28ygwNAPEMRnf/deaee9a60ace23f7eaeaf4275c2282b0/15.png,89,82,79,82,86,76,34,80,18,31,43,15,41,71,10,71,83,88,87,39,21,23,30,52,18,15,77,52,51,53,25,76,77,27,83,22,50,49,52,Long Stride Loose,20,15,81,35,38,81,7,18,11,21,8,21,84,35,26
21508,Osa,Odighizuwa,Defensive Tackle,DT,Dallas Cowboys,11,77,27,UCLA,74,280,97,4,Power Rusher - DT,"https://ratings-images-prod.pulse.ea.com/madden-nfl-26/portraits/894.png?im=FaceCrop,padding=0.7",https://drop-assets.ea.com/images/4fzYNoreZSo04KbSHo3Sqn/0855e78441c821f956abac278f04abb7/11.png,82,68,77,84,85,79,21,76,12,24,29,14,26,61,3,73,78,86,92,25,18,20,10,21,19,6,77,45,45,45,6,77,80,17,82,13,45,45,45,Long Stride Loose,10,20,77,22,32,87,6,6,6,6,12,13,89,27,26
23053,Quan,Martin,Free Safety,FS,Washington Commanders,26,77,25,Illinois,72,195,20,2,Hybrid - S,"https://ratings-images-prod.pulse.ea.com/madden-nfl-26/portraits/2296.png?im=FaceCrop,padding=0.7",https://drop-assets.ea.com/images/42h6FyIuthDAiH4cTWUXRH/bb952a9252013b5bfdf77ac3f4011601/RatingsteamcrestWashingtonCommanders256.png,97,87,97,89,61,76,72,53,14,67,62,61,75,85,12,43,78,50,90,76,20,20,62,23,75,14,77,35,35,35,6,73,37,68,68,18,35,35,35,Default Stride Loose,24,65,90,70,46,71,6,7,8,6,25,18,80,40,72
21584,Rashod,Bateman,Wide Receiver,WR,Baltimore Ravens,25,77,25,Minnesota,73,197,7,4,Deep Threat - WR,"https://ratings-images-prod.pulse.ea.com/madden-nfl-26/portraits/1236.png?im=FaceCrop,padding=0.7",https://drop-assets.ea.com/images/3zZnTQ4izXUrnVi3ryTBcm/a12a28ccd2af4c0a0930b58db73552a7/25.png,92,88,89,87,60,75,83,29,22,77,74,83,82,86,80,10,25,46,84,80,20,22,50,23,12,78,77,36,24,21,15,17,10,17,34,83,44,31,27,Long Stride Default,79,85,92,71,60,29,10,10,15,10,28,18,90,48,16
12690,Rayshawn,Jenkins,Strong Safety,SS,Cleveland Browns,5,77,31,Miami,73,200,5,8,Run Support - S,"https://ratings-images-prod.pulse.ea.com/madden-nfl-26/portraits/8601.png?im=FaceCrop,padding=0.7",https://drop-assets.ea.com/images/4qbblHggBjaH9o46kyGeFo/27cab0f308b54edbd469e9b20cb506f7/5.png,87,80,88,92,72,77,66,69,17,46,65,64,78,81,13,37,90,61,87,71,15,20,65,15,70,18,77,35,35,35,15,74,49,62,82,22,35,35,35,Default Stride Loose,28,66,88,62,38,76,10,15,18,23,30,12,87,43,74
14985,Renardo,Green,Cornerback,CB,San Francisco 49ers,15,77,24,Florida State,72,186,0,1,Manto Man - CB,"https://ratings-images-prod.pulse.ea.com/madden-nfl-26/portraits/10090.png?im=FaceCrop,padding=0.7",https://drop-assets.ea.com/images/1SoIzWJtk28ygwNAPEMRnf/deaee9a60ace23f7eaeaf4275c2282b0/15.png,92,88,89,85,59,73,65,42,35,62,57,50,59,85,21,37,58,48,92,71,18,21,50,16,79,30,77,30,21,20,18,73,32,82,74,33,35,24,21,Default Stride Loose,34,60,90,67,40,68,21,22,25,34,25,21,85,35,76
21632,Rhamondre,Stevenson,Halfback,HB,New England Patriots,22,77,27,Oklahoma,72,230,38,4,Power Back - HB,"https://ratings-images-prod.pulse.ea.com/madden-nfl-26/portraits/1146.png?im=FaceCrop,padding=0.7",https://drop-assets.ea.com/images/6Z0rWjQfkWgvj8K58X0WfA/aaaaa7e6c313bdfc5e624309ba6dfc4e/22.png,87,82,79,85,79,82,85,33,21,86,83,47,72,83,42,10,32,53,89,86,18,20,45,55,10,55,77,62,32,36,17,18,10,18,39,48,55,38,43,Default Stride High and Tight,65,52,88,79,87,41,15,20,25,19,32,15,86,87,16
22218,Riley,Moss,Cornerback,CB,Denver Broncos,4,77,25,Iowa,72,193,21,2,Zone - CB,"https://ratings-images-prod.pulse.ea.com/madden-nfl-26/portraits/2330.png?im=FaceCrop,padding=0.7",https://drop-assets.ea.com/images/4AYKY9OcX1CYbyMFBnvM8/ac07a8ff525004f92014e3259708acdf/4.png,95,95,92,91,53,75,82,46,24,67,68,69,74,89,11,34,63,44,93,77,23,22,77,18,74,14,77,25,35,35,16,71,24,70,73,25,35,35,35,Default Stride Loose,21,68,91,70,41,66,12,15,21,25,31,10,79,49,78
2099,Shelby,Harris,Defensive Tackle,DT,Cleveland Browns,5,77,34,Illinois St.,74,290,93,11,,"https://ratings-images-prod.pulse.ea.com/madden-nfl-26/portraits/7164.png?im=FaceCrop,padding=0.7",https://drop-assets.ea.com/images/4qbblHggBjaH9o46kyGeFo/27cab0f308b54edbd469e9b20cb506f7/5.png,76,66,78,77,85,78,25,79,12,10,46,10,42,57,2,75,78,87,90,10,21,19,10,15,20,3,77,45,45,45,6,80,63,10,80,12,45,45,45,Default Stride Awkward,10,12,75,10,35,87,6,6,6,6,24,12,75,32,25
14696,Taliese,Fuaga,Right Tackle,RT,New Orleans Saints,27,77,23,Oregon State,78,324,75,1,Power - OT,"https://ratings-images-prod.pulse.ea.com/madden-nfl-26/portraits/10079.png?im=FaceCrop,padding=0.7",https://drop-assets.ea.com/images/5beev0Bk7MVWyDSbEqr75u/837fe770a82d43aa3028a13988d8baf3/27.png,73,63,78,87,93,74,15,42,15,24,33,18,22,50,5,10,46,88,92,13,31,34,10,85,9,8,77,73,66,78,6,15,35,10,15,12,82,80,83,Long Stride Awkward,12,21,68,12,44,39,6,7,9,7,14,5,94,44,9
22733,Tank,Bigsby,Halfback,HB,Philadelphia Eagles,13,77,24,Auburn,72,213,37,2,Elusive Back - HB,"https://ratings-images-prod.pulse.ea.com/madden-nfl-26/portraits/2539.png?im=FaceCrop,padding=0.7",https://drop-assets.ea.com/images/1Nt5pFCpjcBcADzHRbwfIk/ce90f9cb564aef7cc30cf1dd88c84150/13.png,92,84,81,86,75,78,85,31,28,84,88,51,62,86,40,10,27,36,92,84,15,17,76,31,11,48,77,54,26,32,15,14,10,15,39,51,34,25,18,Default,56,53,92,72,78,32,12,16,20,17,27,14,88,85,16
20622,Taylor,Rapp,Strong Safety,SS,Buffalo Bills,3,77,27,Washington,72,208,9,6,Run Support - S,"https://ratings-images-prod.pulse.ea.com/madden-nfl-26/portraits/9606.png?im=FaceCrop,padding=0.7",https://drop-assets.ea.com/images/212FXcpkDUjs9ZJpZ038pM/676904f80719bc724267b7eb5609c6af/3.png,87,86,84,89,63,79,58,61,22,46,61,60,77,86,17,49,85,48,91,67,14,18,57,10,65,22,77,35,35,35,6,75,41,69,84,22,35,35,35,Short Stride Default,29,66,86,61,44,77,12,18,25,30,36,14,84,33,75
21435,Teair,Tart,Defensive Tackle,DT,Los Angeles Chargers,8,77,28,FIU,74,315,90,5,,"https://ratings-images-prod.pulse.ea.com/madden-nfl-26/portraits/1523.png?im=FaceCrop,padding=0.7",https://drop-assets.ea.com/images/1nyokQ4GLHKjmDL5IorxkB/29267d1765bd7f27730a007e1b070ec4/8.png,77,64,72,76,88,81,10,78,12,10,40,15,34,51,5,71,80,84,86,10,13,17,15,29,12,7,77,45,45,45,6,82,77,10,78,12,45,45,45,Default Stride Awkward,12,17,71,10,27,84,6,6,6,6,29,16,88,34,23
21537,Teven,Jenkins,Left Guard,LG,Cleveland Browns,5,77,27,Oklahoma St.,78,321,74,4,Power - G,"https://ratings-images-prod.pulse.ea.com/madden-nfl-26/portraits/809.png?im=FaceCrop,padding=0.7",https://drop-assets.ea.com/images/4qbblHggBjaH9o46kyGeFo/27cab0f308b54edbd469e9b20cb506f7/5.png,73,61,79,84,91,67,20,22,12,8,23,11,19,52,5,10,40,87,82,10,14,14,15,86,10,5,77,80,76,82,6,22,20,10,27,15,82,85,79,Default Stride Awkward,10,16,74,10,22,31,6,6,6,6,22,15,92,32,10
14684,Theo,Johnson,Tight End,TE,NY Giants,16,77,24,Penn State,78,264,84,1,Vertical Threat - TE,"https://ratings-images-prod.pulse.ea.com/madden-nfl-26/portraits/10130.png?im=FaceCrop,padding=0.7",https://drop-assets.ea.com/images/5hloGwLNaCrg2IBn0CoWVb/b5996a802009a4252f992182bd9acf85/16.png,90,79,90,84,75,82,75,27,22,67,76,83,81,76,61,20,15,65,90,69,12,18,6,59,12,65,77,60,58,59,6,15,20,10,31,70,62,60,59,Long Stride Loose,69,80,87,61,70,31,10,15,27,14,29,13,89,69,14
12548,Tre'Davious,White,Cornerback,CB,Buffalo Bills,3,77,30,LSU,71,192,27,8,Manto Man - CB,"https://ratings-images-prod.pulse.ea.com/madden-nfl-26/portraits/8775.png?im=FaceCrop,padding=0.7",https://drop-assets.ea.com/images/212FXcpkDUjs9ZJpZ038pM/676904f80719bc724267b7eb5609c6af/3.png,91,88,82,90,75,77,82,53,40,70,65,58,74,86,18,36,66,53,83,82,18,22,80,18,76,25,77,25,35,35,16,76,28,83,77,32,25,35,35,Short Stride Bread Loaf,35,70,90,74,43,64,18,22,28,31,36,30,81,28,78
2335,Tress,Way,Punter,P,Washington Commanders,26,77,35,Oklahoma,73,220,10,12,Power - KP,"https://ratings-images-prod.pulse.ea.com/madden-nfl-26/portraits/7370.png?im=FaceCrop,padding=0.7",https://drop-assets.ea.com/images/42h6FyIuthDAiH4cTWUXRH/bb952a9252013b5bfdf77ac3f4011601/RatingsteamcrestWashingtonCommanders256.png,73,62,67,82,44,68,10,10,17,10,51,10,45,49,10,10,12,14,92,10,75,92,10,14,13,10,77,11,11,11,30,19,10,10,25,12,14,14,14,Default Stride Awkward,10,12,73,10,10,29,47,50,54,28,54,34,65,10,27
15287,Trey,Amos,Cornerback,CB,Washington Commanders,26,77,23,Ole Miss,73,195,23,0,Zone - CB,"https://ratings-images-prod.pulse.ea.com/madden-nfl-26/portraits/10477.png?im=FaceCrop,padding=0.7",https://drop-assets.ea.com/images/42h6FyIuthDAiH4cTWUXRH/bb952a9252013b5bfdf77ac3f4011601/RatingsteamcrestWashingtonCommanders256.png,92,83,85,89,64,78,76,51,47,56,61,60,72,82,32,27,50,55,89,74,26,26,45,24,76,34,77,35,35,25,42,77,30,78,75,36,35,35,25,Default Stride Loose,37,67,91,68,50,64,42,45,49,50,49,42,87,39,78
14622,Trey,Benson,Halfback,HB,Arizona Cardinals,7,77,23,Florida State,73,220,33,1,Elusive Back - HB,"https://ratings-images-prod.pulse.ea.com/madden-nfl-26/portraits/10011.png?im=FaceCrop,padding=0.7",https://drop-assets.ea.com/images/5NdzvrqrP3clJDBL6kdTmu/1f61914ff14c6f4be0240d71e622f9c6/7.png,94,85,83,86,77,67,79,42,32,82,95,52,70,86,55,31,47,40,86,85,14,18,77,36,27,59,77,55,30,33,20,37,26,29,47,56,43,30,27,Default Stride High and Tight,65,53,93,79,79,49,15,20,25,24,29,20,82,79,34
14700,Troy,Fautanu,Right Tackle,RT,Pittsburgh Steelers,29,77,24,Washington,76,317,76,1,Power - OT,"https://ratings-images-prod.pulse.ea.com/madden-nfl-26/portraits/10070.png?im=FaceCrop,padding=0.7",https://drop-assets.ea.com/images/4k4tkEjxICBzmTan96wMKZ/1d5d9145ace8a359ac5423c8c3e5e2d8/29.png,79,70,79,85,87,78,30,47,8,20,35,33,35,57,21,33,41,87,93,15,32,37,10,83,9,22,77,81,80,81,8,23,44,13,27,25,79,80,81,Default Stride Awkward,25,33,72,15,39,39,5,6,8,7,13,7,88,40,11
22749,Tyjae,Spears,Halfback,HB,Tennessee Titans,30,77,24,Tulane,70,200,2,2,Elusive Back - HB,"https://ratings-images-prod.pulse.ea.com/madden-nfl-26/portraits/2405.png?im=FaceCrop,padding=0.7",https://drop-assets.ea.com/images/2YxvlDMaJsJwNQ4lS7qdCQ/d850f60dcbdcd71fb162eb55a46c7969/30.png,91,88,89,85,71,71,82,25,25,83,95,54,74,87,50,10,22,37,86,86,18,21,62,34,12,58,77,60,22,26,16,16,10,16,35,52,45,27,22,Default,66,57,88,76,74,30,10,15,20,14,29,12,86,65,15
14788,Tyler,Shough,Quarterback,QB,New Orleans Saints,27,77,25,Louisville,77,225,6,0,Field General - QB,"https://ratings-images-prod.pulse.ea.com/madden-nfl-26/portraits/10796.png?im=FaceCrop,padding=0.7",https://drop-assets.ea.com/images/5beev0Bk7MVWyDSbEqr75u/837fe770a82d43aa3028a13988d8baf3/27.png,86,77,73,82,56,74,75,24,64,66,67,27,36,75,19,21,15,23,81,54,16,30,27,20,25,20,77,21,18,17,83,32,20,21,29,27,11,14,15,Long Stride Default,24,25,87,52,38,16,80,89,88,84,92,76,82,40,47
20597,Tyrel,Dodson,Weak Backer,WILL,Miami Dolphins,12,77,27,Texas AM,72,237,25,6,Run Stopper - OLB,"https://ratings-images-prod.pulse.ea.com/madden-nfl-26/portraits/9441.png?im=FaceCrop,padding=0.7",https://drop-assets.ea.com/images/1rcCzp9f3OyZFzRBRFJVpC/8dc08dce09c05a748587769908cd710c/12.png,87,73,84,85,74,77,31,72,12,20,45,24,60,69,5,58,85,82,87,32,13,18,10,17,65,5,77,45,45,45,6,76,51,31,86,12,45,45,45,Default Stride Loose,10,50,89,30,25,87,6,6,6,6,34,10,88,33,72
13145,Uchenna,Nwosu,Left Edge,LEDG,Seattle Seahawks,28,77,28,USC,74,251,7,7,Smaller Speed Rusher - DE,"https://ratings-images-prod.pulse.ea.com/madden-nfl-26/portraits/9008.png?im=FaceCrop,padding=0.7",https://drop-assets.ea.com/images/2WrGCB8Atuo0aZ4MbstBrI/bbe9263ce111287adcef479efbc72160/28.png,86,81,78,86,73,81,41,79,15,30,47,46,63,73,5,78,83,75,92,52,13,17,10,20,47,5,77,45,45,45,6,79,72,37,83,35,45,45,45,Long Stride Loose,15,43,82,42,33,80,6,6,6,6,18,13,82,33,60
21538,Walker,Little,Left Tackle,LT,Jacksonville Jaguars,17,77,26,Stanford,79,325,72,4,Agile - OT,"https://ratings-images-prod.pulse.ea.com/madden-nfl-26/portraits/826.png?im=FaceCrop,padding=0.7",https://drop-assets.ea.com/images/4s3Xa9huMY7IrNAc9h1TDa/9eb764bbfbbb6a2f651e3d44cdcfa103/17.png,67,69,73,84,86,85,12,31,12,6,28,15,26,57,5,24,39,83,81,11,19,18,9,85,11,5,77,80,81,77,6,24,32,10,21,16,79,81,77,Default Stride Awkward,14,15,62,12,15,35,6,6,6,6,22,15,83,20,14
15267,Will,Johnson,Cornerback,CB,Arizona Cardinals,7,77,22,Michigan,74,200,0,0,Zone - CB,"https://ratings-images-prod.pulse.ea.com/madden-nfl-26/portraits/10614.png?im=FaceCrop,padding=0.7",https://drop-assets.ea.com/images/5NdzvrqrP3clJDBL6kdTmu/1f61914ff14c6f4be0240d71e622f9c6/7.png,90,86,89,83,62,84,79,49,12,59,69,66,77,83,41,42,71,52,81,76,21,27,53,25,73,38,77,25,35,25,6,83,34,74,74,46,25,35,25,Default,41,73,89,69,43,57,6,6,6,6,14,10,81,41,79
12721,Al-Quadin,Muhammad,Right Edge,REDG,Detroit Lions,19,76,30,Miami,76,250,96,8,Power Rusher - DE,"https://ratings-images-prod.pulse.ea.com/madden-nfl-26/portraits/8670.png?im=FaceCrop,padding=0.7",https://drop-assets.ea.com/images/7cuE4tZcli1uQyZbvXWMrd/a2df9decdab28170691ca6631dd62139/19.png,82,73,75,85,78,84,37,76,28,18,37,28,41,64,3,73,77,83,93,39,19,20,12,10,31,7,76,45,45,45,6,83,82,17,83,12,45,45,45,Long Stride Loose,14,24,80,27,40,80,6,6,6,6,34,10,84,33,42
14698,Amarius,Mims,Right Tackle,RT,Cincinnati Bengals,2,76,22,Georgia,80,350,71,1,Power - OT,"https://ratings-images-prod.pulse.ea.com/madden-nfl-26/portraits/10182.png?im=FaceCrop,padding=0.7",https://drop-assets.ea.com/images/5oemvWKqCFgBCkCI4h9A2U/0629c6d345fe01a14ba9f40554fd182e/2.png,73,70,65,83,91,80,45,45,22,30,48,41,49,65,24,31,45,86,86,43,26,34,10,82,12,31,76,78,78,78,5,28,42,15,42,44,76,74,79,Long Stride Awkward,35,51,70,43,55,35,6,11,12,12,13,11,85,50,11
20631,Andrew,Wingard,Free Safety,FS,Jacksonville Jaguars,17,76,28,Wyoming,72,200,42,6,Zone - S,"https://ratings-images-prod.pulse.ea.com/madden-nfl-26/portraits/9686.png?im=FaceCrop,padding=0.7",https://drop-assets.ea.com/images/4s3Xa9huMY7IrNAc9h1TDa/9eb764bbfbbb6a2f651e3d44cdcfa103/17.png,90,86,87,88,55,80,70,53,15,54,74,43,71,83,10,45,84,60,89,71,19,15,30,21,64,25,76,40,35,35,15,78,57,63,79,15,35,40,45,Default Stride Loose,35,61,86,63,46,67,10,10,15,15,35,12,88,74,77
22709,Antonio,Johnson,Strong Safety,SS,Jacksonville Jaguars,17,76,23,Texas AM,75,195,26,2,Hybrid - S,"https://ratings-images-prod.pulse.ea.com/madden-nfl-26/portraits/2232.png?im=FaceCrop,padding=0.7",https://drop-assets.ea.com/images/4s3Xa9huMY7IrNAc9h1TDa/9eb764bbfbbb6a2f651e3d44cdcfa103/17.png,92,80,76,87,55,73,66,54,10,71,54,53,64,80,33,49,85,51,89,71,16,19,60,24,78,40,76,35,35,35,15,71,35,74,80,49,35,35,35,Long Stride Default,45,63,88,64,51,77,10,10,15,15,23,11,85,52,77
2533,Arik,Armstead,Defensive Tackle,DT,Jacksonville Jaguars,17,76,31,Oregon,79,290,91,10,,"https://ratings-images-prod.pulse.ea.com/madden-nfl-26/portraits/7003.png?im=FaceCrop,padding=0.7",https://drop-assets.ea.com/images/4s3Xa9huMY7IrNAc9h1TDa/9eb764bbfbbb6a2f651e3d44cdcfa103/17.png,71,69,82,84,91,76,20,76,12,16,44,10,38,60,2,67,80,88,92,15,30,30,10,16,32,3,76,45,45,45,6,76,77,35,81,12,45,45,45,Default Stride Awkward,10,15,74,25,45,85,6,6,6,6,35,17,89,45,40
21459,Asante,Samuel Jr,Cornerback,CB,Pittsburgh Steelers,29,76,25,Florida State,70,180,22,4,Zone - CB,"https://ratings-images-prod.pulse.ea.com/madden-nfl-26/portraits/1289.png?im=FaceCrop,padding=0.7",https://drop-assets.ea.com/images/4k4tkEjxICBzmTan96wMKZ/1d5d9145ace8a359ac5423c8c3e5e2d8/29.png,93,91,84,94,54,72,64,44,16,42,54,61,74,91,10,36,52,43,90,68,25,25,54,10,78,13,76,35,35,35,15,73,29,66,75,20,35,35,35,Short Stride Loose,23,69,91,64,30,49,18,24,29,22,43,16,82,33,83
13177,Austin,Corbett,Left Guard,LG,Carolina Panthers,21,76,29,Nevada,76,305,63,7,Agile - G,"https://ratings-images-prod.pulse.ea.com/madden-nfl-26/portraits/8853.png?im=FaceCrop,padding=0.7",https://drop-assets.ea.com/images/4Klf6KKhbnVi5RaARK1OiL/13a917c75c0fbc4edb0eb018cb757d8d/21.png,70,57,70,88,85,82,15,15,12,7,32,15,18,51,5,10,27,82,85,10,13,17,10,83,12,5,76,80,81,78,6,16,20,10,23,12,78,80,76,Long Stride Awkward,10,12,69,10,10,29,6,6,6,6,23,10,87,23,12
12948,Austin,Ekeler,Halfback,HB,Washington Commanders,26,76,30,Western Colorado,70,200,30,8,Receiving Back - HB,"https://ratings-images-prod.pulse.ea.com/madden-nfl-26/portraits/9179.png?im=FaceCrop,padding=0.7",https://drop-assets.ea.com/images/42h6FyIuthDAiH4cTWUXRH/bb952a9252013b5bfdf77ac3f4011601/RatingsteamcrestWashingtonCommanders256.png,91,90,89,91,82,74,82,11,26,79,83,65,77,84,66,10,20,47,88,85,15,22,68,50,15,73,76,54,22,26,15,12,10,20,40,74,38,30,32,Default,78,68,89,78,72,32,16,20,27,18,28,17,87,77,20
13160,B.J.,Hill,Defensive Tackle,DT,Cincinnati Bengals,2,76,29,N.C. State,75,311,92,7,,"https://ratings-images-prod.pulse.ea.com/madden-nfl-26/portraits/8923.png?im=FaceCrop,padding=0.7",https://drop-assets.ea.com/images/5oemvWKqCFgBCkCI4h9A2U/0629c6d345fe01a14ba9f40554fd182e/2.png,76,71,67,83,88,72,24,78,12,23,43,20,43,60,3,64,81,87,94,33,12,18,10,20,22,7,76,45,45,45,6,73,76,12,81,15,45,45,45,Long Stride Loose,15,15,73,26,35,88,6,6,6,6,19,15,89,41,28
14812,Bhayshul,Tuten,Halfback,HB,Jacksonville Jaguars,17,76,23,Virginia Tech,69,206,33,0,Elusive Back - HB,"https://ratings-images-prod.pulse.ea.com/madden-nfl-26/portraits/10762.png?im=FaceCrop,padding=0.7",https://drop-assets.ea.com/images/4s3Xa9huMY7IrNAc9h1TDa/9eb764bbfbbb6a2f651e3d44cdcfa103/17.png,96,90,94,89,75,61,84,38,27,81,85,54,65,87,49,30,34,37,88,83,23,35,85,30,26,52,76,51,33,36,18,29,28,22,38,59,35,29,28,Default Stride High and Tight,59,56,95,78,73,37,10,15,21,14,29,26,87,78,30
21532,Brady,Christensen,Left Tackle,LT,Carolina Panthers,21,76,28,BYU,78,300,70,4,Power - OT,"https://ratings-images-prod.pulse.ea.com/madden-nfl-26/portraits/793.png?im=FaceCrop,padding=0.7",https://drop-assets.ea.com/images/4Klf6KKhbnVi5RaARK1OiL/13a917c75c0fbc4edb0eb018cb757d8d/21.png,78,70,82,84,88,73,16,17,12,11,30,24,26,55,11,10,24,80,91,11,12,18,10,75,12,12,76,80,77,83,6,15,10,10,18,22,76,73,79,Default Stride Awkward,14,28,74,10,21,25,6,6,6,6,21,16,78,30,15
21790,Brandon,Stephens,Cornerback,CB,NY Jets,18,76,27,SMU,73,215,21,4,Slot - CB,"https://ratings-images-prod.pulse.ea.com/madden-nfl-26/portraits/1157.png?im=FaceCrop,padding=0.7",https://drop-assets.ea.com/images/7M46e9acznPLjtJlC7FaWV/ef5cfc9e8306cbdae723a5f7e809b0fd/18.png,87,84,90,90,68,78,74,58,15,62,69,58,70,82,28,44,64,56,92,75,15,18,25,25,73,34,76,38,38,38,6,77,40,82,78,36,35,35,35,Default Stride Loose,46,72,90,67,51,71,6,6,6,6,21,14,87,59,78
21239,Bryce,Huff,Right Edge,REDG,San Francisco 49ers,15,76,27,Memphis,75,255,47,5,Smaller Speed Rusher - DE,"https://ratings-images-prod.pulse.ea.com/madden-nfl-26/portraits/1453.png?im=FaceCrop,padding=0.7",https://drop-assets.ea.com/images/1SoIzWJtk28ygwNAPEMRnf/deaee9a60ace23f7eaeaf4275c2282b0/15.png,87,79,80,75,72,74,26,67,12,10,40,25,36,71,4,81,80,80,86,22,16,15,10,11,38,8,76,45,45,45,6,68,70,33,80,17,45,45,45,Long Stride Awkward,15,29,83,35,27,82,6,6,6,6,28,12,87,25,48
22924,Calijah,Kancey,Defensive Tackle,DT,Tampa Bay Buccaneers,6,76,24,Pittsburgh,72,280,94,2,,"https://ratings-images-prod.pulse.ea.com/madden-nfl-26/portraits/2275.png?im=FaceCrop,padding=0.7",https://drop-assets.ea.com/images/1L5Fn21WqZN9jcLucGYg4c/ce29db9b9b4775d4e8fc337bf5c65027/6.png,91,82,81,79,84,74,32,79,10,17,43,43,52,69,24,77,82,75,87,42,12,14,10,33,19,28,76,35,35,35,6,72,70,10,80,21,40,40,40,Short Stride High and Tight,35,42,83,33,20,82,6,6,6,6,25,10,84,35,29
22086,Calvin,Austin,Wide Receiver,WR,Pittsburgh Steelers,29,76,26,Memphis,69,162,19,3,,"https://ratings-images-prod.pulse.ea.com/madden-nfl-26/portraits/1150.png?im=FaceCrop,padding=0.7",https://drop-assets.ea.com/images/4k4tkEjxICBzmTan96wMKZ/1d5d9145ace8a359ac5423c8c3e5e2d8/29.png,96,91,90,84,53,75,84,30,25,71,72,78,82,92,76,10,28,39,89,80,17,20,81,20,22,75,76,26,15,19,25,30,10,21,41,66,45,19,12,Short Stride Default,74,78,95,74,44,32,19,28,35,28,35,28,83,34,33
20972,Cesar,Ruiz,Right Guard,RG,New Orleans Saints,27,76,26,Michigan,76,316,51,5,Power - G,"https://ratings-images-prod.pulse.ea.com/madden-nfl-26/portraits/557.png?im=FaceCrop,padding=0.7",https://drop-assets.ea.com/images/5beev0Bk7MVWyDSbEqr75u/837fe770a82d43aa3028a13988d8baf3/27.png,75,55,80,89,87,84,15,17,12,9,26,15,22,57,5,10,25,84,91,10,11,11,10,81,12,5,76,79,76,81,6,10,10,10,23,15,74,72,77,Default Stride Awkward,15,15,76,10,10,27,6,6,6,6,25,11,90,25,12
23060,Chamarri,Conner,Strong Safety,SS,Kansas City Chiefs,9,76,25,Virginia Tech,72,206,27,2,Hybrid - S,"https://ratings-images-prod.pulse.ea.com/madden-nfl-26/portraits/2062.png?im=FaceCrop,padding=0.7",https://drop-assets.ea.com/images/3g9AewmTPjE4A7yc2tobiZ/20b6502896df3893414233cb5fe1b803/9.png,92,86,94,89,66,78,64,58,21,61,59,58,69,81,39,45,83,62,94,69,14,15,55,31,73,42,76,35,35,35,15,77,35,75,77,41,35,35,35,Default Stride High and Tight,43,59,89,65,53,67,10,10,15,22,25,10,87,54,70
22347,Chigoziem,Okonkwo,Tight End,TE,Tennessee Titans,30,76,25,Maryland,75,238,85,3,Vertical Threat - TE,"https://ratings-images-prod.pulse.ea.com/madden-nfl-26/portraits/1869.png?im=FaceCrop,padding=0.7",https://drop-assets.ea.com/images/2YxvlDMaJsJwNQ4lS7qdCQ/d850f60dcbdcd71fb162eb55a46c7969/30.png,91,77,85,81,67,74,81,29,12,72,73,79,85,72,61,10,35,58,85,74,18,21,35,53,12,66,76,61,60,55,6,23,10,15,33,70,61,62,57,Long Stride Default,70,78,88,66,73,30,6,10,15,9,20,6,78,72,15
22211,Coby,Bryant,Free Safety,FS,Seattle Seahawks,28,76,26,Cincinnati,73,193,8,3,Zone - S,"https://ratings-images-prod.pulse.ea.com/madden-nfl-26/portraits/1219.png?im=FaceCrop,padding=0.7",https://drop-assets.ea.com/images/2WrGCB8Atuo0aZ4MbstBrI/bbe9263ce111287adcef479efbc72160/28.png,90,83,80,90,63,79,65,52,14,49,62,64,75,83,12,25,63,43,91,74,19,21,55,15,70,16,76,10,34,33,6,81,20,79,77,19,15,34,33,Default,24,70,88,66,33,65,6,6,6,15,27,11,83,29,79
22019,Corliss,Waitman,Punter,P,Pittsburgh Steelers,29,76,30,South Alabama,74,210,3,5,Power - KP,"https://ratings-images-prod.pulse.ea.com/madden-nfl-26/portraits/2658.png?im=FaceCrop,padding=0.7",https://drop-assets.ea.com/images/4k4tkEjxICBzmTan96wMKZ/1d5d9145ace8a359ac5423c8c3e5e2d8/29.png,69,64,68,83,46,61,28,15,33,27,53,22,50,48,15,10,44,24,88,28,80,94,10,21,12,15,76,16,16,16,25,15,10,10,30,15,21,17,17,Default Stride Awkward,15,37,71,24,19,35,31,36,41,29,45,25,77,38,15
21141,D.J.,Wonnum,Right Edge,REDG,Carolina Panthers,21,76,27,South Carolina,77,258,98,5,Run Stopper - DE,"https://ratings-images-prod.pulse.ea.com/madden-nfl-26/portraits/684.png?im=FaceCrop,padding=0.7",https://drop-assets.ea.com/images/4Klf6KKhbnVi5RaARK1OiL/13a917c75c0fbc4edb0eb018cb757d8d/21.png,81,76,80,84,82,80,40,78,12,22,46,22,48,67,3,68,80,80,91,34,15,17,10,13,45,6,76,45,45,45,6,78,75,31,81,16,45,45,45,Long Stride High and Tight,13,31,82,29,38,84,6,6,6,6,18,13,89,39,53
22396,Dane,Belton,Strong Safety,SS,NY Giants,16,76,24,Iowa,73,205,24,3,Hybrid - S,"https://ratings-images-prod.pulse.ea.com/madden-nfl-26/portraits/1172.png?im=FaceCrop,padding=0.7",https://drop-assets.ea.com/images/5hloGwLNaCrg2IBn0CoWVb/b5996a802009a4252f992182bd9acf85/16.png,93,87,87,87,63,75,56,50,18,44,62,59,74,86,23,43,63,53,90,64,37,42,40,23,71,25,76,35,35,35,6,73,34,63,76,32,35,35,35,Default,28,63,91,56,43,75,6,6,6,15,23,10,78,36,72
13178,Darious,Williams,Cornerback,CB,Los Angeles Rams,24,76,32,UAB,69,187,31,7,Manto Man - CB,"https://ratings-images-prod.pulse.ea.com/madden-nfl-26/portraits/9955.png?im=FaceCrop,padding=0.7",https://drop-assets.ea.com/images/wS8JnLBEBj9eq68rO1qTb/b7b5285ad842936bc21bb149eb8c31b8/24.png,93,85,90,92,54,75,72,51,10,60,60,56,78,83,10,35,60,49,88,64,13,14,47,17,77,12,76,35,35,35,6,76,32,73,71,30,35,35,35,Default Stride Loose,22,70,90,60,33,60,6,6,6,6,35,15,81,19,74
22824,Darnell,Washington,Tight End,TE,Pittsburgh Steelers,29,76,24,Georgia,79,295,80,2,Blocking - TE,"https://ratings-images-prod.pulse.ea.com/madden-nfl-26/portraits/2453.png?im=FaceCrop,padding=0.7",https://drop-assets.ea.com/images/4k4tkEjxICBzmTan96wMKZ/1d5d9145ace8a359ac5423c8c3e5e2d8/29.png,86,86,88,82,81,69,79,51,19,68,72,78,78,79,52,34,56,74,91,67,21,15,15,72,18,56,76,64,61,63,6,15,30,26,51,62,75,74,71,Long Stride Loose,63,80,84,61,72,55,6,10,15,10,32,15,87,72,23
20523,Dawson,Knox,Tight End,TE,Buffalo Bills,3,76,28,Ole Miss,76,254,88,6,Vertical Threat - TE,"https://ratings-images-prod.pulse.ea.com/madden-nfl-26/portraits/9546.png?im=FaceCrop,padding=0.7",https://drop-assets.ea.com/images/212FXcpkDUjs9ZJpZ038pM/676904f80719bc724267b7eb5609c6af/3.png,90,84,91,90,72,76,73,28,21,53,71,81,83,75,58,10,21,65,89,62,12,14,25,53,13,63,76,63,62,59,21,14,10,13,31,68,65,65,60,Long Stride Default,68,85,86,56,75,31,17,23,28,25,41,20,85,72,16
17600,Demarcus,Robinson,Wide Receiver,WR,San Francisco 49ers,15,76,30,Florida,73,203,5,9,Deep Threat - WR,"https://ratings-images-prod.pulse.ea.com/madden-nfl-26/portraits/8198.png?im=FaceCrop,padding=0.7",https://drop-assets.ea.com/images/1SoIzWJtk28ygwNAPEMRnf/deaee9a60ace23f7eaeaf4275c2282b0/15.png,89,89,86,87,60,81,80,22,22,75,73,85,86,80,77,11,15,46,93,84,22,23,71,26,16,76,76,38,19,21,14,21,11,16,34,77,55,19,25,Default Stride Loose,77,84,88,73,48,23,16,18,21,18,24,19,76,38,24
2366,Denico,Autry,Right Edge,REDG,Houston Texans,32,76,35,Mississippi St.,77,285,96,11,Run Stopper - DE,"https://ratings-images-prod.pulse.ea.com/madden-nfl-26/portraits/7005.png?im=FaceCrop,padding=0.7",https://drop-assets.ea.com/images/4rWKgLRDGADEZ3pTbdrpW0/793a695de8ea5caf8f2e1b3973ae1b61/32.png,72,68,72,83,86,85,19,81,12,10,45,15,35,63,4,71,75,81,89,10,11,17,10,18,24,8,76,45,45,45,6,82,78,16,87,15,45,45,45,Default Stride Awkward,15,15,74,10,35,82,6,6,6,6,14,16,85,25,29
2560,Denzel,Perryman,Mike Backer,MIKE,Los Angeles Chargers,8,76,32,Miami,71,240,6,10,Run Stopper - MLB,"https://ratings-images-prod.pulse.ea.com/madden-nfl-26/portraits/7276.png?im=FaceCrop,padding=0.7",https://drop-assets.ea.com/images/1nyokQ4GLHKjmDL5IorxkB/29267d1765bd7f27730a007e1b070ec4/8.png,82,76,81,90,84,81,35,75,12,10,65,15,60,68,5,51,90,95,85,30,20,20,10,22,59,5,76,45,45,45,6,82,58,48,86,12,45,45,45,Default Stride Awkward,15,30,82,25,52,83,6,6,6,6,25,17,88,45,56
20491,Devin,Singletary,Halfback,HB,NY Giants,16,76,27,FAU,67,203,26,6,Elusive Back - HB,"https://ratings-images-prod.pulse.ea.com/madden-nfl-26/portraits/9629.png?im=FaceCrop,padding=0.7",https://drop-assets.ea.com/images/5hloGwLNaCrg2IBn0CoWVb/b5996a802009a4252f992182bd9acf85/16.png,89,88,84,92,70,76,84,25,27,80,86,51,70,89,47,10,21,41,94,86,10,14,73,34,13,54,76,63,35,38,17,12,10,15,37,50,31,21,24,Default Stride High and Tight,60,48,87,76,79,37,12,15,21,14,24,12,90,78,15
22772,Dontayvion,Wicks,Wide Receiver,WR,Green Bay Packers,20,76,24,Virginia,73,206,13,2,,"https://ratings-images-prod.pulse.ea.com/madden-nfl-26/portraits/2476.png?im=FaceCrop,padding=0.7",https://drop-assets.ea.com/images/4ztQk5XogdkrJe6reVd3h8/16ecf8a0f4caf228c6e54ad0f8e17425/20.png,88,87,90,80,60,80,84,20,36,75,71,82,83,86,79,10,21,43,86,82,20,24,40,22,10,79,76,23,18,24,31,16,10,16,31,73,42,24,18,Long Stride Default,79,82,89,74,50,29,35,39,45,44,53,40,85,46,10
17854,Elandon,Roberts,Mike Backer,MIKE,Las Vegas Raiders,23,76,31,Houston,73,238,52,9,Run Stopper - MLB,"https://ratings-images-prod.pulse.ea.com/madden-nfl-26/portraits/8195.png?im=FaceCrop,padding=0.7",https://drop-assets.ea.com/images/5ZrNmFWgR1vnwTOdqVmwYy/fe13aa7566120fb59130404e168c59ca/23.png,83,73,83,89,82,82,35,76,12,33,48,15,52,70,5,57,89,89,89,34,20,20,10,55,53,15,76,45,45,47,6,82,64,52,83,12,52,46,53,Default Stride Loose,27,35,85,25,50,82,6,6,6,6,25,14,86,36,65
2559,Eric,Kendricks,Mike Backer,MIKE,San Francisco 49ers,15,76,33,UCLA,72,232,43,10,Run Stopper - MLB,"https://ratings-images-prod.pulse.ea.com/madden-nfl-26/portraits/7200.png?im=FaceCrop,padding=0.7",https://drop-assets.ea.com/images/1SoIzWJtk28ygwNAPEMRnf/deaee9a60ace23f7eaeaf4275c2282b0/15.png,87,79,88,92,76,72,49,74,12,27,60,48,70,77,5,61,84,82,87,44,14,19,10,22,62,5,76,45,45,45,6,70,51,59,86,25,45,45,45,Default Stride Loose,15,69,86,35,35,88,6,6,6,6,24,10,85,43,68
1080,Evan,Williams,Free Safety,FS,Green Bay Packers,20,76,24,Oregon,71,200,33,1,Run Support - S,"https://ratings-images-prod.pulse.ea.com/madden-nfl-26/portraits/10297.png?im=FaceCrop,padding=0.7",https://drop-assets.ea.com/images/4ztQk5XogdkrJe6reVd3h8/16ecf8a0f4caf228c6e54ad0f8e17425/20.png,90,81,94,85,62,74,65,61,15,63,61,56,68,85,18,54,80,63,90,70,23,25,50,35,74,23,76,25,22,25,15,76,45,66,80,30,30,30,30,Default Stride Loose,25,64,86,65,46,74,10,10,15,15,25,16,88,51,75
20372,Garrett,Bradbury,Center,C,New England Patriots,22,76,30,N.C. State,75,300,65,6,Agile - C,"https://ratings-images-prod.pulse.ea.com/madden-nfl-26/portraits/9393.png?im=FaceCrop,padding=0.7",https://drop-assets.ea.com/images/6Z0rWjQfkWgvj8K58X0WfA/aaaaa7e6c313bdfc5e624309ba6dfc4e/22.png,78,68,76,87,90,81,45,42,12,38,46,42,56,58,14,34,42,79,89,22,20,21,10,82,12,21,76,78,79,78,6,30,43,10,41,41,78,81,76,Default,29,40,73,19,32,44,6,6,6,6,30,12,89,49,15
14703,Graham,Barton,Center,C,Tampa Bay Buccaneers,6,76,23,Duke,77,314,62,1,Agile - C,"https://ratings-images-prod.pulse.ea.com/madden-nfl-26/portraits/10008.png?im=FaceCrop,padding=0.7",https://drop-assets.ea.com/images/1L5Fn21WqZN9jcLucGYg4c/ce29db9b9b4775d4e8fc337bf5c65027/6.png,82,73,72,85,87,83,28,33,7,10,28,13,32,62,5,22,44,84,89,14,24,25,10,85,12,11,76,75,76,74,6,30,24,12,39,18,79,80,79,Long Stride Awkward,16,15,74,10,25,37,5,6,9,11,21,8,88,32,11
28887,Graham,Gano,Kicker,K,NY Giants,16,76,38,Florida State,74,202,9,16,Power - KP,"https://ratings-images-prod.pulse.ea.com/madden-nfl-26/portraits/1203.png?im=FaceCrop,padding=0.7",https://drop-assets.ea.com/images/5hloGwLNaCrg2IBn0CoWVb/b5996a802009a4252f992182bd9acf85/16.png,77,64,36,80,63,63,10,13,14,5,35,10,35,55,10,10,12,12,86,10,81,94,10,12,12,10,76,17,17,17,20,10,10,10,15,12,12,12,12,Default Stride Awkward,10,12,75,10,36,34,25,30,35,20,27,17,60,10,12
11842,Greg,Van Roten,Right Guard,RG,NY Giants,16,76,35,Penn,76,305,74,12,Power - G,"https://ratings-images-prod.pulse.ea.com/madden-nfl-26/portraits/6134.png?im=FaceCrop,padding=0.7",https://drop-assets.ea.com/images/5hloGwLNaCrg2IBn0CoWVb/b5996a802009a4252f992182bd9acf85/16.png,61,56,82,85,84,86,15,25,12,5,29,25,36,50,12,10,15,83,89,10,20,20,10,82,12,20,76,78,75,80,6,10,10,10,33,40,78,77,79,Default Stride Awkward,30,30,67,10,10,45,6,6,6,6,17,10,75,15,12
12560,Haason,Reddick,Left Edge,LEDG,Tampa Bay Buccaneers,6,76,30,Temple,73,240,5,8,Smaller Speed Rusher - DE,"https://ratings-images-prod.pulse.ea.com/madden-nfl-26/portraits/8696.png?im=FaceCrop,padding=0.7",https://drop-assets.ea.com/images/1L5Fn21WqZN9jcLucGYg4c/ce29db9b9b4775d4e8fc337bf5c65027/6.png,87,87,87,88,81,67,73,77,12,43,77,60,70,74,35,77,83,69,96,66,19,19,59,16,58,44,76,45,43,44,6,64,72,45,83,46,45,44,44,Default Stride Loose,52,59,85,51,57,82,6,6,6,6,25,12,84,63,62
22334,Isiah,Pacheco,Halfback,HB,Kansas City Chiefs,9,76,25,Rutgers,70,216,10,3,Elusive Back - HB,"https://ratings-images-prod.pulse.ea.com/madden-nfl-26/portraits/1875.png?im=FaceCrop,padding=0.7",https://drop-assets.ea.com/images/3g9AewmTPjE4A7yc2tobiZ/20b6502896df3893414233cb5fe1b803/9.png,95,86,84,91,80,72,78,37,32,77,95,47,70,83,49,18,42,42,88,82,14,22,80,30,19,56,76,54,33,38,24,26,13,23,40,50,34,27,20,None,63,46,93,74,78,37,22,27,34,33,38,26,89,84,32
22267,Ja'Quan,McMillian,Cornerback,CB,Denver Broncos,4,76,25,East Carolina,70,183,29,2,Slot - CB,"https://ratings-images-prod.pulse.ea.com/madden-nfl-26/portraits/10421.png?im=FaceCrop,padding=0.7",https://drop-assets.ea.com/images/4AYKY9OcX1CYbyMFBnvM8/ac07a8ff525004f92014e3259708acdf/4.png,84,91,87,88,56,78,66,42,25,55,58,62,77,86,29,38,47,38,89,74,15,15,45,16,81,31,76,30,30,30,19,80,29,73,76,19,31,31,31,Short Stride Loose,35,67,88,67,26,65,24,27,31,32,35,15,79,25,78
21787,Jack,Jones,Cornerback,CB,Miami Dolphins,12,76,27,Arizona St.,71,175,23,3,Zone - CB,"https://ratings-images-prod.pulse.ea.com/madden-nfl-26/portraits/1788.png?im=FaceCrop,padding=0.7",https://drop-assets.ea.com/images/1rcCzp9f3OyZFzRBRFJVpC/8dc08dce09c05a748587769908cd710c/12.png,93,88,84,88,53,73,64,50,15,55,60,57,77,90,29,28,54,40,86,73,33,37,60,10,72,31,76,25,25,25,15,75,23,65,73,26,25,25,25,Short Stride Loose,35,71,94,66,32,61,10,10,15,15,26,10,73,34,78
13463,Jacob,Martin,Right Edge,REDG,Washington Commanders,26,76,29,Temple,74,242,55,7,Smaller Speed Rusher - DE,"https://ratings-images-prod.pulse.ea.com/madden-nfl-26/portraits/9343.png?im=FaceCrop,padding=0.7",https://drop-assets.ea.com/images/42h6FyIuthDAiH4cTWUXRH/bb952a9252013b5bfdf77ac3f4011601/RatingsteamcrestWashingtonCommanders256.png,85,80,83,82,77,81,34,75,12,22,50,30,48,71,5,78,78,69,89,37,11,17,10,17,38,5,76,45,45,45,6,78,66,31,79,25,45,45,45,Long Stride Loose,15,28,86,27,34,78,6,6,6,6,23,10,84,34,43
1238,Jake,Bates,Kicker,K,Detroit Lions,19,76,26,Arkansas,70,202,39,2,Power - KP,"https://ratings-images-prod.pulse.ea.com/madden-nfl-26/portraits/10871.png?im=FaceCrop,padding=0.7",https://drop-assets.ea.com/images/7cuE4tZcli1uQyZbvXWMrd/a2df9decdab28170691ca6631dd62139/19.png,74,61,60,82,35,59,20,10,12,18,32,10,31,51,10,10,24,15,89,10,86,97,10,15,10,10,76,20,15,15,20,15,10,10,25,12,20,15,15,Default Stride Awkward,10,12,72,10,10,26,13,22,28,20,32,15,61,10,10
14796,Jaxson,Dart,Quarterback,QB,NY Giants,16,76,22,Ole Miss,74,221,6,0,Field General - QB,"https://ratings-images-prod.pulse.ea.com/madden-nfl-26/portraits/10533.png?im=FaceCrop,padding=0.7",https://drop-assets.ea.com/images/5hloGwLNaCrg2IBn0CoWVb/b5996a802009a4252f992182bd9acf85/16.png,88,82,74,90,63,79,90,15,76,75,64,25,44,82,20,18,24,26,92,74,30,27,30,26,8,20,76,25,30,32,85,28,16,9,19,25,30,30,31,Default Stride Loose,23,21,84,62,48,25,81,84,87,85,88,81,93,57,9
14751,Jer'Zhan,Newton,Defensive Tackle,DT,Washington Commanders,26,76,23,Illinois,74,304,95,1,,"https://ratings-images-prod.pulse.ea.com/madden-nfl-26/portraits/10193.png?im=FaceCrop,padding=0.7",https://drop-assets.ea.com/images/42h6FyIuthDAiH4cTWUXRH/bb952a9252013b5bfdf77ac3f4011601/RatingsteamcrestWashingtonCommanders256.png,82,73,80,86,85,74,10,78,21,21,40,10,35,67,10,78,82,85,90,10,18,26,12,20,12,10,76,45,45,45,5,76,74,10,79,12,45,45,45,Default Stride Awkward,10,12,78,10,10,84,5,5,5,5,29,10,90,10,22
13200,Jerome,Baker,Sam Backer,SAM,Cleveland Browns,5,76,28,Ohio State,74,225,17,7,Run Stopper - OLB,"https://ratings-images-prod.pulse.ea.com/madden-nfl-26/portraits/8811.png?im=FaceCrop,padding=0.7",https://drop-assets.ea.com/images/4qbblHggBjaH9o46kyGeFo/27cab0f308b54edbd469e9b20cb506f7/5.png,87,83,87,93,74,77,53,73,12,33,61,51,66,76,10,69,78,75,94,64,12,18,10,20,66,15,76,45,44,43,6,76,58,46,84,18,45,44,44,Default,20,65,89,54,31,85,6,6,6,6,22,15,84,24,65
20835,Joey,Slye,Kicker,K,Tennessee Titans,30,76,29,Virginia Tech,71,213,6,6,Power - KP,"https://ratings-images-prod.pulse.ea.com/madden-nfl-26/portraits/577.png?im=FaceCrop,padding=0.7",https://drop-assets.ea.com/images/2YxvlDMaJsJwNQ4lS7qdCQ/d850f60dcbdcd71fb162eb55a46c7969/30.png,73,62,61,85,66,58,16,24,15,15,40,10,35,49,10,10,11,10,87,21,83,98,10,10,12,10,76,16,10,10,10,10,10,10,29,12,19,10,10,Default Stride Awkward,10,12,71,25,11,31,24,30,31,11,29,16,58,15,12
14621,Jonathon,Brooks,Halfback,HB,Carolina Panthers,21,76,22,Texas,72,216,24,1,Elusive Back - HB,"https://ratings-images-prod.pulse.ea.com/madden-nfl-26/portraits/10022.png?im=FaceCrop,padding=0.7",https://drop-assets.ea.com/images/4Klf6KKhbnVi5RaARK1OiL/13a917c75c0fbc4edb0eb018cb757d8d/21.png,91,90,85,82,70,68,81,35,25,79,91,50,65,88,51,10,34,36,82,84,22,28,40,31,23,58,76,54,39,43,15,30,10,25,41,56,32,26,21,Default,65,50,90,77,78,38,10,15,20,20,23,18,86,81,30
12280,Jordan,Poyer,Strong Safety,SS,Buffalo Bills,3,76,34,Oregon State,72,191,21,12,Zone - S,"https://ratings-images-prod.pulse.ea.com/madden-nfl-26/portraits/6322.png?im=FaceCrop,padding=0.7",https://drop-assets.ea.com/images/212FXcpkDUjs9ZJpZ038pM/676904f80719bc724267b7eb5609c6af/3.png,88,85,79,91,66,75,60,59,15,30,65,45,75,82,20,54,68,57,92,66,25,25,65,12,73,25,76,35,35,35,6,73,46,80,83,15,35,35,35,Short Stride Loose,35,68,87,65,15,75,6,6,6,6,30,19,84,25,77
22253,Jordan,Stout,Punter,P,Baltimore Ravens,25,76,27,Penn State,75,214,11,3,Power - KP,"https://ratings-images-prod.pulse.ea.com/madden-nfl-26/portraits/1957.png?im=FaceCrop,padding=0.7",https://drop-assets.ea.com/images/3zZnTQ4izXUrnVi3ryTBcm/a12a28ccd2af4c0a0930b58db73552a7/25.png,88,66,63,86,45,62,21,21,18,9,34,15,27,57,15,10,19,16,89,32,79,94,10,15,10,15,76,17,17,17,15,17,10,10,24,15,14,16,16,Default Stride Loose,15,15,84,24,15,27,18,23,27,19,34,17,76,10,10
23025,Jordan,Battle,Strong Safety,SS,Cincinnati Bengals,2,76,24,Alabama,73,215,27,2,Run Support - S,"https://ratings-images-prod.pulse.ea.com/madden-nfl-26/portraits/1298.png?im=FaceCrop,padding=0.7",https://drop-assets.ea.com/images/5oemvWKqCFgBCkCI4h9A2U/0629c6d345fe01a14ba9f40554fd182e/2.png,92,77,75,90,63,79,81,66,19,70,65,60,72,79,25,40,85,64,93,70,15,15,70,23,67,33,76,25,35,35,6,78,34,70,83,35,35,35,35,Default Stride Loose,38,71,88,64,50,72,14,21,27,22,34,10,91,47,75
21615,Joshua,Palmer,Wide Receiver,WR,Buffalo Bills,3,76,25,Tennessee,73,210,5,4,Deep Threat - WR,"https://ratings-images-prod.pulse.ea.com/madden-nfl-26/portraits/1248.png?im=FaceCrop,padding=0.7",https://drop-assets.ea.com/images/212FXcpkDUjs9ZJpZ038pM/676904f80719bc724267b7eb5609c6af/3.png,90,83,88,86,65,84,77,26,18,77,75,87,84,83,76,10,18,39,92,76,13,18,55,20,15,77,76,28,20,24,6,16,10,16,31,79,38,24,29,Long Stride Default,77,85,88,71,63,26,10,15,20,10,28,16,89,52,19
22638,Kader,Kohou,Cornerback,CB,Miami Dolphins,12,76,26,Texas AM-Commerce,70,195,4,3,Manto Man - CB,"https://ratings-images-prod.pulse.ea.com/madden-nfl-26/portraits/4611.png?im=FaceCrop,padding=0.7",https://drop-assets.ea.com/images/1rcCzp9f3OyZFzRBRFJVpC/8dc08dce09c05a748587769908cd710c/12.png,93,80,91,90,63,76,62,44,15,56,53,47,70,83,8,24,55,39,88,75,30,34,45,15,76,9,76,35,35,35,6,75,22,80,74,14,35,35,35,Default Stride Bread Loaf,10,54,93,70,35,52,6,6,6,16,25,9,85,30,70
22599,KaVontae,Turpin,Wide Receiver,WR,Dallas Cowboys,11,76,29,TCU,69,160,9,4,,"https://ratings-images-prod.pulse.ea.com/madden-nfl-26/portraits/10451.png?im=FaceCrop,padding=0.7",https://drop-assets.ea.com/images/4fzYNoreZSo04KbSHo3Sqn/0855e78441c821f956abac278f04abb7/11.png,94,92,89,84,48,78,87,11,33,80,68,75,79,89,70,10,13,32,86,86,12,15,95,18,25,69,76,22,11,10,23,17,9,10,24,75,30,19,12,Short Stride Default,68,77,97,80,29,12,24,28,35,35,41,33,76,35,24
22934,Keeanu,Benton,Defensive Tackle,DT,Pittsburgh Steelers,29,76,24,Wisconsin,76,309,95,2,Power Rusher - DT,"https://ratings-images-prod.pulse.ea.com/madden-nfl-26/portraits/8199.png?im=FaceCrop,padding=0.7",https://drop-assets.ea.com/images/4k4tkEjxICBzmTan96wMKZ/1d5d9145ace8a359ac5423c8c3e5e2d8/29.png,75,69,73,75,89,79,25,76,14,10,38,32,46,59,6,67,84,87,91,25,10,13,10,41,15,7,76,40,40,40,6,78,81,10,77,15,45,45,45,Default Stride Awkward,15,36,70,22,41,84,6,6,6,6,19,15,88,35,21
22742,Kendre,Miller,Halfback,HB,New Orleans Saints,27,76,23,TCU,72,220,5,2,Elusive Back - HB,"https://ratings-images-prod.pulse.ea.com/madden-nfl-26/portraits/2310.png?im=FaceCrop,padding=0.7",https://drop-assets.ea.com/images/5beev0Bk7MVWyDSbEqr75u/837fe770a82d43aa3028a13988d8baf3/27.png,90,84,84,81,75,79,82,55,24,82,89,47,64,83,38,34,62,35,89,85,15,18,72,30,33,44,76,49,34,27,18,49,40,48,58,43,36,31,24,Default,53,48,90,75,76,57,21,26,34,27,36,20,89,82,38
14925,Kool-Aid,McKinstry,Cornerback,CB,New Orleans Saints,27,76,22,Alabama,72,196,4,1,Manto Man - CB,"https://ratings-images-prod.pulse.ea.com/madden-nfl-26/portraits/10173.png?im=FaceCrop,padding=0.7",https://drop-assets.ea.com/images/5beev0Bk7MVWyDSbEqr75u/837fe770a82d43aa3028a13988d8baf3/27.png,92,91,83,88,53,72,66,50,21,67,55,58,67,87,22,39,59,44,91,73,11,13,83,15,77,25,76,15,9,10,10,68,29,79,75,27,21,12,14,Default Stride Loose,31,66,90,70,44,67,14,15,20,8,25,11,85,26,78
13484,Logan,Cooke,Punter,P,Jacksonville Jaguars,17,76,30,Mississippi St.,77,230,9,7,Power - KP,"https://ratings-images-prod.pulse.ea.com/madden-nfl-26/portraits/9331.png?im=FaceCrop,padding=0.7",https://drop-assets.ea.com/images/4s3Xa9huMY7IrNAc9h1TDa/9eb764bbfbbb6a2f651e3d44cdcfa103/17.png,67,50,61,86,56,60,16,26,25,20,41,15,39,45,15,10,25,24,87,14,82,94,10,17,13,15,76,21,21,21,17,16,10,10,40,17,21,21,21,Default Stride Loose,15,15,72,10,19,33,16,20,26,19,43,18,71,17,16
22926,Lukas,Van Ness,Left Edge,LEDG,Green Bay Packers,20,76,24,Iowa,77,272,90,2,Power Rusher - DE,"https://ratings-images-prod.pulse.ea.com/madden-nfl-26/portraits/2442.png?im=FaceCrop,padding=0.7",https://drop-assets.ea.com/images/4ztQk5XogdkrJe6reVd3h8/16ecf8a0f4caf228c6e54ad0f8e17425/20.png,91,83,76,76,81,72,35,77,21,23,44,35,42,73,5,64,88,78,91,41,21,23,10,25,35,6,76,35,35,35,12,68,77,28,83,17,40,40,40,Default Stride Loose,13,35,86,33,50,82,16,20,25,10,31,12,90,45,41
22878,Matthew,Bergeron,Left Guard,LG,Atlanta Falcons,14,76,25,Syracuse,77,323,65,2,Power - G,"https://ratings-images-prod.pulse.ea.com/madden-nfl-26/portraits/1458.png?im=FaceCrop,padding=0.7",https://drop-assets.ea.com/images/3NTxf2X9VWdF6aL91pHAVu/6002a1f3e761a58c3b00f0e08bdccf5f/14.png,75,71,75,86,89,78,17,25,12,9,28,10,31,59,10,15,35,86,93,17,31,33,10,79,10,14,76,76,74,79,6,13,20,10,21,19,82,84,78,Default Stride Awkward,25,12,63,11,24,30,6,6,6,6,23,14,88,29,9
23039,Mekhi,Blackmon,Cornerback,CB,Indianapolis Colts,10,76,26,USC,71,178,29,2,Zone - CB,"https://ratings-images-prod.pulse.ea.com/madden-nfl-26/portraits/1551.png?im=FaceCrop,padding=0.7",https://drop-assets.ea.com/images/5yTvAS7xG5Z8qw65gMLzSU/037cfcd90e26ee06666a24d762791f65/10.png,95,90,86,90,55,73,71,40,13,57,55,58,71,89,35,42,64,44,84,75,15,11,67,13,71,42,76,26,26,26,6,74,29,74,72,49,34,35,35,Default Stride Loose,52,66,90,66,29,70,6,6,6,6,27,10,85,25,75
22191,Micah,McFadden,Weak Backer,WILL,NY Giants,16,76,25,Indiana,74,232,41,3,Run Stopper - OLB,"https://ratings-images-prod.pulse.ea.com/madden-nfl-26/portraits/1846.png?im=FaceCrop,padding=0.7",https://drop-assets.ea.com/images/5hloGwLNaCrg2IBn0CoWVb/b5996a802009a4252f992182bd9acf85/16.png,91,83,84,89,72,77,47,74,16,33,50,37,63,75,8,59,83,88,89,47,16,16,10,21,64,14,76,45,45,45,6,79,64,41,86,12,45,45,45,Default Stride Loose,23,39,85,37,40,80,6,6,6,6,22,12,87,35,67
21697,Michael,Carter II,Cornerback,CB,Philadelphia Eagles,13,76,26,Duke,70,184,35,4,Manto Man - CB,"https://ratings-images-prod.pulse.ea.com/madden-nfl-26/portraits/1348.png?im=FaceCrop,padding=0.7",https://drop-assets.ea.com/images/1Nt5pFCpjcBcADzHRbwfIk/ce90f9cb564aef7cc30cf1dd88c84150/13.png,93,86,85,89,55,77,52,47,15,39,54,44,68,82,11,36,45,38,89,72,17,18,49,15,77,16,76,35,35,35,6,79,30,72,71,27,35,35,35,Short Stride Loose,22,66,92,65,25,56,6,6,6,6,27,10,85,28,75
13148,Mike,Hughes,Cornerback,CB,Atlanta Falcons,14,76,28,UCF,70,189,21,7,Zone - CB,"https://ratings-images-prod.pulse.ea.com/madden-nfl-26/portraits/8929.png?im=FaceCrop,padding=0.7",https://drop-assets.ea.com/images/3NTxf2X9VWdF6aL91pHAVu/6002a1f3e761a58c3b00f0e08bdccf5f/14.png,90,90,85,88,66,77,73,47,17,63,72,69,76,87,26,31,69,57,85,81,24,22,82,15,73,30,76,35,35,35,6,77,23,82,72,24,35,35,35,Short Stride Default,35,74,88,73,41,64,6,6,6,6,23,18,84,44,78
20481,Mitch,Wishnowsky,Punter,P,Buffalo Bills,3,76,33,Utah,74,220,19,6,Power - KP,"https://ratings-images-prod.pulse.ea.com/madden-nfl-26/portraits/9689.png?im=FaceCrop,padding=0.7",https://drop-assets.ea.com/images/212FXcpkDUjs9ZJpZ038pM/676904f80719bc724267b7eb5609c6af/3.png,86,71,79,88,56,58,20,23,17,29,50,14,33,54,15,10,63,24,84,10,86,94,10,10,10,15,76,9,10,10,20,28,10,10,46,15,7,10,10,Long Stride Default,15,18,84,10,10,52,25,30,30,20,34,14,83,24,27
13083,Orlando,Brown Jr,Left Tackle,LT,Cincinnati Bengals,2,76,29,Oklahoma,80,350,75,7,Power - OT,"https://ratings-images-prod.pulse.ea.com/madden-nfl-26/portraits/8826.png?im=FaceCrop,padding=0.7",https://drop-assets.ea.com/images/5oemvWKqCFgBCkCI4h9A2U/0629c6d345fe01a14ba9f40554fd182e/2.png,57,58,53,94,94,86,15,32,12,14,28,12,23,41,12,10,36,90,95,11,13,19,10,76,12,12,76,75,72,77,6,15,10,10,18,12,76,74,79,Long Stride Loose,12,12,59,10,27,33,6,6,6,6,25,15,87,39,15
17273,Philip,Rivers,Quarterback,QB,Indianapolis Colts,10,76,43,N.C. State,77,228,17,16,Field General - QB,"https://ratings-images-prod.pulse.ea.com/madden-nfl-26/portraits/6298.png?im=FaceCrop,padding=0.7",https://drop-assets.ea.com/images/5yTvAS7xG5Z8qw65gMLzSU/037cfcd90e26ee06666a24d762791f65/10.png,65,57,45,91,60,95,45,22,42,31,63,10,22,57,10,10,12,13,98,49,12,15,10,10,13,10,76,12,12,12,88,26,10,10,34,12,13,13,13,Default,10,12,59,41,31,22,79,81,87,74,83,78,99,20,31
2534,Preston,Smith,Right Edge,REDG,Washington Commanders,26,76,32,Mississippi St.,77,265,52,10,Run Stopper - DE,"https://ratings-images-prod.pulse.ea.com/madden-nfl-26/portraits/7332.png?im=FaceCrop,padding=0.7",https://drop-assets.ea.com/images/42h6FyIuthDAiH4cTWUXRH/bb952a9252013b5bfdf77ac3f4011601/RatingsteamcrestWashingtonCommanders256.png,84,78,82,83,82,74,45,84,12,10,57,42,59,66,6,65,79,78,97,48,30,37,10,15,52,11,76,45,45,45,6,72,76,43,85,35,45,45,45,Default Stride Loose,21,49,80,45,45,83,6,6,6,6,20,17,93,45,59
17818,Riley,Dixon,Punter,P,Tampa Bay Buccaneers,6,76,32,Syracuse,76,221,9,9,Power - KP,"https://ratings-images-prod.pulse.ea.com/madden-nfl-26/portraits/7978.png?im=FaceCrop,padding=0.7",https://drop-assets.ea.com/images/1L5Fn21WqZN9jcLucGYg4c/ce29db9b9b4775d4e8fc337bf5c65027/6.png,82,68,70,89,56,64,50,24,24,34,50,15,38,51,10,10,58,22,88,51,81,92,10,16,13,10,76,10,10,10,22,25,10,10,62,15,20,16,16,Default,10,20,77,30,37,34,22,33,37,29,43,13,79,41,22
21600,Rondale,Moore,Wide Receiver,WR,Minnesota Vikings,31,76,25,Purdue,67,180,4,4,,"https://ratings-images-prod.pulse.ea.com/madden-nfl-26/portraits/1264.png?im=FaceCrop,padding=0.7",https://drop-assets.ea.com/images/bzuWJaOZo5LCC4SwdbVzx/f6dc0006f59641745e50721d0d8c9d38/31.png,91,92,87,84,66,66,90,29,34,79,74,77,82,90,75,10,18,44,82,87,20,23,77,24,10,74,76,32,20,23,29,16,10,15,35,65,46,25,21,Short Stride Loose,77,79,93,80,53,25,35,36,42,37,41,31,78,52,16
22710,Ronnie,Hickman,Free Safety,FS,Cleveland Browns,5,76,23,Ohio State,73,209,33,2,Run Support - S,"https://ratings-images-prod.pulse.ea.com/madden-nfl-26/portraits/2208.png?im=FaceCrop,padding=0.7",https://drop-assets.ea.com/images/4qbblHggBjaH9o46kyGeFo/27cab0f308b54edbd469e9b20cb506f7/5.png,89,81,84,83,65,78,58,57,27,49,60,54,64,78,10,37,86,62,90,68,12,14,45,24,76,11,76,30,25,25,15,78,47,70,77,17,35,35,35,Default Stride Loose,21,60,86,62,56,75,21,23,27,23,32,12,85,54,75
1124,Ryan,Flournoy,Wide Receiver,WR,Dallas Cowboys,11,76,25,SE Missouri St.,73,200,19,1,Deep Threat - WR,"https://ratings-images-prod.pulse.ea.com/madden-nfl-26/portraits/10074.png?im=FaceCrop,padding=0.7",https://drop-assets.ea.com/images/4fzYNoreZSo04KbSHo3Sqn/0855e78441c821f956abac278f04abb7/11.png,92,84,91,81,62,78,78,28,24,76,72,80,89,82,75,10,29,52,82,78,15,19,27,35,13,77,76,33,22,28,6,15,10,15,34,77,52,28,33,Long Stride Default,78,82,92,68,62,31,15,15,20,15,29,20,80,48,18
15369,Ryan,Fitzgerald,Kicker,K,Carolina Panthers,21,76,25,Florida State,71,194,10,0,Power - KP,"https://ratings-images-prod.pulse.ea.com/madden-nfl-26/portraits/10554.png?im=FaceCrop,padding=0.7",https://drop-assets.ea.com/images/4Klf6KKhbnVi5RaARK1OiL/13a917c75c0fbc4edb0eb018cb757d8d/21.png,71,58,51,83,53,61,13,12,14,13,32,10,29,50,10,10,18,13,86,11,86,94,10,11,12,10,76,12,13,11,18,13,10,10,26,12,15,11,20,Default Stride Awkward,10,14,72,13,15,24,26,28,29,18,23,16,65,12,14
12627,Samaje,Perine,Halfback,HB,Cincinnati Bengals,2,76,29,Oklahoma,71,240,34,9,Power Back - HB,"https://ratings-images-prod.pulse.ea.com/madden-nfl-26/portraits/8685.png?im=FaceCrop,padding=0.7",https://drop-assets.ea.com/images/5oemvWKqCFgBCkCI4h9A2U/0629c6d345fe01a14ba9f40554fd182e/2.png,91,80,80,86,84,76,79,37,18,78,95,48,73,77,45,10,42,53,89,78,22,20,79,54,15,55,76,61,32,37,15,21,10,10,45,41,54,37,44,Default Stride High and Tight,64,45,86,67,85,40,19,23,28,15,31,17,80,84,13
12834,Samson,Ebukam,Left Edge,LEDG,Indianapolis Colts,10,76,30,Eastern Wash.,75,240,52,8,Smaller Speed Rusher - DE,"https://ratings-images-prod.pulse.ea.com/madden-nfl-26/portraits/9177.png?im=FaceCrop,padding=0.7",https://drop-assets.ea.com/images/5yTvAS7xG5Z8qw65gMLzSU/037cfcd90e26ee06666a24d762791f65/10.png,88,79,87,82,83,70,46,80,12,26,41,42,52,67,7,78,83,84,95,57,20,20,10,21,48,13,76,45,45,45,6,67,67,36,82,17,45,45,45,Long Stride Loose,23,43,84,48,35,82,6,6,6,6,25,15,87,52,61
17592,Sterling,Shepard,Wide Receiver,WR,Tampa Bay Buccaneers,6,76,32,Oklahoma,70,194,17,9,,"https://ratings-images-prod.pulse.ea.com/madden-nfl-26/portraits/8213.png?im=FaceCrop,padding=0.7",https://drop-assets.ea.com/images/1L5Fn21WqZN9jcLucGYg4c/ce29db9b9b4775d4e8fc337bf5c65027/6.png,90,89,90,84,68,81,84,24,26,76,75,82,83,85,76,11,15,46,81,84,22,23,73,26,16,77,76,41,15,11,18,21,11,16,40,78,53,29,36,Default,77,83,87,75,49,33,17,20,22,21,27,27,86,41,24
15126,Tate,Ratledge,Right Guard,RG,Detroit Lions,19,76,24,Georgia,79,308,69,0,Power - G,"https://ratings-images-prod.pulse.ea.com/madden-nfl-26/portraits/10701.png?im=FaceCrop,padding=0.7",https://drop-assets.ea.com/images/7cuE4tZcli1uQyZbvXWMrd/a2df9decdab28170691ca6631dd62139/19.png,78,71,78,82,88,78,31,35,13,27,41,30,42,61,13,30,37,82,82,23,56,59,10,83,20,19,76,76,77,76,6,35,35,15,34,26,79,80,80,Long Stride Awkward,26,29,73,22,33,38,6,6,6,6,10,10,80,40,27
17860,Ted,Karras,Center,C,Cincinnati Bengals,2,76,32,Illinois,76,310,64,9,Pass Protector - C,"https://ratings-images-prod.pulse.ea.com/madden-nfl-26/portraits/8089.png?im=FaceCrop,padding=0.7",https://drop-assets.ea.com/images/5oemvWKqCFgBCkCI4h9A2U/0629c6d345fe01a14ba9f40554fd182e/2.png,61,52,67,88,86,79,10,29,12,6,31,24,26,42,6,27,67,82,92,10,21,25,11,70,12,12,76,82,83,82,6,10,31,10,37,18,75,76,75,Default Stride Awkward,22,23,69,10,10,30,6,6,6,6,29,10,90,25,12
14927,Terrion,Arnold,Cornerback,CB,Detroit Lions,19,76,23,Alabama,72,189,6,1,Slot - CB,"https://ratings-images-prod.pulse.ea.com/madden-nfl-26/portraits/10001.png?im=FaceCrop,padding=0.7",https://drop-assets.ea.com/images/7cuE4tZcli1uQyZbvXWMrd/a2df9decdab28170691ca6631dd62139/19.png,94,93,88,92,58,69,71,45,21,66,64,67,78,90,41,34,73,46,93,78,17,15,55,19,73,46,76,35,23,24,15,69,30,76,73,39,35,26,25,Default Stride Loose,51,70,90,73,40,72,19,22,24,25,35,13,90,35,75
20305,Thomas,Morstead,Punter,P,San Francisco 49ers,15,76,39,SMU,76,225,7,16,Power - KP,"https://ratings-images-prod.pulse.ea.com/madden-nfl-26/portraits/2184.png?im=FaceCrop,padding=0.7",https://drop-assets.ea.com/images/1SoIzWJtk28ygwNAPEMRnf/deaee9a60ace23f7eaeaf4275c2282b0/15.png,61,59,49,86,68,65,10,14,16,9,35,10,30,49,10,11,22,20,93,10,82,90,10,14,12,10,76,19,13,15,20,19,11,10,30,12,22,15,15,Long Stride Awkward,10,12,71,10,10,14,39,48,46,20,50,17,75,10,15
12903,Tim,Patrick,Wide Receiver,WR,Jacksonville Jaguars,17,76,31,Utah,76,212,17,8,Deep Threat - WR,"https://ratings-images-prod.pulse.ea.com/madden-nfl-26/portraits/9263.png?im=FaceCrop,padding=0.7",https://drop-assets.ea.com/images/4s3Xa9huMY7IrNAc9h1TDa/9eb764bbfbbb6a2f651e3d44cdcfa103/17.png,90,82,89,88,69,79,74,28,22,69,74,84,90,83,76,10,27,58,84,78,15,19,48,38,20,77,76,43,17,20,6,22,10,17,31,82,52,27,31,Long Stride Default,77,85,88,72,67,35,15,15,20,15,36,19,83,58,26
22642,Tony,Adams,Strong Safety,SS,NY Jets,18,76,26,Illinois,72,205,22,3,Hybrid - S,"https://ratings-images-prod.pulse.ea.com/madden-nfl-26/portraits/2723.png?im=FaceCrop,padding=0.7",https://drop-assets.ea.com/images/7M46e9acznPLjtJlC7FaWV/ef5cfc9e8306cbdae723a5f7e809b0fd/18.png,94,84,95,86,62,77,63,48,21,51,59,52,68,86,39,33,77,54,86,72,11,15,50,21,77,42,76,35,35,35,15,75,25,67,73,41,35,35,35,Default Stride Loose,43,54,90,65,42,65,10,10,15,22,25,10,75,42,74
21260,Trevon,Diggs,Cornerback,CB,Green Bay Packers,20,76,27,Alabama,74,195,28,5,Zone - CB,"https://ratings-images-prod.pulse.ea.com/madden-nfl-26/portraits/250.png?im=FaceCrop,padding=0.7",https://drop-assets.ea.com/images/4ztQk5XogdkrJe6reVd3h8/16ecf8a0f4caf228c6e54ad0f8e17425/20.png,89,86,95,97,69,77,70,56,12,53,74,78,86,86,54,42,67,53,86,72,20,20,78,16,74,56,76,35,35,35,6,72,30,82,75,58,42,35,35,Long Stride Loose,60,81,91,65,49,58,6,6,6,6,35,10,80,41,80
15204,Tyleik,Williams,Defensive Tackle,DT,Detroit Lions,19,76,22,Ohio State,75,329,91,0,,"https://ratings-images-prod.pulse.ea.com/madden-nfl-26/portraits/10785.png?im=FaceCrop,padding=0.7",https://drop-assets.ea.com/images/7cuE4tZcli1uQyZbvXWMrd/a2df9decdab28170691ca6631dd62139/19.png,78,68,82,70,91,74,26,82,18,26,39,20,28,60,10,69,76,87,86,24,18,18,26,27,13,14,76,45,45,45,14,73,72,18,77,18,45,45,45,Default Stride Awkward,18,20,75,20,35,79,7,10,15,11,18,13,87,32,19
23038,Tyrique,Stevenson,Cornerback,CB,Chicago Bears,1,76,25,Miami,72,212,29,2,Zone - CB,"https://ratings-images-prod.pulse.ea.com/madden-nfl-26/portraits/2411.png?im=FaceCrop,padding=0.7",https://drop-assets.ea.com/images/6jaEsYrn1V45DziwibpsDk/ed66ad67e63f08a3a7c25ce951dbf5b9/1.png,95,82,91,90,60,70,63,52,15,49,58,57,72,79,10,40,78,52,87,67,22,24,56,19,74,15,76,35,35,35,6,71,35,81,76,23,35,35,35,Default Stride Loose,20,62,91,58,42,68,6,6,6,6,26,13,88,39,78
21495,Zaven,Collins,Left Edge,LEDG,Arizona Cardinals,7,76,26,Tulsa,76,270,25,4,Run Stopper - DE,"https://ratings-images-prod.pulse.ea.com/madden-nfl-26/portraits/1012.png?im=FaceCrop,padding=0.7",https://drop-assets.ea.com/images/5NdzvrqrP3clJDBL6kdTmu/1f61914ff14c6f4be0240d71e622f9c6/7.png,86,82,84,91,76,74,49,79,45,31,56,64,73,74,5,67,87,82,92,34,17,19,10,26,65,10,76,45,45,45,26,72,76,46,87,12,45,45,45,Default Stride Loose,20,63,85,36,47,85,31,34,40,42,40,37,85,52,72
14687,A.J.,Barner,Tight End,TE,Seattle Seahawks,28,75,23,Michigan,78,251,88,1,Possession - TE,"https://ratings-images-prod.pulse.ea.com/madden-nfl-26/portraits/10005.png?im=FaceCrop,padding=0.7",https://drop-assets.ea.com/images/2WrGCB8Atuo0aZ4MbstBrI/bbe9263ce111287adcef479efbc72160/28.png,85,83,83,83,78,77,69,34,20,62,73,82,87,71,62,10,40,63,86,63,12,18,25,59,12,63,75,60,57,60,10,16,10,12,36,69,62,58,63,Long Stride Default,69,82,78,57,62,34,10,15,20,10,23,17,88,67,14
20984,A.J.,Epenesa,Left Edge,LEDG,Buffalo Bills,3,75,26,Iowa,78,260,57,5,Run Stopper - DE,"https://ratings-images-prod.pulse.ea.com/madden-nfl-26/portraits/275.png?im=FaceCrop,padding=0.7",https://drop-assets.ea.com/images/212FXcpkDUjs9ZJpZ038pM/676904f80719bc724267b7eb5609c6af/3.png,76,76,79,82,85,81,41,77,12,27,51,31,53,66,15,68,80,87,90,36,15,22,16,16,20,22,75,45,45,45,6,80,76,19,82,27,45,45,45,Long Stride Default,26,37,79,23,37,83,6,6,6,6,24,14,90,36,28
20917,A.J.,Dillon,Halfback,HB,Philadelphia Eagles,13,75,27,Boston College,72,247,29,5,Power Back - HB,"https://ratings-images-prod.pulse.ea.com/madden-nfl-26/portraits/716.png?im=FaceCrop,padding=0.7",https://drop-assets.ea.com/images/1Nt5pFCpjcBcADzHRbwfIk/ce90f9cb564aef7cc30cf1dd88c84150/13.png,86,79,89,83,85,71,82,31,36,81,93,44,68,79,34,10,28,53,92,76,12,18,25,57,10,44,75,62,37,42,15,15,15,15,33,41,56,40,48,Default Stride High and Tight,51,52,88,75,85,29,10,15,20,18,31,15,88,86,17
2280,Adam,Thielen,Wide Receiver,WR,Pittsburgh Steelers,29,75,35,Minnesota State,74,195,16,12,Physical - WR,"https://ratings-images-prod.pulse.ea.com/madden-nfl-26/portraits/6913.png?im=FaceCrop,padding=0.7",https://drop-assets.ea.com/images/4k4tkEjxICBzmTan96wMKZ/1d5d9145ace8a359ac5423c8c3e5e2d8/29.png,88,86,90,90,67,75,85,32,22,77,73,88,87,80,71,10,15,45,87,83,35,34,67,25,10,74,75,35,20,25,29,25,10,15,29,76,49,30,33,Default Stride Loose,75,89,88,79,68,32,32,37,46,33,50,29,87,56,16
14649,Adonai,Mitchell,Wide Receiver,WR,NY Jets,18,75,22,Texas,74,205,15,1,,"https://ratings-images-prod.pulse.ea.com/madden-nfl-26/portraits/10183.png?im=FaceCrop,padding=0.7",https://drop-assets.ea.com/images/7M46e9acznPLjtJlC7FaWV/ef5cfc9e8306cbdae723a5f7e809b0fd/18.png,95,91,89,83,51,73,79,26,24,70,72,78,79,90,80,10,17,42,86,77,15,19,67,33,10,77,75,26,20,15,20,16,10,10,29,66,48,30,23,Long Stride Default,76,81,94,71,43,27,15,20,25,34,45,26,79,33,17
12563,Adoree',Jackson,Cornerback,CB,Philadelphia Eagles,13,75,29,USC,71,185,8,8,Zone - CB,"https://ratings-images-prod.pulse.ea.com/madden-nfl-26/portraits/8599.png?im=FaceCrop,padding=0.7",https://drop-assets.ea.com/images/1Nt5pFCpjcBcADzHRbwfIk/ce90f9cb564aef7cc30cf1dd88c84150/13.png,93,94,93,88,54,76,84,45,17,72,67,70,73,90,49,34,60,45,87,84,32,29,86,18,72,54,75,35,35,35,6,73,26,70,67,59,35,35,35,Default,62,74,92,74,58,53,6,6,6,6,10,12,78,34,75
20641,Alexander,Mattison,Halfback,HB,Miami Dolphins,12,75,27,Boise State,71,215,8,6,Power Back - HB,"https://ratings-images-prod.pulse.ea.com/madden-nfl-26/portraits/9562.png?im=FaceCrop,padding=0.7",https://drop-assets.ea.com/images/1rcCzp9f3OyZFzRBRFJVpC/8dc08dce09c05a748587769908cd710c/12.png,90,80,87,89,74,79,82,28,24,81,94,53,68,81,43,10,31,40,90,84,13,15,74,41,16,54,75,57,31,37,13,17,10,17,35,54,36,25,30,Default,63,51,86,77,82,35,12,15,21,19,25,12,88,85,21
20400,Ben,Powers,Left Guard,LG,Denver Broncos,4,75,28,Oklahoma,76,310,74,6,Power - G,"https://ratings-images-prod.pulse.ea.com/madden-nfl-26/portraits/9602.png?im=FaceCrop,padding=0.7",https://drop-assets.ea.com/images/4AYKY9OcX1CYbyMFBnvM8/ac07a8ff525004f92014e3259708acdf/4.png,69,61,72,85,82,88,15,33,12,9,40,15,37,47,5,10,25,83,89,10,11,11,10,77,12,5,75,77,79,75,6,10,10,10,35,15,79,77,81,Default Stride Awkward,15,15,70,10,10,38,6,6,6,6,25,11,87,25,12
15290,Benjamin,Morrison,Cornerback,CB,Tampa Bay Buccaneers,6,75,21,Notre Dame,72,193,21,0,Manto Man - CB,"https://ratings-images-prod.pulse.ea.com/madden-nfl-26/portraits/10670.png?im=FaceCrop,padding=0.7",https://drop-assets.ea.com/images/1L5Fn21WqZN9jcLucGYg4c/ce29db9b9b4775d4e8fc337bf5c65027/6.png,94,91,92,85,57,68,78,44,22,58,67,69,77,89,19,33,53,43,82,78,22,24,81,24,76,21,75,35,35,25,6,66,25,77,69,23,35,35,25,Default Stride Loose,24,75,92,69,42,52,8,7,9,6,15,10,82,37,72
21786,Brandin,Echols,Cornerback,CB,Pittsburgh Steelers,29,75,27,Kentucky,70,175,26,4,Zone - CB,"https://ratings-images-prod.pulse.ea.com/madden-nfl-26/portraits/1358.png?im=FaceCrop,padding=0.7",https://drop-assets.ea.com/images/4k4tkEjxICBzmTan96wMKZ/1d5d9145ace8a359ac5423c8c3e5e2d8/29.png,93,88,95,90,52,72,68,43,31,45,62,52,63,88,37,38,47,39,87,74,16,21,65,14,71,40,75,35,35,35,23,71,29,75,66,33,35,35,35,Default Stride Loose,45,56,92,64,32,64,12,14,19,21,32,13,85,33,75
2278,Brandon,McManus,Kicker,K,Green Bay Packers,20,75,34,Temple,75,201,17,12,Power - KP,"https://ratings-images-prod.pulse.ea.com/madden-nfl-26/portraits/7240.png?im=FaceCrop,padding=0.7",https://drop-assets.ea.com/images/4ztQk5XogdkrJe6reVd3h8/16ecf8a0f4caf228c6e54ad0f8e17425/20.png,76,70,68,78,56,63,22,29,15,15,40,15,35,57,15,10,29,16,95,25,79,94,10,16,11,15,75,17,17,17,15,24,10,10,35,15,15,16,16,Default Stride Awkward,15,15,76,24,10,24,15,15,33,15,38,16,75,10,20
22915,Bryan,Bresee,Defensive Tackle,DT,New Orleans Saints,27,75,23,Clemson,77,305,90,2,Power Rusher - DT,"https://ratings-images-prod.pulse.ea.com/madden-nfl-26/portraits/1781.png?im=FaceCrop,padding=0.7",https://drop-assets.ea.com/images/5beev0Bk7MVWyDSbEqr75u/837fe770a82d43aa3028a13988d8baf3/27.png,85,70,72,80,88,77,41,73,13,35,44,41,47,68,3,64,84,87,85,38,23,24,10,44,24,5,75,40,40,40,6,75,79,20,79,12,45,45,45,Long Stride Awkward,10,43,78,30,47,78,7,10,13,6,22,15,90,50,28
20621,C.J.,Gardner-Johnson,Strong Safety,SS,Chicago Bears,1,75,27,Florida,71,208,35,6,Zone - S,"https://ratings-images-prod.pulse.ea.com/madden-nfl-26/portraits/9466.png?im=FaceCrop,padding=0.7",https://drop-assets.ea.com/images/6jaEsYrn1V45DziwibpsDk/ed66ad67e63f08a3a7c25ce951dbf5b9/1.png,90,84,86,91,68,77,68,53,12,53,64,61,84,85,15,51,76,61,85,74,50,65,64,19,69,21,75,35,35,35,15,73,36,77,77,26,35,35,35,Default Stride Loose,28,66,90,65,25,66,10,10,15,15,25,20,83,38,75
12967,C.J.,Ham,Fullback,FB,Minnesota Vikings,31,75,32,Augustana,71,250,30,9,Utility - FB,"https://ratings-images-prod.pulse.ea.com/madden-nfl-26/portraits/9195.png?im=FaceCrop,padding=0.7",https://drop-assets.ea.com/images/bzuWJaOZo5LCC4SwdbVzx/f6dc0006f59641745e50721d0d8c9d38/31.png,84,77,88,87,77,74,75,38,12,63,78,56,71,72,40,20,40,62,90,72,12,18,51,83,12,51,75,72,47,52,17,26,28,26,47,49,65,54,60,Default,61,59,83,68,74,36,18,23,27,24,32,10,89,79,18
22091,Cade,Otton,Tight End,TE,Tampa Bay Buccaneers,6,75,26,Washington,77,247,88,3,Possession - TE,"https://ratings-images-prod.pulse.ea.com/madden-nfl-26/portraits/1872.png?im=FaceCrop,padding=0.7",https://drop-assets.ea.com/images/1L5Fn21WqZN9jcLucGYg4c/ce29db9b9b4775d4e8fc337bf5c65027/6.png,84,70,77,95,77,80,68,42,11,58,72,79,87,67,59,26,42,70,89,60,19,21,25,64,14,65,75,62,61,60,15,41,28,12,45,72,65,60,63,Long Stride Default,70,80,81,56,64,39,14,20,25,15,30,10,80,69,21
23110,Chad,Ryland,Kicker,K,Arizona Cardinals,7,75,25,Maryland,72,195,38,2,Power - KP,"https://ratings-images-prod.pulse.ea.com/madden-nfl-26/portraits/2379.png?im=FaceCrop,padding=0.7",https://drop-assets.ea.com/images/5NdzvrqrP3clJDBL6kdTmu/1f61914ff14c6f4be0240d71e622f9c6/7.png,74,60,66,84,40,61,10,13,14,9,32,10,35,55,10,10,15,15,92,10,83,94,10,10,12,10,75,10,10,10,20,10,10,10,30,12,12,12,12,Default Stride Awkward,10,12,73,10,10,24,25,30,35,22,34,15,63,10,12
20403,Charles,Omenihu,Left Edge,LEDG,Kansas City Chiefs,9,75,28,Texas,77,280,90,6,Power Rusher - DE,"https://ratings-images-prod.pulse.ea.com/madden-nfl-26/portraits/9592.png?im=FaceCrop,padding=0.7",https://drop-assets.ea.com/images/3g9AewmTPjE4A7yc2tobiZ/20b6502896df3893414233cb5fe1b803/9.png,78,77,87,78,83,87,33,78,12,23,41,44,46,66,10,70,78,82,88,28,15,15,10,17,37,14,75,45,45,45,6,84,76,28,83,26,45,45,45,Long Stride Loose,21,41,74,20,41,78,6,6,6,6,28,13,84,42,45
14753,Chop,Robinson,Left Edge,LEDG,Miami Dolphins,12,75,22,Penn State,75,254,44,1,Smaller Speed Rusher - DE,"https://ratings-images-prod.pulse.ea.com/madden-nfl-26/portraits/10229.png?im=FaceCrop,padding=0.7",https://drop-assets.ea.com/images/1rcCzp9f3OyZFzRBRFJVpC/8dc08dce09c05a748587769908cd710c/12.png,91,81,83,82,73,74,33,70,12,26,30,20,28,75,6,77,76,78,89,35,12,14,10,14,47,8,75,45,45,45,6,71,70,35,81,16,45,45,45,Default Stride Loose,10,20,88,24,26,77,6,6,6,6,23,14,81,33,49
22131,Chris,Paul,Left Guard,LG,Washington Commanders,26,75,26,Tulsa,76,324,75,3,Pass Protector - G,"https://ratings-images-prod.pulse.ea.com/madden-nfl-26/portraits/1878.png?im=FaceCrop,padding=0.7",https://drop-assets.ea.com/images/42h6FyIuthDAiH4cTWUXRH/bb952a9252013b5bfdf77ac3f4011601/RatingsteamcrestWashingtonCommanders256.png,83,60,68,80,82,70,21,23,10,14,25,10,29,53,5,15,26,81,90,10,23,27,10,73,8,6,75,81,79,84,6,30,19,10,33,12,73,73,73,Default Stride Awkward,12,15,76,10,25,31,6,6,6,6,25,10,72,25,9
23035,Clark,Phillips III,Cornerback,CB,Atlanta Falcons,14,75,23,Utah,70,183,22,2,Manto Man - CB,"https://ratings-images-prod.pulse.ea.com/madden-nfl-26/portraits/2354.png?im=FaceCrop,padding=0.7",https://drop-assets.ea.com/images/3NTxf2X9VWdF6aL91pHAVu/6002a1f3e761a58c3b00f0e08bdccf5f/14.png,94,89,80,91,60,74,76,41,12,65,57,64,76,90,21,39,58,41,93,75,11,13,55,18,78,24,75,35,35,35,8,77,31,62,70,28,35,35,35,Default Stride Loose,29,67,89,70,58,55,10,12,15,7,23,15,81,30,74
20731,Cole,Holcomb,Weak Backer,WILL,Pittsburgh Steelers,29,75,29,North Carolina,73,240,55,6,Run Stopper - OLB,"https://ratings-images-prod.pulse.ea.com/madden-nfl-26/portraits/1452.png?im=FaceCrop,padding=0.7",https://drop-assets.ea.com/images/4k4tkEjxICBzmTan96wMKZ/1d5d9145ace8a359ac5423c8c3e5e2d8/29.png,88,87,80,92,72,70,50,72,12,45,60,45,65,75,21,46,77,73,85,33,35,18,10,20,66,25,75,45,45,45,6,69,54,50,86,30,45,45,45,Default Stride Loose,30,47,87,26,23,88,6,6,6,6,27,12,85,32,70
14708,Cooper,Beebe,Center,C,Dallas Cowboys,11,75,24,Kansas State,76,335,56,1,Agile - C,"https://ratings-images-prod.pulse.ea.com/madden-nfl-26/portraits/10009.png?im=FaceCrop,padding=0.7",https://drop-assets.ea.com/images/4fzYNoreZSo04KbSHo3Sqn/0855e78441c821f956abac278f04abb7/11.png,75,69,69,84,87,78,19,33,11,14,30,31,32,60,12,21,37,83,92,15,12,14,10,84,9,16,75,75,77,74,6,28,28,9,39,22,81,83,81,Default Stride Awkward,21,24,71,10,21,40,5,6,7,9,10,5,92,28,12
12595,Dalvin,Tomlinson,Defensive Tackle,DT,Arizona Cardinals,7,75,31,Alabama,75,335,94,8,,"https://ratings-images-prod.pulse.ea.com/madden-nfl-26/portraits/8753.png?im=FaceCrop,padding=0.7",https://drop-assets.ea.com/images/5NdzvrqrP3clJDBL6kdTmu/1f61914ff14c6f4be0240d71e622f9c6/7.png,66,59,68,80,89,82,33,77,12,19,27,22,34,49,3,65,82,84,95,28,17,17,14,32,22,5,75,45,45,44,6,81,76,15,80,15,45,45,46,Long Stride Awkward,13,24,70,16,39,83,6,6,6,6,23,16,91,37,29
2528,Dante,Fowler Jr,Left Edge,LEDG,Dallas Cowboys,11,75,31,Florida,75,261,13,10,Smaller Speed Rusher - DE,"https://ratings-images-prod.pulse.ea.com/madden-nfl-26/portraits/7120.png?im=FaceCrop,padding=0.7",https://drop-assets.ea.com/images/4fzYNoreZSo04KbSHo3Sqn/0855e78441c821f956abac278f04abb7/11.png,85,80,79,81,73,82,50,70,12,35,55,45,51,66,4,77,83,85,83,45,22,21,10,12,41,8,75,45,45,45,6,78,68,42,83,28,45,45,45,Default Stride Loose,15,44,82,52,45,78,6,6,6,6,25,16,77,55,45
23052,Deonte,Banks,Cornerback,CB,NY Giants,16,75,24,Maryland,74,205,2,2,Manto Man - CB,"https://ratings-images-prod.pulse.ea.com/madden-nfl-26/portraits/1120.png?im=FaceCrop,padding=0.7",https://drop-assets.ea.com/images/5hloGwLNaCrg2IBn0CoWVb/b5996a802009a4252f992182bd9acf85/16.png,97,90,96,91,60,70,67,55,20,64,55,57,66,91,32,41,69,51,89,77,17,16,80,24,69,36,75,29,29,29,6,67,33,76,72,41,34,34,34,Default Stride Loose,39,61,94,69,53,65,12,14,17,19,25,14,85,48,71
22207,Derion,Kendrick,Cornerback,CB,Los Angeles Rams,24,75,25,Georgia,72,190,21,3,Zone - CB,"https://ratings-images-prod.pulse.ea.com/madden-nfl-26/portraits/1797.png?im=FaceCrop,padding=0.7",https://drop-assets.ea.com/images/wS8JnLBEBj9eq68rO1qTb/b7b5285ad842936bc21bb149eb8c31b8/24.png,90,87,81,89,59,78,72,49,39,59,63,66,75,85,44,32,59,49,89,74,16,19,73,24,76,48,75,35,35,35,28,80,26,72,75,47,35,35,35,Default Stride Loose,54,69,85,66,35,56,35,38,41,44,42,25,82,39,81
15171,Donovan,Ezeiruaku,Right Edge,REDG,Dallas Cowboys,11,75,21,Boston College,75,248,41,0,Smaller Speed Rusher - DE,"https://ratings-images-prod.pulse.ea.com/madden-nfl-26/portraits/10547.png?im=FaceCrop,padding=0.7",https://drop-assets.ea.com/images/4fzYNoreZSo04KbSHo3Sqn/0855e78441c821f956abac278f04abb7/11.png,89,85,85,82,77,73,25,78,19,23,42,23,38,75,7,77,77,81,91,34,15,21,28,32,33,8,75,45,45,45,6,74,69,28,84,14,45,45,45,Long Stride Loose,15,21,83,33,33,77,6,6,9,15,22,14,89,28,43
15123,Donovan,Jackson,Left Guard,LG,Minnesota Vikings,31,75,22,Ohio State,76,317,74,0,Agile - G,"https://ratings-images-prod.pulse.ea.com/madden-nfl-26/portraits/10605.png?im=FaceCrop,padding=0.7",https://drop-assets.ea.com/images/bzuWJaOZo5LCC4SwdbVzx/f6dc0006f59641745e50721d0d8c9d38/31.png,72,62,71,86,90,76,12,35,11,8,25,13,23,53,5,20,40,86,89,14,12,14,10,82,10,5,75,77,79,77,6,25,16,10,22,10,76,78,76,Long Stride Awkward,10,12,67,12,16,31,6,6,6,6,13,13,90,12,10
23011,Drake,Thomas,Weak Backer,WILL,Seattle Seahawks,28,75,25,N.C. State,71,228,42,2,Pass Coverage - OLB,"https://ratings-images-prod.pulse.ea.com/madden-nfl-26/portraits/10448.png?im=FaceCrop,padding=0.7",https://drop-assets.ea.com/images/2WrGCB8Atuo0aZ4MbstBrI/bbe9263ce111287adcef479efbc72160/28.png,87,80,85,84,66,78,50,69,7,25,53,49,57,79,6,54,81,68,90,51,22,24,10,31,61,13,75,35,35,35,6,82,45,46,87,16,45,45,45,Default Stride High and Tight,23,50,82,49,45,83,10,11,15,7,27,8,89,48,73
20553,Dre'Mont,Jones,Right Edge,REDG,Baltimore Ravens,25,75,28,Ohio State,75,281,41,6,Run Stopper - DE,"https://ratings-images-prod.pulse.ea.com/madden-nfl-26/portraits/9538.png?im=FaceCrop,padding=0.7",https://drop-assets.ea.com/images/3zZnTQ4izXUrnVi3ryTBcm/a12a28ccd2af4c0a0930b58db73552a7/25.png,77,73,77,82,82,81,45,75,12,35,50,39,51,60,17,77,81,87,89,37,10,18,10,17,34,21,75,45,45,45,6,80,67,25,83,26,45,45,45,Long Stride Loose,24,37,74,34,42,88,6,6,6,6,24,12,82,34,48
21585,Dyami,Brown,Wide Receiver,WR,Jacksonville Jaguars,17,75,25,North Carolina,72,195,5,4,Deep Threat - WR,"https://ratings-images-prod.pulse.ea.com/madden-nfl-26/portraits/1349.png?im=FaceCrop,padding=0.7",https://drop-assets.ea.com/images/4s3Xa9huMY7IrNAc9h1TDa/9eb764bbfbbb6a2f651e3d44cdcfa103/17.png,92,88,85,84,63,77,82,39,28,76,72,81,85,84,78,17,30,42,89,80,13,17,60,26,22,76,75,25,15,13,23,25,12,24,41,72,43,31,26,Default,76,81,93,75,51,37,30,32,43,38,51,31,84,58,29
15044,Dylan,Sampson,Halfback,HB,Cleveland Browns,5,75,20,Tennessee,68,199,22,0,Elusive Back - HB,"https://ratings-images-prod.pulse.ea.com/madden-nfl-26/portraits/10716.png?im=FaceCrop,padding=0.7",https://drop-assets.ea.com/images/4qbblHggBjaH9o46kyGeFo/27cab0f308b54edbd469e9b20cb506f7/5.png,91,88,84,84,65,67,82,32,21,82,88,51,68,86,51,26,26,32,92,82,28,32,70,38,22,55,75,50,33,39,20,34,24,25,33,48,39,22,25,Default,61,52,92,80,74,28,25,14,24,14,29,27,86,72,26
22128,Dylan,Parham,Left Guard,LG,Las Vegas Raiders,23,75,26,Memphis,75,311,66,3,Power - G,"https://ratings-images-prod.pulse.ea.com/madden-nfl-26/portraits/1876.png?im=FaceCrop,padding=0.7",https://drop-assets.ea.com/images/5ZrNmFWgR1vnwTOdqVmwYy/fe13aa7566120fb59130404e168c59ca/23.png,82,59,67,89,84,84,40,33,15,36,46,38,41,57,29,29,35,82,92,30,21,22,10,88,15,33,75,76,77,73,6,37,29,18,41,30,78,74,80,Default Stride Awkward,35,40,75,20,33,36,6,6,6,6,22,5,82,38,25
20730,E.J.,Speed,Weak Backer,WILL,Houston Texans,32,75,30,Tarleton State,75,224,45,6,Run Stopper - OLB,"https://ratings-images-prod.pulse.ea.com/madden-nfl-26/portraits/158.png?im=FaceCrop,padding=0.7",https://drop-assets.ea.com/images/4rWKgLRDGADEZ3pTbdrpW0/793a695de8ea5caf8f2e1b3973ae1b61/32.png,88,83,82,91,74,73,60,72,12,52,66,66,66,74,27,61,87,76,89,70,16,18,60,23,57,32,75,45,45,45,6,74,53,37,85,40,45,45,45,Default Stride Loose,41,64,88,61,33,84,6,6,6,6,24,15,81,26,63
23029,Emmanuel,Forbes Jr,Cornerback,CB,Los Angeles Rams,24,75,24,Mississippi St.,72,173,1,2,Manto Man - CB,"https://ratings-images-prod.pulse.ea.com/madden-nfl-26/portraits/2143.png?im=FaceCrop,padding=0.7",https://drop-assets.ea.com/images/wS8JnLBEBj9eq68rO1qTb/b7b5285ad842936bc21bb149eb8c31b8/24.png,95,89,89,89,44,76,83,41,15,77,65,72,78,85,40,31,52,35,88,80,12,11,75,14,76,44,75,35,35,35,6,73,20,58,68,28,35,35,35,Default Stride Loose,50,75,94,70,35,47,10,12,15,6,24,10,79,30,72
12885,Eric,Wilson,Mike Backer,MIKE,Minnesota Vikings,31,75,30,Cincinnati,73,230,55,8,Run Stopper - MLB,"https://ratings-images-prod.pulse.ea.com/madden-nfl-26/portraits/9318.png?im=FaceCrop,padding=0.7",https://drop-assets.ea.com/images/bzuWJaOZo5LCC4SwdbVzx/f6dc0006f59641745e50721d0d8c9d38/31.png,88,82,91,83,75,78,54,72,12,37,50,56,64,72,7,68,78,70,92,65,19,26,35,16,59,13,75,45,45,45,6,79,62,49,83,15,45,45,45,Default Stride Loose,23,50,87,55,38,85,6,6,6,6,24,10,85,41,66
13294,Folorunso,Fatukasi,Defensive Tackle,DT,Houston Texans,32,75,30,Connecticut,76,318,91,7,,"https://ratings-images-prod.pulse.ea.com/madden-nfl-26/portraits/8884.png?im=FaceCrop,padding=0.7",https://drop-assets.ea.com/images/4rWKgLRDGADEZ3pTbdrpW0/793a695de8ea5caf8f2e1b3973ae1b61/32.png,70,67,74,78,91,74,16,76,12,10,26,15,23,57,3,53,81,87,88,17,15,10,10,29,18,7,75,45,45,45,6,75,72,12,78,15,45,45,45,Long Stride Loose,15,15,66,13,23,85,6,6,6,6,20,10,89,17,28
22998,Henry,To'oTo'o,Sam Backer,SAM,Houston Texans,32,75,24,Alabama,74,228,39,2,Pass Coverage - OLB,"https://ratings-images-prod.pulse.ea.com/madden-nfl-26/portraits/2431.png?im=FaceCrop,padding=0.7",https://drop-assets.ea.com/images/4rWKgLRDGADEZ3pTbdrpW0/793a695de8ea5caf8f2e1b3973ae1b61/32.png,92,81,78,87,65,79,67,71,10,59,57,54,55,73,13,55,82,66,89,66,31,32,44,31,70,18,75,35,35,35,6,80,49,57,89,23,35,35,35,Default Stride High and Tight,22,55,85,62,64,78,6,6,6,6,30,11,85,59,68
22092,Isaiah,Likely,Tight End,TE,Baltimore Ravens,25,75,25,Coastal Carolina,76,241,80,3,Vertical Threat - TE,"https://ratings-images-prod.pulse.ea.com/madden-nfl-26/portraits/1807.png?im=FaceCrop,padding=0.7",https://drop-assets.ea.com/images/3zZnTQ4izXUrnVi3ryTBcm/a12a28ccd2af4c0a0930b58db73552a7/25.png,87,81,86,87,66,61,82,33,28,68,73,79,89,76,66,30,31,54,90,78,12,18,35,54,25,69,75,53,52,49,15,36,20,34,36,74,64,63,60,Long Stride Default,73,81,83,70,74,36,11,15,21,24,24,13,88,67,30
17566,Jacoby,Brissett,Quarterback,QB,Arizona Cardinals,7,75,32,N.C. State,76,235,7,9,Field General - QB,"https://ratings-images-prod.pulse.ea.com/madden-nfl-26/portraits/7911.png?im=FaceCrop,padding=0.7",https://drop-assets.ea.com/images/5NdzvrqrP3clJDBL6kdTmu/1f61914ff14c6f4be0240d71e622f9c6/7.png,75,77,72,89,73,73,80,21,61,70,61,20,27,71,15,9,11,31,91,62,20,21,14,36,12,17,75,17,18,14,81,21,9,9,28,19,16,10,10,Default Stride Loose,18,20,79,60,48,39,83,83,88,80,90,81,90,63,18
15277,Jahdae,Barron,Cornerback,CB,Denver Broncos,4,75,23,Texas,71,200,23,0,Zone - CB,"https://ratings-images-prod.pulse.ea.com/madden-nfl-26/portraits/10485.png?im=FaceCrop,padding=0.7",https://drop-assets.ea.com/images/4AYKY9OcX1CYbyMFBnvM8/ac07a8ff525004f92014e3259708acdf/4.png,92,88,84,93,54,70,75,50,9,48,62,63,75,91,31,45,47,44,89,76,15,18,55,18,73,30,75,25,35,25,6,70,27,73,76,34,25,35,25,Default Stride Loose,33,69,93,69,37,59,6,6,6,6,24,8,91,32,77
20592,Jahlani,Tavai,Weak Backer,WILL,New England Patriots,22,75,28,Hawaii,74,246,48,6,Run Stopper - OLB,"https://ratings-images-prod.pulse.ea.com/madden-nfl-26/portraits/9649.png?im=FaceCrop,padding=0.7",https://drop-assets.ea.com/images/6Z0rWjQfkWgvj8K58X0WfA/aaaaa7e6c313bdfc5e624309ba6dfc4e/22.png,85,79,81,86,78,72,46,74,12,51,54,45,69,70,17,51,84,86,87,46,19,15,13,18,61,24,75,45,45,45,6,76,64,46,85,27,45,45,45,Default Stride Loose,34,49,84,40,51,85,6,6,6,6,25,10,85,51,64
1325,Jalen,Coker,Wide Receiver,WR,Carolina Panthers,21,75,23,Holy Cross,73,210,18,1,Deep Threat - WR,"https://ratings-images-prod.pulse.ea.com/madden-nfl-26/portraits/10036.png?im=FaceCrop,padding=0.7",https://drop-assets.ea.com/images/4Klf6KKhbnVi5RaARK1OiL/13a917c75c0fbc4edb0eb018cb757d8d/21.png,92,79,94,82,63,78,78,35,29,73,75,85,89,77,76,11,24,47,89,78,22,23,25,21,16,77,75,40,15,11,29,21,11,16,37,74,48,26,32,Long Stride Default,78,84,91,65,59,34,28,33,42,43,50,34,81,51,24
2725,James,Winchester,Long Snapper,LS,Kansas City Chiefs,9,75,36,Oklahoma,75,209,41,10,Accurate - LS,"https://ratings-images-prod.pulse.ea.com/madden-nfl-26/portraits/7854.png?im=FaceCrop,padding=0.7",https://drop-assets.ea.com/images/3g9AewmTPjE4A7yc2tobiZ/20b6502896df3893414233cb5fe1b803/9.png,81,75,86,69,67,70,40,39,15,20,64,47,60,77,32,20,45,60,94,37,24,25,10,45,15,37,75,50,40,50,10,25,15,25,56,44,47,35,40,Default,42,49,80,39,38,42,10,10,10,10,40,10,75,32,25
14984,Jarvis,Brownlee Jr,Cornerback,CB,NY Jets,18,75,24,Louisville,70,194,29,1,Zone - CB,"https://ratings-images-prod.pulse.ea.com/madden-nfl-26/portraits/10023.png?im=FaceCrop,padding=0.7",https://drop-assets.ea.com/images/7M46e9acznPLjtJlC7FaWV/ef5cfc9e8306cbdae723a5f7e809b0fd/18.png,91,85,77,89,63,77,71,51,23,65,55,61,73,86,30,40,75,57,93,75,18,15,60,31,71,34,75,30,22,24,14,76,32,69,74,35,35,26,29,Default Stride Loose,39,64,92,70,32,70,19,24,29,28,31,12,95,35,76
14944,Javon,Bullard,Strong Safety,SS,Green Bay Packers,20,75,22,Georgia,71,198,20,1,Zone - S,"https://ratings-images-prod.pulse.ea.com/madden-nfl-26/portraits/10024.png?im=FaceCrop,padding=0.7",https://drop-assets.ea.com/images/4ztQk5XogdkrJe6reVd3h8/16ecf8a0f4caf228c6e54ad0f8e17425/20.png,91,85,80,87,70,74,69,55,15,68,61,61,71,89,23,37,87,59,92,72,25,25,55,24,70,26,75,30,25,28,15,71,33,73,76,31,35,31,33,Default Stride Loose,32,67,89,65,44,72,10,10,15,15,30,17,85,44,77
20534,Jawaan,Taylor,Right Tackle,RT,Kansas City Chiefs,9,75,27,Florida,77,330,74,6,Pass Protector - OT,"https://ratings-images-prod.pulse.ea.com/madden-nfl-26/portraits/9650.png?im=FaceCrop,padding=0.7",https://drop-assets.ea.com/images/3g9AewmTPjE4A7yc2tobiZ/20b6502896df3893414233cb5fe1b803/9.png,60,64,72,90,87,82,15,36,12,6,30,10,35,51,5,10,43,86,94,10,20,22,10,70,12,5,75,81,78,83,6,10,10,10,27,12,70,67,73,Default Stride Awkward,10,12,67,10,25,38,6,6,6,6,19,10,84,34,12
22324,Jerome,Ford,Halfback,HB,Cleveland Browns,5,75,25,Cincinnati,70,210,34,3,Elusive Back - HB,"https://ratings-images-prod.pulse.ea.com/madden-nfl-26/portraits/1604.png?im=FaceCrop,padding=0.7",https://drop-assets.ea.com/images/4qbblHggBjaH9o46kyGeFo/27cab0f308b54edbd469e9b20cb506f7/5.png,92,84,79,83,73,71,81,36,25,78,93,55,68,86,46,23,38,41,88,84,15,19,79,42,16,53,75,57,35,40,10,25,32,16,43,54,41,35,28,Default,59,54,91,74,76,39,15,25,30,10,25,11,83,78,24
1073,John,Jenkins,Defensive Tackle,DT,Baltimore Ravens,25,75,36,Georgia,75,327,94,12,,"https://ratings-images-prod.pulse.ea.com/madden-nfl-26/portraits/5895.png?im=FaceCrop,padding=0.7",https://drop-assets.ea.com/images/3zZnTQ4izXUrnVi3ryTBcm/a12a28ccd2af4c0a0930b58db73552a7/25.png,63,55,63,71,90,78,15,77,12,10,40,15,30,42,3,55,81,88,84,10,17,23,10,35,10,7,75,45,45,45,6,79,73,10,76,15,45,45,45,Default Stride Awkward,15,15,71,10,25,87,6,6,6,6,25,10,76,45,15
12662,Josh,Reynolds,Wide Receiver,WR,NY Jets,18,75,30,Texas AM,75,196,83,8,Deep Threat - WR,"https://ratings-images-prod.pulse.ea.com/madden-nfl-26/portraits/8700.png?im=FaceCrop,padding=0.7",https://drop-assets.ea.com/images/7M46e9acznPLjtJlC7FaWV/ef5cfc9e8306cbdae723a5f7e809b0fd/18.png,85,84,88,86,66,82,81,24,22,76,76,85,86,86,77,10,28,49,95,76,14,20,45,29,18,79,75,44,23,25,20,17,10,20,32,78,48,17,24,Long Stride Loose,78,87,88,72,71,35,15,20,25,27,30,20,77,51,26
20990,Joshua,Uche,Right Edge,REDG,Philadelphia Eagles,13,75,26,Michigan,75,245,0,5,Smaller Speed Rusher - DE,"https://ratings-images-prod.pulse.ea.com/madden-nfl-26/portraits/634.png?im=FaceCrop,padding=0.7",https://drop-assets.ea.com/images/1Nt5pFCpjcBcADzHRbwfIk/ce90f9cb564aef7cc30cf1dd88c84150/13.png,91,83,84,81,73,63,44,72,16,27,44,26,48,74,5,80,79,79,84,43,12,18,10,14,47,10,75,45,45,45,5,61,69,43,79,16,45,45,45,Short Stride Loose,18,29,87,26,32,80,5,5,5,5,21,16,79,28,56
20991,K'Lavon,Chaisson,Left Edge,LEDG,New England Patriots,22,75,26,LSU,75,245,44,5,Smaller Speed Rusher - DE,"https://ratings-images-prod.pulse.ea.com/madden-nfl-26/portraits/208.png?im=FaceCrop,padding=0.7",https://drop-assets.ea.com/images/6Z0rWjQfkWgvj8K58X0WfA/aaaaa7e6c313bdfc5e624309ba6dfc4e/22.png,88,85,82,76,78,68,32,75,15,19,47,31,51,73,5,78,85,82,87,41,17,20,10,15,49,7,75,45,45,45,6,67,65,29,80,15,45,45,45,Default Stride Loose,12,33,86,34,37,77,6,6,6,6,26,13,78,30,54
12493,Kalif,Raymond,Wide Receiver,WR,Detroit Lions,19,75,31,Holy Cross,68,182,11,8,Deep Threat - WR,"https://ratings-images-prod.pulse.ea.com/madden-nfl-26/portraits/8402.png?im=FaceCrop,padding=0.7",https://drop-assets.ea.com/images/7cuE4tZcli1uQyZbvXWMrd/a2df9decdab28170691ca6631dd62139/19.png,91,87,82,85,53,80,75,34,22,73,72,74,87,83,78,16,42,41,88,82,22,23,84,21,22,77,75,38,19,21,6,24,11,22,52,75,41,16,23,Short Stride Default,76,80,91,79,53,44,6,10,15,10,35,19,75,32,31
23134,Keaton,Mitchell,Halfback,HB,Baltimore Ravens,25,75,23,East Carolina,68,186,34,2,Elusive Back - HB,"https://ratings-images-prod.pulse.ea.com/madden-nfl-26/portraits/4736.png?im=FaceCrop,padding=0.7",https://drop-assets.ea.com/images/3zZnTQ4izXUrnVi3ryTBcm/a12a28ccd2af4c0a0930b58db73552a7/25.png,95,82,90,86,60,73,79,23,26,78,86,64,71,83,54,22,26,35,85,84,10,10,73,29,25,53,75,47,41,37,15,20,15,22,33,42,40,40,40,Short Stride Loose,62,61,94,79,56,27,20,24,25,25,27,11,79,48,32
15238,Kenneth,Grant,Defensive Tackle,DT,Miami Dolphins,12,75,21,Michigan,76,330,90,0,,"https://ratings-images-prod.pulse.ea.com/madden-nfl-26/portraits/10566.png?im=FaceCrop,padding=0.7",https://drop-assets.ea.com/images/1rcCzp9f3OyZFzRBRFJVpC/8dc08dce09c05a748587769908cd710c/12.png,78,66,76,74,92,75,35,75,21,29,44,37,45,60,10,67,84,88,91,23,25,36,28,27,15,12,75,45,45,45,15,74,73,18,78,17,45,45,45,Default Stride Awkward,18,38,68,19,36,83,8,10,15,12,18,17,93,44,21
14646,Keon,Coleman,Wide Receiver,WR,Buffalo Bills,3,75,22,Florida State,75,215,0,1,Physical - WR,"https://ratings-images-prod.pulse.ea.com/madden-nfl-26/portraits/10038.png?im=FaceCrop,padding=0.7",https://drop-assets.ea.com/images/212FXcpkDUjs9ZJpZ038pM/676904f80719bc724267b7eb5609c6af/3.png,88,87,94,85,72,73,84,40,22,77,74,85,84,88,75,10,39,40,88,78,20,22,77,15,25,77,75,52,30,30,28,26,10,28,45,79,42,27,33,Long Stride Default,77,88,87,73,62,40,40,46,52,35,65,19,84,52,31
14705,Kingsley,Suamataia,Left Guard,LG,Kansas City Chiefs,9,75,22,BYU,77,326,76,1,Power - G,"https://ratings-images-prod.pulse.ea.com/madden-nfl-26/portraits/10257.png?im=FaceCrop,padding=0.7",https://drop-assets.ea.com/images/3g9AewmTPjE4A7yc2tobiZ/20b6502896df3893414233cb5fe1b803/9.png,76,67,70,88,89,71,28,30,11,20,31,31,35,52,11,33,30,84,91,15,25,31,10,81,15,12,75,79,76,82,9,20,35,15,27,14,77,78,75,Long Stride Awkward,14,32,71,15,35,40,9,11,15,9,78,12,85,40,20
20430,Kyler,Murray,Quarterback,QB,Arizona Cardinals,7,75,28,Oklahoma,70,207,1,6,Scrambler - QB,"https://ratings-images-prod.pulse.ea.com/madden-nfl-26/portraits/9583.png?im=FaceCrop,padding=0.7",https://drop-assets.ea.com/images/5NdzvrqrP3clJDBL6kdTmu/1f61914ff14c6f4be0240d71e622f9c6/7.png,91,90,64,89,59,53,94,14,84,74,69,19,50,88,13,10,12,10,81,86,15,19,10,10,17,15,75,12,12,12,84,17,10,10,29,11,13,13,13,Short Stride Loose,17,21,90,77,49,34,81,80,87,85,90,84,85,25,23
12604,Larry,Ogunjobi,Defensive Tackle,DT,Buffalo Bills,3,75,31,Charlotte,74,305,99,8,,"https://ratings-images-prod.pulse.ea.com/madden-nfl-26/portraits/8680.png?im=FaceCrop,padding=0.7",https://drop-assets.ea.com/images/212FXcpkDUjs9ZJpZ038pM/676904f80719bc724267b7eb5609c6af/3.png,73,71,79,86,89,80,26,77,12,18,31,30,35,53,3,63,79,87,92,31,17,17,14,35,23,6,75,45,45,44,6,76,75,17,77,15,45,45,46,Long Stride Awkward,14,28,74,23,28,82,6,6,6,6,23,10,89,33,31
20974,Lloyd,Cushenberry III,Center,C,Tennessee Titans,30,75,27,LSU,76,315,79,5,Power - C,"https://ratings-images-prod.pulse.ea.com/madden-nfl-26/portraits/226.png?im=FaceCrop,padding=0.7",https://drop-assets.ea.com/images/2YxvlDMaJsJwNQ4lS7qdCQ/d850f60dcbdcd71fb162eb55a46c7969/30.png,66,56,61,88,85,89,10,23,12,9,30,10,30,50,5,12,22,83,88,10,21,22,10,81,13,5,75,77,78,77,6,28,15,10,25,12,77,76,78,Default Stride Awkward,10,12,71,10,10,22,6,6,6,6,22,15,92,20,14
20737,Marcus,Epps,Free Safety,FS,Philadelphia Eagles,13,75,29,Wyoming,73,191,39,6,Run Support - S,"https://ratings-images-prod.pulse.ea.com/madden-nfl-26/portraits/120.png?im=FaceCrop,padding=0.7",https://drop-assets.ea.com/images/1Nt5pFCpjcBcADzHRbwfIk/ce90f9cb564aef7cc30cf1dd88c84150/13.png,88,88,91,94,63,76,63,61,11,53,57,57,67,82,26,43,84,55,88,70,17,18,60,18,67,30,75,35,34,33,6,77,32,66,79,28,35,34,33,Short Stride Loose,38,57,87,62,48,72,10,12,14,6,27,10,85,30,72
22258,Martin,Emerson Jr,Cornerback,CB,Cleveland Browns,5,75,24,Mississippi St.,74,201,1,3,Zone - CB,"https://ratings-images-prod.pulse.ea.com/madden-nfl-26/portraits/1565.png?im=FaceCrop,padding=0.7",https://drop-assets.ea.com/images/4qbblHggBjaH9o46kyGeFo/27cab0f308b54edbd469e9b20cb506f7/5.png,91,87,84,90,65,77,61,45,17,52,60,50,67,87,28,39,59,49,91,70,13,19,42,19,70,32,75,35,35,35,6,78,31,85,73,36,35,35,35,Long Stride Default,35,55,89,62,38,52,8,13,16,15,26,11,83,35,79
22388,Matt,Araiza,Punter,P,Kansas City Chiefs,9,75,25,San Diego St.,73,200,14,3,Power - KP,"https://ratings-images-prod.pulse.ea.com/madden-nfl-26/portraits/1140.png?im=FaceCrop,padding=0.7",https://drop-assets.ea.com/images/3g9AewmTPjE4A7yc2tobiZ/20b6502896df3893414233cb5fe1b803/9.png,87,67,78,87,49,55,25,20,21,14,35,15,27,57,15,10,24,17,89,32,79,98,10,16,11,15,75,17,17,17,19,19,10,10,38,15,16,16,16,Default Stride Loose,15,20,83,23,10,34,20,25,30,24,35,19,76,12,15
14714,Matt,Goncalves,Right Guard,RG,Indianapolis Colts,10,75,24,Pittsburgh,78,317,71,1,Power - G,"https://ratings-images-prod.pulse.ea.com/madden-nfl-26/portraits/10084.png?im=FaceCrop,padding=0.7",https://drop-assets.ea.com/images/5yTvAS7xG5Z8qw65gMLzSU/037cfcd90e26ee06666a24d762791f65/10.png,71,54,75,83,84,78,10,28,11,10,25,10,12,51,8,10,25,82,85,10,14,16,10,79,11,10,75,79,77,81,5,13,10,9,31,12,78,76,80,Long Stride Awkward,10,12,66,10,26,32,5,6,7,7,17,5,86,20,11
21386,Michael,Hoecht,Right Edge,REDG,Buffalo Bills,3,75,27,Brown,76,297,55,5,Smaller Speed Rusher - DE,"https://ratings-images-prod.pulse.ea.com/madden-nfl-26/portraits/896.png?im=FaceCrop,padding=0.7",https://drop-assets.ea.com/images/212FXcpkDUjs9ZJpZ038pM/676904f80719bc724267b7eb5609c6af/3.png,86,80,81,75,83,75,47,76,12,36,52,35,33,67,17,77,80,84,91,51,6,8,35,23,46,22,75,49,45,45,6,73,69,18,81,15,45,45,45,Long Stride Loose,30,33,84,44,51,79,6,6,6,6,10,14,88,57,50
15200,Mike,Green,Left Edge,LEDG,Baltimore Ravens,25,75,22,Marshall,75,251,45,0,Smaller Speed Rusher - DE,"https://ratings-images-prod.pulse.ea.com/madden-nfl-26/portraits/10568.png?im=FaceCrop,padding=0.7",https://drop-assets.ea.com/images/3zZnTQ4izXUrnVi3ryTBcm/a12a28ccd2af4c0a0930b58db73552a7/25.png,92,88,88,74,79,66,37,72,22,27,42,23,37,77,7,76,75,77,87,35,24,24,26,20,28,8,75,45,45,45,6,64,66,25,79,12,45,45,45,Long Stride Loose,15,25,88,36,34,79,6,8,6,6,16,10,85,26,39
22936,Moro,Ojomo,Defensive Tackle,DT,Philadelphia Eagles,13,75,24,Texas,75,292,97,2,Power Rusher - DT,"https://ratings-images-prod.pulse.ea.com/madden-nfl-26/portraits/2339.png?im=FaceCrop,padding=0.7",https://drop-assets.ea.com/images/1Nt5pFCpjcBcADzHRbwfIk/ce90f9cb564aef7cc30cf1dd88c84150/13.png,82,69,80,72,84,78,33,74,15,21,35,22,33,61,6,73,81,86,92,35,22,28,10,25,22,8,75,45,45,45,6,74,83,31,80,15,45,45,45,Default Stride Awkward,10,25,71,25,51,82,6,9,13,7,20,6,84,38,26
21708,Nahshon,Wright,Cornerback,CB,Chicago Bears,1,75,27,Oregon State,76,185,26,4,Zone - CB,"https://ratings-images-prod.pulse.ea.com/madden-nfl-26/portraits/1364.png?im=FaceCrop,padding=0.7",https://drop-assets.ea.com/images/6jaEsYrn1V45DziwibpsDk/ed66ad67e63f08a3a7c25ce951dbf5b9/1.png,85,81,83,85,54,84,70,55,12,60,62,67,78,76,39,40,55,47,89,69,16,21,30,13,74,43,75,35,35,35,6,81,31,73,78,47,38,35,35,Long Stride Loose,48,74,89,63,49,69,6,10,15,10,27,10,87,40,78
15203,Nic,Scourton,Left Edge,LEDG,Carolina Panthers,21,75,21,Texas AM,75,257,11,0,Smaller Speed Rusher - DE,"https://ratings-images-prod.pulse.ea.com/madden-nfl-26/portraits/10725.png?im=FaceCrop,padding=0.7",https://drop-assets.ea.com/images/4Klf6KKhbnVi5RaARK1OiL/13a917c75c0fbc4edb0eb018cb757d8d/21.png,90,81,84,81,83,76,35,75,19,29,39,20,33,73,7,76,76,83,89,41,23,26,33,25,43,8,75,45,45,45,25,75,71,29,80,13,45,45,45,Long Stride Loose,15,22,82,37,41,78,9,10,15,9,28,32,86,33,50
20747,Nick,Scott,Strong Safety,SS,Carolina Panthers,21,75,30,Penn State,71,200,21,6,Zone - S,"https://ratings-images-prod.pulse.ea.com/madden-nfl-26/portraits/154.png?im=FaceCrop,padding=0.7",https://drop-assets.ea.com/images/4Klf6KKhbnVi5RaARK1OiL/13a917c75c0fbc4edb0eb018cb757d8d/21.png,93,82,92,89,64,77,73,53,17,60,69,49,69,82,20,50,85,58,91,73,14,18,40,17,67,26,75,45,35,35,6,76,28,64,77,21,35,35,35,Short Stride Loose,39,65,90,67,50,69,6,6,6,6,28,17,84,50,74
12645,Noah,Brown,Wide Receiver,WR,Washington Commanders,26,75,29,Ohio State,74,215,85,8,Physical - WR,"https://ratings-images-prod.pulse.ea.com/madden-nfl-26/portraits/8492.png?im=FaceCrop,padding=0.7",https://drop-assets.ea.com/images/42h6FyIuthDAiH4cTWUXRH/bb952a9252013b5bfdf77ac3f4011601/RatingsteamcrestWashingtonCommanders256.png,87,82,91,81,74,78,78,45,22,71,72,83,85,78,73,10,44,61,86,72,20,22,75,41,16,79,75,52,30,30,17,22,10,10,49,81,61,30,36,Default,79,85,89,63,78,45,19,23,27,28,33,19,75,53,24
22852,O'Cyrus,Torrence,Right Guard,RG,Buffalo Bills,3,75,25,Florida,77,347,64,2,Power - G,"https://ratings-images-prod.pulse.ea.com/madden-nfl-26/portraits/2433.png?im=FaceCrop,padding=0.7",https://drop-assets.ea.com/images/212FXcpkDUjs9ZJpZ038pM/676904f80719bc724267b7eb5609c6af/3.png,68,50,61,82,91,75,10,39,11,5,34,12,25,51,5,10,45,86,90,10,13,14,10,67,7,7,75,76,73,79,6,10,21,7,22,12,79,76,82,Long Stride Awkward,10,14,61,10,10,35,5,6,7,6,21,12,91,15,8
14695,Olu,Fashanu,Left Tackle,LT,NY Jets,18,75,22,Penn State,78,312,74,1,Power - OT,"https://ratings-images-prod.pulse.ea.com/madden-nfl-26/portraits/10069.png?im=FaceCrop,padding=0.7",https://drop-assets.ea.com/images/7M46e9acznPLjtJlC7FaWV/ef5cfc9e8306cbdae723a5f7e809b0fd/18.png,74,64,78,87,88,75,25,46,12,15,36,15,32,57,5,29,42,88,95,27,14,15,10,84,10,5,75,80,78,82,6,29,42,10,38,12,78,80,77,Long Stride Awkward,10,20,69,24,31,43,6,6,6,6,22,11,88,39,11
15122,Oronde,Gadsden,Tight End,TE,Los Angeles Chargers,8,75,22,Syracuse,77,241,86,0,Vertical Threat - TE,"https://ratings-images-prod.pulse.ea.com/madden-nfl-26/portraits/10558.png?im=FaceCrop,padding=0.7",https://drop-assets.ea.com/images/1nyokQ4GLHKjmDL5IorxkB/29267d1765bd7f27730a007e1b070ec4/8.png,88,80,84,86,73,79,73,33,32,66,73,82,82,75,64,31,25,59,82,68,16,28,33,47,22,66,75,55,56,54,28,35,28,19,33,73,55,55,52,Long Stride Default,72,81,86,66,64,29,18,23,24,31,37,24,84,63,26
14904,Payton,Wilson,Weak Backer,WILL,Pittsburgh Steelers,29,75,25,N.C. State,76,238,41,1,Pass Coverage - OLB,"https://ratings-images-prod.pulse.ea.com/madden-nfl-26/portraits/10302.png?im=FaceCrop,padding=0.7",https://drop-assets.ea.com/images/4k4tkEjxICBzmTan96wMKZ/1d5d9145ace8a359ac5423c8c3e5e2d8/29.png,93,87,83,83,67,76,67,65,21,56,64,66,73,81,26,72,87,70,82,65,28,27,21,35,63,32,75,35,29,25,15,75,63,69,86,31,41,38,37,Long Stride High and Tight,34,71,92,59,50,85,18,17,25,20,29,11,92,57,65
21910,Pete,Werner,Weak Backer,WILL,New Orleans Saints,27,75,27,Ohio State,75,242,20,4,Run Stopper - OLB,"https://ratings-images-prod.pulse.ea.com/madden-nfl-26/portraits/1069.png?im=FaceCrop,padding=0.7",https://drop-assets.ea.com/images/5beev0Bk7MVWyDSbEqr75u/837fe770a82d43aa3028a13988d8baf3/27.png,88,81,89,88,72,77,35,73,12,15,55,42,62,72,5,54,82,72,88,22,20,20,10,14,66,5,75,45,45,45,6,75,61,53,86,20,45,45,45,Default Stride Loose,10,48,84,30,39,86,6,6,6,6,30,15,82,47,62
2832,Raheem,Mostert,Halfback,HB,Las Vegas Raiders,23,75,33,Purdue,70,205,31,10,Elusive Back - HB,"https://ratings-images-prod.pulse.ea.com/madden-nfl-26/portraits/7768.png?im=FaceCrop,padding=0.7",https://drop-assets.ea.com/images/5ZrNmFWgR1vnwTOdqVmwYy/fe13aa7566120fb59130404e168c59ca/23.png,92,85,89,84,67,71,84,27,20,81,85,53,70,84,51,10,20,30,79,86,23,25,86,36,15,58,75,61,20,25,15,20,10,20,51,57,47,30,32,Default,64,52,91,79,81,41,20,30,35,15,30,11,82,74,20
14626,Ray,Davis,Halfback,HB,Buffalo Bills,3,75,25,Kentucky,69,220,22,1,Elusive Back - HB,"https://ratings-images-prod.pulse.ea.com/madden-nfl-26/portraits/10051.png?im=FaceCrop,padding=0.7",https://drop-assets.ea.com/images/212FXcpkDUjs9ZJpZ038pM/676904f80719bc724267b7eb5609c6af/3.png,88,86,84,88,78,74,82,30,34,83,93,52,71,85,54,10,30,35,87,82,55,58,88,30,12,61,75,52,27,33,25,19,10,15,36,55,36,28,33,Default,66,56,88,76,75,33,20,26,32,31,40,27,85,81,12
22538,Ryan,Wright,Punter,P,Minnesota Vikings,31,75,25,Tulane,75,245,17,3,Power - KP,"https://ratings-images-prod.pulse.ea.com/madden-nfl-26/portraits/2671.png?im=FaceCrop,padding=0.7",https://drop-assets.ea.com/images/bzuWJaOZo5LCC4SwdbVzx/f6dc0006f59641745e50721d0d8c9d38/31.png,84,64,80,84,62,61,35,23,21,29,45,21,31,58,7,10,44,25,90,34,83,92,10,15,10,11,75,16,8,8,25,23,10,10,32,15,7,9,9,Long Stride Awkward,15,24,81,24,30,39,35,40,45,24,48,14,81,36,10
1330,Ryan,Rehkow,Punter,P,Cincinnati Bengals,2,75,26,BYU,76,235,8,1,Power - KP,"https://ratings-images-prod.pulse.ea.com/madden-nfl-26/portraits/10223.png?im=FaceCrop,padding=0.7",https://drop-assets.ea.com/images/5oemvWKqCFgBCkCI4h9A2U/0629c6d345fe01a14ba9f40554fd182e/2.png,71,67,66,83,53,56,10,14,20,10,33,10,29,53,10,11,27,20,87,10,81,96,10,14,10,10,75,14,14,14,16,19,11,10,27,12,15,15,15,Long Stride Awkward,10,12,68,10,10,28,10,15,20,21,33,17,78,10,10
15256,Teddye,Buchanan,Weak Backer,WILL,Baltimore Ravens,25,75,22,California,74,233,40,0,Run Stopper - OLB,"https://ratings-images-prod.pulse.ea.com/madden-nfl-26/portraits/10508.png?im=FaceCrop,padding=0.7",https://drop-assets.ea.com/images/3zZnTQ4izXUrnVi3ryTBcm/a12a28ccd2af4c0a0930b58db73552a7/25.png,89,82,88,88,78,73,45,69,36,37,65,52,61,78,22,60,81,76,89,49,18,23,10,25,61,25,75,40,40,40,20,71,54,44,84,26,40,40,40,Default Stride Loose,28,54,86,43,39,86,23,26,29,34,28,23,87,40,67
21104,Terence,Steele,Right Tackle,RT,Dallas Cowboys,11,75,28,Texas Tech,78,310,78,5,Power - OT,"https://ratings-images-prod.pulse.ea.com/madden-nfl-26/portraits/584.png?im=FaceCrop,padding=0.7",https://drop-assets.ea.com/images/4fzYNoreZSo04KbSHo3Sqn/0855e78441c821f956abac278f04abb7/11.png,76,57,69,87,88,71,10,25,12,5,40,21,41,46,10,10,20,83,91,10,12,17,10,82,15,12,75,72,68,75,6,15,10,10,24,14,84,85,83,Long Stride Loose,27,25,75,10,15,32,6,6,6,6,22,14,88,25,20
21913,Tommy,Togiai,Defensive Tackle,DT,Houston Texans,32,75,25,Ohio State,74,296,72,4,,"https://ratings-images-prod.pulse.ea.com/madden-nfl-26/portraits/849.png?im=FaceCrop,padding=0.7",https://drop-assets.ea.com/images/4rWKgLRDGADEZ3pTbdrpW0/793a695de8ea5caf8f2e1b3973ae1b61/32.png,72,72,78,73,91,68,30,76,12,27,26,12,23,62,3,65,84,85,88,21,17,17,12,30,14,5,75,44,45,44,6,71,78,12,79,15,45,45,46,Long Stride Awkward,11,16,71,15,27,86,6,6,6,6,23,13,90,36,17
15064,Tory,Horton,Wide Receiver,WR,Seattle Seahawks,28,75,22,Colorado St.,75,196,15,0,Deep Threat - WR,"https://ratings-images-prod.pulse.ea.com/madden-nfl-26/portraits/10594.png?im=FaceCrop,padding=0.7",https://drop-assets.ea.com/images/2WrGCB8Atuo0aZ4MbstBrI/bbe9263ce111287adcef479efbc72160/28.png,94,87,88,85,68,73,79,31,19,74,71,78,85,88,76,27,31,48,83,76,23,24,85,31,50,76,75,28,14,21,28,32,26,24,33,75,50,21,21,Default Stride Loose,77,79,93,73,61,39,12,19,27,16,31,26,84,53,37
15008,Tory,Taylor,Punter,P,Chicago Bears,1,75,28,Iowa,76,225,19,1,Power - KP,"https://ratings-images-prod.pulse.ea.com/madden-nfl-26/portraits/10262.png?im=FaceCrop,padding=0.7",https://drop-assets.ea.com/images/6jaEsYrn1V45DziwibpsDk/ed66ad67e63f08a3a7c25ce951dbf5b9/1.png,83,65,65,85,61,59,31,28,26,10,51,10,45,55,10,10,49,21,93,25,77,95,10,17,10,10,75,20,15,15,15,15,10,15,44,12,25,15,15,Long Stride Awkward,10,12,81,22,30,39,22,25,28,21,41,13,84,25,13
21582,Tutu,Atwell,Wide Receiver,WR,Los Angeles Rams,24,75,25,Louisville,69,165,5,4,,"https://ratings-images-prod.pulse.ea.com/madden-nfl-26/portraits/1315.png?im=FaceCrop,padding=0.7",https://drop-assets.ea.com/images/wS8JnLBEBj9eq68rO1qTb/b7b5285ad842936bc21bb149eb8c31b8/24.png,94,89,80,82,40,78,84,21,57,67,63,79,83,90,79,10,12,30,80,79,17,20,69,16,10,77,75,22,14,10,54,18,10,10,28,59,33,17,10,Short Stride Default,76,81,93,74,40,18,52,55,60,64,66,49,74,22,17
2448,Tyler,Lockett,Wide Receiver,WR,Las Vegas Raiders,23,75,32,Kansas State,70,182,17,10,Slot - WR,"https://ratings-images-prod.pulse.ea.com/madden-nfl-26/portraits/7214.png?im=FaceCrop,padding=0.7",https://drop-assets.ea.com/images/5ZrNmFWgR1vnwTOdqVmwYy/fe13aa7566120fb59130404e168c59ca/23.png,88,91,85,89,50,75,85,25,27,72,73,83,91,89,73,10,12,45,96,84,25,28,90,25,10,74,75,30,15,17,6,15,10,10,30,74,48,26,31,Default Stride Loose,75,87,88,77,38,25,6,10,15,10,30,23,89,38,25
22371,Tyquan,Thornton,Wide Receiver,WR,Kansas City Chiefs,9,75,25,Baylor,74,182,80,3,Deep Threat - WR,"https://ratings-images-prod.pulse.ea.com/madden-nfl-26/portraits/1985.png?im=FaceCrop,padding=0.7",https://drop-assets.ea.com/images/3g9AewmTPjE4A7yc2tobiZ/20b6502896df3893414233cb5fe1b803/9.png,91,82,89,88,55,78,73,21,25,69,76,82,86,84,79,10,18,39,85,72,14,18,72,24,12,78,75,25,23,25,26,17,10,18,30,73,43,25,16,Long Stride Loose,76,83,92,67,39,19,22,31,38,33,44,27,79,33,18
14907,Tyrice,Knight,Weak Backer,WILL,Seattle Seahawks,28,75,24,UTEP,73,233,48,1,Run Stopper - OLB,"https://ratings-images-prod.pulse.ea.com/madden-nfl-26/portraits/10145.png?im=FaceCrop,padding=0.7",https://drop-assets.ea.com/images/2WrGCB8Atuo0aZ4MbstBrI/bbe9263ce111287adcef479efbc72160/28.png,90,75,83,83,71,73,47,74,24,43,61,52,62,73,25,63,85,74,91,55,25,24,37,35,63,24,75,26,23,25,13,72,69,49,85,41,27,25,25,Default Stride Loose,31,52,85,54,45,84,10,13,13,19,23,11,87,44,67
15327,Upton,Stout,Cornerback,CB,San Francisco 49ers,15,75,23,W. Kentucky,69,181,20,0,Manto Man - CB,"https://ratings-images-prod.pulse.ea.com/madden-nfl-26/portraits/10743.png?im=FaceCrop,padding=0.7",https://drop-assets.ea.com/images/1SoIzWJtk28ygwNAPEMRnf/deaee9a60ace23f7eaeaf4275c2282b0/15.png,92,87,89,87,57,72,74,47,22,54,67,64,76,85,25,47,58,47,87,75,27,27,75,25,75,27,75,35,35,25,10,70,31,74,73,23,35,35,25,Default,31,72,91,68,40,68,6,6,10,6,18,10,85,31,75
20995,Yetur,Gross-Matos,Left Edge,LEDG,San Francisco 49ers,15,75,27,Penn State,77,265,94,5,Power Rusher - DE,"https://ratings-images-prod.pulse.ea.com/madden-nfl-26/portraits/307.png?im=FaceCrop,padding=0.7",https://drop-assets.ea.com/images/1SoIzWJtk28ygwNAPEMRnf/deaee9a60ace23f7eaeaf4275c2282b0/15.png,86,79,82,79,81,73,27,75,11,14,30,16,31,69,5,68,82,80,87,30,14,19,10,13,27,7,75,45,45,45,6,73,77,17,82,14,45,45,45,Long Stride Loose,10,16,83,24,28,83,6,6,6,6,18,15,87,32,32
12564,Zay,Jones,Wide Receiver,WR,Arizona Cardinals,7,75,30,East Carolina,74,200,17,8,Deep Threat - WR,"https://ratings-images-prod.pulse.ea.com/madden-nfl-26/portraits/8611.png?im=FaceCrop,padding=0.7",https://drop-assets.ea.com/images/5NdzvrqrP3clJDBL6kdTmu/1f61914ff14c6f4be0240d71e622f9c6/7.png,92,86,86,86,76,75,82,27,22,77,73,80,88,86,74,22,37,49,79,78,17,22,81,29,15,73,75,38,23,25,19,17,18,20,23,79,61,12,22,Long Stride Default,74,86,89,72,74,34,25,29,34,32,39,20,78,68,24
20390,Alec,Ingold,Fullback,FB,Miami Dolphins,12,74,29,Wisconsin,73,235,30,6,Utility - FB,"https://ratings-images-prod.pulse.ea.com/madden-nfl-26/portraits/9514.png?im=FaceCrop,padding=0.7",https://drop-assets.ea.com/images/1rcCzp9f3OyZFzRBRFJVpC/8dc08dce09c05a748587769908cd710c/12.png,80,72,86,86,78,70,71,35,33,49,80,62,71,75,42,35,41,70,84,71,37,56,32,81,15,50,74,67,43,47,38,33,30,20,49,51,67,59,55,Default,63,54,83,61,73,50,43,47,52,51,60,40,87,77,20
15364,Andres,Borregales,Kicker,K,New England Patriots,22,74,23,Miami,71,202,36,0,Power - KP,"https://ratings-images-prod.pulse.ea.com/madden-nfl-26/portraits/10793.png?im=FaceCrop,padding=0.7",https://drop-assets.ea.com/images/6Z0rWjQfkWgvj8K58X0WfA/aaaaa7e6c313bdfc5e624309ba6dfc4e/22.png,75,67,60,82,46,59,19,10,15,15,35,11,32,51,10,10,16,15,88,13,82,94,10,14,11,10,74,16,16,13,18,15,10,10,22,13,12,12,11,Default Stride Awkward,12,12,75,12,14,23,22,29,32,18,28,16,71,16,12
13845,Andrew,Wylie,Right Tackle,RT,Washington Commanders,26,74,31,Eastern Michigan,78,309,71,8,Power - OT,"https://ratings-images-prod.pulse.ea.com/madden-nfl-26/portraits/9963.png?im=FaceCrop,padding=0.7",https://drop-assets.ea.com/images/42h6FyIuthDAiH4cTWUXRH/bb952a9252013b5bfdf77ac3f4011601/RatingsteamcrestWashingtonCommanders256.png,71,66,82,92,85,71,25,32,12,20,27,30,35,53,7,30,40,87,91,20,15,19,10,83,11,15,74,77,73,81,5,18,40,10,33,20,78,76,80,Default Stride Awkward,25,30,68,20,20,35,5,5,5,5,25,10,80,32,11
15335,Andrew,Mukuba,Strong Safety,SS,Philadelphia Eagles,13,74,22,Texas,71,186,24,0,Zone - S,"https://ratings-images-prod.pulse.ea.com/madden-nfl-26/portraits/10672.png?im=FaceCrop,padding=0.7",https://drop-assets.ea.com/images/1Nt5pFCpjcBcADzHRbwfIk/ce90f9cb564aef7cc30cf1dd88c84150/13.png,91,82,85,89,64,72,69,57,14,57,64,61,73,84,29,33,78,53,85,68,18,20,43,25,67,33,74,35,35,35,6,69,35,70,84,36,35,35,35,Default Stride Loose,38,64,91,61,47,76,6,6,6,6,25,13,84,50,71
20439,Anthony,Nelson,Left Edge,LEDG,Tampa Bay Buccaneers,6,74,28,Iowa,79,271,98,6,Power Rusher - DE,"https://ratings-images-prod.pulse.ea.com/madden-nfl-26/portraits/9586.png?im=FaceCrop,padding=0.7",https://drop-assets.ea.com/images/1L5Fn21WqZN9jcLucGYg4c/ce29db9b9b4775d4e8fc337bf5c65027/6.png,84,80,85,79,77,75,35,75,12,31,33,39,47,68,3,69,81,82,92,27,19,20,9,17,37,7,74,44,44,46,6,76,77,26,81,17,44,45,44,Long Stride Loose,14,42,80,24,38,85,6,6,6,6,22,17,86,26,44
13120,Arden,Key,Right Edge,REDG,Tennessee Titans,30,74,29,LSU,77,240,49,7,Run Stopper - DE,"https://ratings-images-prod.pulse.ea.com/madden-nfl-26/portraits/8961.png?im=FaceCrop,padding=0.7",https://drop-assets.ea.com/images/2YxvlDMaJsJwNQ4lS7qdCQ/d850f60dcbdcd71fb162eb55a46c7969/30.png,78,77,76,76,79,81,21,79,12,13,32,19,35,64,4,76,82,81,87,36,12,17,10,14,34,8,74,45,45,45,6,80,68,21,82,12,45,45,45,Long Stride Loose,10,16,81,29,31,78,6,6,6,6,10,14,79,28,46
12897,Arthur,Maulet,Cornerback,CB,Detroit Lions,19,74,32,Memphis,70,190,27,8,Zone - CB,"https://ratings-images-prod.pulse.ea.com/madden-nfl-26/portraits/8653.png?im=FaceCrop,padding=0.7",https://drop-assets.ea.com/images/7cuE4tZcli1uQyZbvXWMrd/a2df9decdab28170691ca6631dd62139/19.png,87,81,86,89,59,79,66,52,15,65,57,62,70,80,16,49,65,44,86,77,25,22,50,14,74,23,74,35,35,35,6,81,38,71,73,24,35,35,35,Short Stride Loose,33,64,89,68,38,63,6,6,6,6,31,14,81,38,77
17645,Austin,Hooper,Tight End,TE,New England Patriots,22,74,30,Stanford,76,254,81,9,Possession - TE,"https://ratings-images-prod.pulse.ea.com/madden-nfl-26/portraits/8057.png?im=FaceCrop,padding=0.7",https://drop-assets.ea.com/images/6Z0rWjQfkWgvj8K58X0WfA/aaaaa7e6c313bdfc5e624309ba6dfc4e/22.png,83,80,85,89,73,81,78,29,12,64,75,81,86,71,56,17,27,68,91,69,19,21,18,56,14,60,74,59,55,59,6,22,17,17,31,69,62,62,58,Default,65,81,81,59,78,34,6,10,15,10,26,15,88,70,21
20965,Austin,Jackson,Right Tackle,RT,Miami Dolphins,12,74,26,USC,77,320,73,5,Agile - OT,"https://ratings-images-prod.pulse.ea.com/madden-nfl-26/portraits/382.png?im=FaceCrop,padding=0.7",https://drop-assets.ea.com/images/1rcCzp9f3OyZFzRBRFJVpC/8dc08dce09c05a748587769908cd710c/12.png,76,65,76,85,84,81,27,55,12,13,24,20,31,54,5,41,52,80,86,26,20,20,10,87,22,7,74,75,77,73,6,42,54,18,53,13,78,80,76,Long Stride Awkward,18,16,72,22,34,54,6,6,6,6,22,10,91,32,31
15329,Azareye'h,Thomas,Cornerback,CB,NY Jets,18,74,21,Florida State,74,196,23,0,Zone - CB,"https://ratings-images-prod.pulse.ea.com/madden-nfl-26/portraits/10753.png?im=FaceCrop,padding=0.7",https://drop-assets.ea.com/images/7M46e9acznPLjtJlC7FaWV/ef5cfc9e8306cbdae723a5f7e809b0fd/18.png,89,85,86,85,67,79,69,54,12,46,57,62,72,84,23,38,60,57,90,71,19,29,81,26,71,25,74,35,35,25,6,79,33,79,67,27,35,35,25,Default Stride Loose,28,66,86,63,46,56,6,6,6,6,26,10,89,36,78
21677,Baron,Browning,Left Edge,LEDG,Arizona Cardinals,7,74,26,Ohio State,75,255,5,4,Power Rusher - DE,"https://ratings-images-prod.pulse.ea.com/madden-nfl-26/portraits/1041.png?im=FaceCrop,padding=0.7",https://drop-assets.ea.com/images/5NdzvrqrP3clJDBL6kdTmu/1f61914ff14c6f4be0240d71e622f9c6/7.png,91,85,93,86,75,71,40,78,23,31,49,41,50,74,5,69,85,83,90,33,13,16,10,22,61,8,74,45,45,45,23,70,77,48,81,13,45,45,45,Default Stride Loose,17,40,86,31,42,78,11,11,21,21,31,24,83,37,58
21109,Ben,Bredeson,Left Guard,LG,Tampa Bay Buccaneers,6,74,27,Michigan,77,315,68,5,Pass Protector - G,"https://ratings-images-prod.pulse.ea.com/madden-nfl-26/portraits/177.png?im=FaceCrop,padding=0.7",https://drop-assets.ea.com/images/1L5Fn21WqZN9jcLucGYg4c/ce29db9b9b4775d4e8fc337bf5c65027/6.png,60,52,65,83,86,78,10,15,12,14,20,15,12,50,5,10,12,81,85,10,16,19,10,76,10,5,74,81,77,83,6,10,10,10,19,10,72,72,72,Long Stride Awkward,10,10,71,10,10,20,6,6,6,6,17,12,89,10,11
13424,Bilal,Nichols,Defensive Tackle,DT,Arizona Cardinals,7,74,28,Delaware,75,300,92,7,,"https://ratings-images-prod.pulse.ea.com/madden-nfl-26/portraits/9003.png?im=FaceCrop,padding=0.7",https://drop-assets.ea.com/images/5NdzvrqrP3clJDBL6kdTmu/1f61914ff14c6f4be0240d71e622f9c6/7.png,75,65,75,84,87,74,46,75,12,22,42,32,44,58,25,61,77,83,91,37,10,17,10,31,20,32,74,45,45,45,6,75,73,11,78,30,45,45,45,Long Stride Loose,36,30,73,31,47,85,6,6,6,6,23,14,87,54,28
21407,Blake,Gillikin,Punter,P,Arizona Cardinals,7,74,27,Penn State,74,196,12,5,Power - KP,"https://ratings-images-prod.pulse.ea.com/madden-nfl-26/portraits/878.png?im=FaceCrop,padding=0.7",https://drop-assets.ea.com/images/5NdzvrqrP3clJDBL6kdTmu/1f61914ff14c6f4be0240d71e622f9c6/7.png,76,63,80,81,49,54,22,23,17,10,30,15,35,53,15,10,12,10,85,16,82,96,10,7,10,15,74,9,10,10,20,26,10,10,31,15,7,10,10,Default Stride Awkward,15,15,73,10,15,28,16,22,26,23,40,14,60,12,25
21922,Bobby,Brown III,Defensive Tackle,DT,Carolina Panthers,21,74,25,Texas AM,76,324,97,4,,"https://ratings-images-prod.pulse.ea.com/madden-nfl-26/portraits/1592.png?im=FaceCrop,padding=0.7",https://drop-assets.ea.com/images/4Klf6KKhbnVi5RaARK1OiL/13a917c75c0fbc4edb0eb018cb757d8d/21.png,79,63,80,70,86,73,22,79,12,14,25,13,26,61,5,59,77,85,88,23,19,18,9,33,16,6,74,44,44,44,6,72,69,17,77,14,45,45,44,Long Stride Loose,10,14,72,22,34,86,6,6,6,6,22,11,85,39,23
22123,Cade,Mays,Center,C,Carolina Panthers,21,74,26,Tennessee,78,325,64,3,Pass Protector - C,"https://ratings-images-prod.pulse.ea.com/madden-nfl-26/portraits/1828.png?im=FaceCrop,padding=0.7",https://drop-assets.ea.com/images/4Klf6KKhbnVi5RaARK1OiL/13a917c75c0fbc4edb0eb018cb757d8d/21.png,69,60,66,82,82,77,11,24,10,7,19,12,21,55,5,15,23,83,86,10,10,11,10,80,10,5,74,81,81,81,6,22,21,10,22,15,77,79,75,Default Stride Awkward,15,15,64,10,18,21,6,6,6,6,20,10,87,20,10
21412,Cam,Lewis,Strong Safety,SS,Buffalo Bills,3,74,28,Buffalo,69,183,39,5,Zone - S,"https://ratings-images-prod.pulse.ea.com/madden-nfl-26/portraits/1474.png?im=FaceCrop,padding=0.7",https://drop-assets.ea.com/images/212FXcpkDUjs9ZJpZ038pM/676904f80719bc724267b7eb5609c6af/3.png,90,90,78,87,51,78,71,52,10,52,60,45,60,84,10,35,60,50,88,73,13,14,47,17,72,12,74,35,35,35,6,76,32,68,75,30,35,35,35,Short Stride Loose,22,58,90,60,33,59,6,6,6,6,35,15,83,19,75
22771,Cedric,Tillman,Wide Receiver,WR,Cleveland Browns,5,74,25,Tennessee,75,215,19,2,Deep Threat - WR,"https://ratings-images-prod.pulse.ea.com/madden-nfl-26/portraits/2426.png?im=FaceCrop,padding=0.7",https://drop-assets.ea.com/images/4qbblHggBjaH9o46kyGeFo/27cab0f308b54edbd469e9b20cb506f7/5.png,90,79,88,83,70,84,77,31,26,73,74,83,86,77,75,10,26,49,87,76,15,19,45,34,10,75,74,33,22,28,6,17,10,10,34,76,52,26,31,Long Stride Default,76,82,88,66,65,35,15,15,20,15,22,20,83,56,10
15071,Chimere,Dike,Wide Receiver,WR,Tennessee Titans,30,74,23,Florida,73,196,17,0,Deep Threat - WR,"https://ratings-images-prod.pulse.ea.com/madden-nfl-26/portraits/10535.png?im=FaceCrop,padding=0.7",https://drop-assets.ea.com/images/2YxvlDMaJsJwNQ4lS7qdCQ/d850f60dcbdcd71fb162eb55a46c7969/30.png,94,88,91,86,65,77,75,38,29,69,73,77,85,86,76,31,40,50,85,73,18,20,89,34,53,74,74,26,15,24,21,39,31,26,43,69,51,26,27,Default Stride Loose,74,77,94,70,45,49,14,10,21,8,11,35,81,37,47
12579,Curtis,Samuel,Wide Receiver,WR,Buffalo Bills,3,74,29,Ohio State,71,195,1,8,,"https://ratings-images-prod.pulse.ea.com/madden-nfl-26/portraits/8716.png?im=FaceCrop,padding=0.7",https://drop-assets.ea.com/images/212FXcpkDUjs9ZJpZ038pM/676904f80719bc724267b7eb5609c6af/3.png,92,89,88,84,64,71,87,24,22,77,73,82,85,84,70,18,24,43,84,85,15,25,75,23,20,73,74,38,30,30,6,28,12,23,32,74,40,13,20,Default,74,82,90,78,49,26,6,10,15,10,27,23,74,40,28
13241,Da'Shawn,Hand,Defensive Tackle,DT,Los Angeles Chargers,8,74,29,Alabama,75,302,91,7,,"https://ratings-images-prod.pulse.ea.com/madden-nfl-26/portraits/8910.png?im=FaceCrop,padding=0.7",https://drop-assets.ea.com/images/1nyokQ4GLHKjmDL5IorxkB/29267d1765bd7f27730a007e1b070ec4/8.png,77,57,77,73,88,69,26,78,12,17,28,20,27,53,4,62,79,88,82,29,16,33,10,20,20,8,74,45,45,45,6,71,74,20,79,13,45,45,45,Long Stride Loose,15,18,76,23,32,84,6,6,6,6,22,14,85,34,28
20361,Dalton,Risner,Right Guard,RG,Cincinnati Bengals,2,74,30,Kansas State,77,312,66,6,Power - G,"https://ratings-images-prod.pulse.ea.com/madden-nfl-26/portraits/9612.png?im=FaceCrop,padding=0.7",https://drop-assets.ea.com/images/5oemvWKqCFgBCkCI4h9A2U/0629c6d345fe01a14ba9f40554fd182e/2.png,63,61,71,87,86,81,20,36,12,10,34,18,31,58,5,24,41,85,91,19,12,18,10,79,12,6,74,78,75,80,6,29,31,10,42,15,76,78,73,Default Stride Awkward,15,16,69,17,23,44,6,6,6,6,26,10,90,27,12
22067,Dameon,Pierce,Halfback,HB,Kansas City Chiefs,9,74,25,Florida,70,214,25,3,Power Back - HB,"https://ratings-images-prod.pulse.ea.com/madden-nfl-26/portraits/1891.png?im=FaceCrop,padding=0.7",https://drop-assets.ea.com/images/3g9AewmTPjE4A7yc2tobiZ/20b6502896df3893414233cb5fe1b803/9.png,89,82,82,86,84,64,80,39,30,84,89,54,67,81,44,10,40,45,96,82,12,16,76,45,12,52,74,57,35,39,15,14,10,15,46,49,45,27,33,Default,60,50,90,72,82,41,10,15,20,15,26,11,91,89,16
23301,Daniel,Whelan,Punter,P,Green Bay Packers,20,74,26,California-Davis,77,216,19,2,Power - KP,"https://ratings-images-prod.pulse.ea.com/madden-nfl-26/portraits/5263.png?im=FaceCrop,padding=0.7",https://drop-assets.ea.com/images/4ztQk5XogdkrJe6reVd3h8/16ecf8a0f4caf228c6e54ad0f8e17425/20.png,79,57,75,81,57,57,14,15,16,9,26,14,23,50,10,10,26,22,88,10,82,94,10,14,10,14,74,20,15,15,25,15,10,10,25,12,20,15,15,Long Stride Awkward,15,15,78,10,10,28,24,32,38,21,42,22,70,12,12
22104,Daniel,Faalele,Right Guard,RG,Baltimore Ravens,25,74,25,Minnesota,80,380,77,3,Power - G,"https://ratings-images-prod.pulse.ea.com/madden-nfl-26/portraits/1574.png?im=FaceCrop,padding=0.7",https://drop-assets.ea.com/images/3zZnTQ4izXUrnVi3ryTBcm/a12a28ccd2af4c0a0930b58db73552a7/25.png,46,39,73,78,90,77,38,35,17,37,44,33,34,38,10,13,48,86,87,23,15,21,10,74,7,16,74,77,74,80,6,16,15,10,32,15,77,74,81,Long Stride Awkward,24,30,52,21,55,44,9,12,15,6,29,15,74,45,7
15291,Darien,Porter,Cornerback,CB,Las Vegas Raiders,23,74,24,Iowa State,75,195,26,0,Manto Man - CB,"https://ratings-images-prod.pulse.ea.com/madden-nfl-26/portraits/10694.png?im=FaceCrop,padding=0.7",https://drop-assets.ea.com/images/5ZrNmFWgR1vnwTOdqVmwYy/fe13aa7566120fb59130404e168c59ca/23.png,94,92,86,82,61,68,73,45,25,51,59,65,71,90,22,25,48,54,90,77,26,28,77,26,72,25,74,35,35,25,6,69,20,75,71,28,35,35,25,Default,28,68,96,67,42,46,6,7,9,6,23,8,88,35,69
22275,Darrell,Baker,Cornerback,CB,Tennessee Titans,30,74,27,Ga. Southern,73,190,39,3,Zone - CB,"https://ratings-images-prod.pulse.ea.com/madden-nfl-26/portraits/2798.png?im=FaceCrop,padding=0.7",https://drop-assets.ea.com/images/2YxvlDMaJsJwNQ4lS7qdCQ/d850f60dcbdcd71fb162eb55a46c7969/30.png,93,81,95,87,57,74,70,54,17,57,60,57,58,86,36,35,64,52,89,71,14,13,50,21,71,39,74,30,23,24,6,75,30,78,75,35,35,25,26,Default Stride Loose,44,59,91,65,47,66,8,12,18,21,30,17,78,38,74
12607,Deatrich,Wise Jr,Right Edge,REDG,Washington Commanders,26,74,31,Arkansas,78,285,91,8,Run Stopper - DE,"https://ratings-images-prod.pulse.ea.com/madden-nfl-26/portraits/8787.png?im=FaceCrop,padding=0.7",https://drop-assets.ea.com/images/42h6FyIuthDAiH4cTWUXRH/bb952a9252013b5bfdf77ac3f4011601/RatingsteamcrestWashingtonCommanders256.png,77,68,80,82,85,79,31,78,12,18,32,35,36,57,17,64,81,91,92,32,22,14,10,17,24,17,74,45,45,45,6,77,75,16,85,15,45,45,45,Long Stride Loose,17,33,75,16,35,83,6,6,6,6,11,16,84,24,33
13610,Dennis,Gardeck,Sam Backer,SAM,Jacksonville Jaguars,17,74,31,Sioux Falls,72,232,47,7,Run Stopper - OLB,"https://ratings-images-prod.pulse.ea.com/madden-nfl-26/portraits/9780.png?im=FaceCrop,padding=0.7",https://drop-assets.ea.com/images/4s3Xa9huMY7IrNAc9h1TDa/9eb764bbfbbb6a2f651e3d44cdcfa103/17.png,86,74,87,82,81,74,37,76,12,20,45,32,50,70,6,77,77,78,81,44,17,14,10,12,50,10,74,45,45,45,6,72,70,34,84,15,45,45,45,Default Stride Loose,14,37,87,37,45,82,6,6,6,6,28,10,88,37,59
21674,Derrick,Barnes,Sam Backer,SAM,Detroit Lions,19,74,26,Purdue,73,245,55,4,Run Stopper - OLB,"https://ratings-images-prod.pulse.ea.com/madden-nfl-26/portraits/1065.png?im=FaceCrop,padding=0.7",https://drop-assets.ea.com/images/7cuE4tZcli1uQyZbvXWMrd/a2df9decdab28170691ca6631dd62139/19.png,83,72,88,85,79,78,68,73,19,50,69,43,59,70,10,66,85,79,91,64,20,21,35,31,58,24,74,46,46,46,6,74,72,42,83,26,45,45,45,Default Stride Loose,38,56,86,63,65,84,6,12,15,6,25,10,86,68,66
1160,Devaughn,Vele,Wide Receiver,WR,New Orleans Saints,27,74,27,Utah,77,210,14,1,Slot - WR,"https://ratings-images-prod.pulse.ea.com/madden-nfl-26/portraits/10278.png?im=FaceCrop,padding=0.7",https://drop-assets.ea.com/images/5beev0Bk7MVWyDSbEqr75u/837fe770a82d43aa3028a13988d8baf3/27.png,90,83,86,80,58,76,76,32,28,69,71,85,88,80,73,10,28,37,84,74,20,20,80,26,20,75,74,28,27,20,24,25,10,25,35,71,40,21,15,Long Stride Default,76,83,90,68,49,33,23,30,37,37,49,31,79,41,27
21071,Devin,Duvernay,Wide Receiver,WR,Chicago Bears,1,74,27,Texas,71,202,12,5,,"https://ratings-images-prod.pulse.ea.com/madden-nfl-26/portraits/265.png?im=FaceCrop,padding=0.7",https://drop-assets.ea.com/images/6jaEsYrn1V45DziwibpsDk/ed66ad67e63f08a3a7c25ce951dbf5b9/1.png,92,86,84,84,68,73,85,36,29,79,77,82,87,83,72,10,28,49,91,81,12,17,86,32,16,73,74,28,21,24,24,17,10,16,40,70,50,26,31,Short Stride High and Tight,75,82,93,75,72,35,23,28,38,30,44,26,89,70,20
20713,Donovan,Wilson,Strong Safety,SS,Dallas Cowboys,11,74,30,Texas AM,72,204,6,6,Run Support - S,"https://ratings-images-prod.pulse.ea.com/madden-nfl-26/portraits/9684.png?im=FaceCrop,padding=0.7",https://drop-assets.ea.com/images/4fzYNoreZSo04KbSHo3Sqn/0855e78441c821f956abac278f04abb7/11.png,88,83,86,92,64,77,60,62,10,53,51,52,75,79,24,42,88,67,86,67,14,15,30,10,64,30,74,35,35,35,6,76,35,65,79,45,35,35,35,Default Stride Loose,35,65,87,58,43,71,6,6,6,6,25,17,79,35,72
23015,Dorian,Williams,Weak Backer,WILL,Buffalo Bills,3,74,24,Tulane,74,230,42,2,Pass Coverage - OLB,"https://ratings-images-prod.pulse.ea.com/madden-nfl-26/portraits/2477.png?im=FaceCrop,padding=0.7",https://drop-assets.ea.com/images/212FXcpkDUjs9ZJpZ038pM/676904f80719bc724267b7eb5609c6af/3.png,93,79,84,86,63,74,58,67,15,52,55,55,65,75,10,54,76,66,90,65,16,18,42,24,61,10,74,30,30,30,12,73,46,67,86,25,35,35,35,Default Stride Loose,15,60,89,60,55,85,10,12,15,6,20,11,76,48,67
2546,Eddie,Goldman,Defensive Tackle,DT,Washington Commanders,26,74,31,Florida State,75,332,97,8,,"https://ratings-images-prod.pulse.ea.com/madden-nfl-26/portraits/7136.png?im=FaceCrop,padding=0.7",https://drop-assets.ea.com/images/42h6FyIuthDAiH4cTWUXRH/bb952a9252013b5bfdf77ac3f4011601/RatingsteamcrestWashingtonCommanders256.png,58,60,63,79,93,81,10,74,12,10,40,15,25,52,3,57,84,88,85,10,18,24,10,36,21,7,74,45,45,45,6,81,76,16,79,15,45,45,45,Default Stride Awkward,15,15,63,10,10,82,6,6,6,6,21,10,84,25,28
17686,Emmanuel,Ogbah,Right Edge,REDG,Jacksonville Jaguars,17,74,31,Oklahoma St.,76,278,90,9,Run Stopper - DE,"https://ratings-images-prod.pulse.ea.com/madden-nfl-26/portraits/8168.png?im=FaceCrop,padding=0.7",https://drop-assets.ea.com/images/4s3Xa9huMY7IrNAc9h1TDa/9eb764bbfbbb6a2f651e3d44cdcfa103/17.png,86,74,85,83,83,77,33,76,12,16,33,17,45,63,3,62,82,85,89,31,19,20,9,12,39,7,74,45,45,45,6,75,73,22,84,17,45,45,44,Default Stride Loose,14,17,82,26,31,80,6,6,6,6,22,14,89,28,51
17713,Eric,Murray,Strong Safety,SS,Jacksonville Jaguars,17,74,31,Minnesota,71,199,29,9,Zone - S,"https://ratings-images-prod.pulse.ea.com/madden-nfl-26/portraits/8157.png?im=FaceCrop,padding=0.7",https://drop-assets.ea.com/images/4s3Xa9huMY7IrNAc9h1TDa/9eb764bbfbbb6a2f651e3d44cdcfa103/17.png,90,81,88,88,63,81,66,48,10,45,58,58,62,79,11,44,72,60,91,68,17,18,60,15,67,16,74,10,34,33,6,80,38,76,71,27,15,34,33,Default,26,67,86,65,29,71,6,6,6,6,27,14,84,26,73
20574,Greg,Dortch,Wide Receiver,WR,Arizona Cardinals,7,74,27,Wake Forest,67,175,4,7,,"https://ratings-images-prod.pulse.ea.com/madden-nfl-26/portraits/9442.png?im=FaceCrop,padding=0.7",https://drop-assets.ea.com/images/5NdzvrqrP3clJDBL6kdTmu/1f61914ff14c6f4be0240d71e622f9c6/7.png,90,87,77,80,43,77,84,22,23,70,68,77,87,89,71,10,16,38,85,85,14,19,85,17,18,74,74,25,13,10,10,16,10,12,26,63,37,16,13,Short Stride Default,76,81,90,75,43,23,17,23,28,27,38,20,76,35,25
21471,Ifeatu,Melifonwu,Strong Safety,SS,Miami Dolphins,12,74,26,Syracuse,75,213,9,4,Zone - S,"https://ratings-images-prod.pulse.ea.com/madden-nfl-26/portraits/1299.png?im=FaceCrop,padding=0.7",https://drop-assets.ea.com/images/1rcCzp9f3OyZFzRBRFJVpC/8dc08dce09c05a748587769908cd710c/12.png,90,83,95,88,64,76,67,56,44,51,59,54,73,82,30,42,69,60,85,72,23,28,65,29,68,32,74,35,35,35,29,74,34,70,76,42,35,35,35,Long Stride Loose,34,62,88,66,44,67,33,38,41,39,46,26,81,50,75
21000,Isaiah,Simmons,Free Safety,FS,Carolina Panthers,21,74,27,Clemson,76,238,27,5,Hybrid - S,"https://ratings-images-prod.pulse.ea.com/madden-nfl-26/portraits/569.png?im=FaceCrop,padding=0.7",https://drop-assets.ea.com/images/4Klf6KKhbnVi5RaARK1OiL/13a917c75c0fbc4edb0eb018cb757d8d/21.png,91,84,93,90,73,73,69,63,12,43,65,60,75,78,32,60,83,67,93,68,20,20,58,18,68,36,74,23,45,45,6,71,62,72,77,43,29,45,45,Long Stride Default,39,67,91,63,47,75,6,6,6,6,24,12,87,39,66
22073,Jahan,Dotson,Wide Receiver,WR,Philadelphia Eagles,13,74,25,Penn State,71,182,2,3,,"https://ratings-images-prod.pulse.ea.com/madden-nfl-26/portraits/1470.png?im=FaceCrop,padding=0.7",https://drop-assets.ea.com/images/1Nt5pFCpjcBcADzHRbwfIk/ce90f9cb564aef7cc30cf1dd88c84150/13.png,94,84,84,88,61,76,82,21,22,72,74,83,83,87,75,10,21,40,90,82,15,18,80,22,20,74,74,27,17,13,24,27,10,19,36,70,38,22,15,Short Stride Default,72,83,92,74,51,25,30,34,44,37,48,30,81,35,28
14660,Jalen,McMillan,Wide Receiver,WR,Tampa Bay Buccaneers,6,74,23,Washington,73,197,11,1,,"https://ratings-images-prod.pulse.ea.com/madden-nfl-26/portraits/10176.png?im=FaceCrop,padding=0.7",https://drop-assets.ea.com/images/1L5Fn21WqZN9jcLucGYg4c/ce29db9b9b4775d4e8fc337bf5c65027/6.png,92,85,88,82,60,78,83,27,19,76,75,76,82,85,75,10,22,39,84,80,19,15,71,29,10,77,74,30,22,26,10,12,10,14,31,71,41,30,23,Long Stride Loose,78,78,90,73,49,29,10,15,20,15,24,17,86,50,17
22088,Jalen,Tolbert,Wide Receiver,WR,Dallas Cowboys,11,74,26,South Alabama,73,195,1,3,Deep Threat - WR,"https://ratings-images-prod.pulse.ea.com/madden-nfl-26/portraits/1987.png?im=FaceCrop,padding=0.7",https://drop-assets.ea.com/images/4fzYNoreZSo04KbSHo3Sqn/0855e78441c821f956abac278f04abb7/11.png,94,86,87,88,61,75,82,23,26,74,75,81,84,86,77,10,23,41,92,77,14,20,71,22,13,75,74,28,26,23,20,15,10,12,28,72,42,25,19,Long Stride Default,73,83,91,71,49,23,15,20,25,23,27,20,87,39,16
1076,Jalyx,Hunt,Right Edge,REDG,Philadelphia Eagles,13,74,24,Houston Christian,75,252,58,1,Smaller Speed Rusher - DE,"https://ratings-images-prod.pulse.ea.com/madden-nfl-26/portraits/10112.png?im=FaceCrop,padding=0.7",https://drop-assets.ea.com/images/1Nt5pFCpjcBcADzHRbwfIk/ce90f9cb564aef7cc30cf1dd88c84150/13.png,90,79,89,78,77,76,52,74,22,34,27,45,30,72,5,73,74,77,90,48,12,14,10,25,56,7,74,40,40,40,6,75,77,46,80,15,45,45,45,Default Stride Loose,10,47,84,45,45,79,6,6,6,6,30,12,83,44,58
15068,Jaylin,Lane,Wide Receiver,WR,Washington Commanders,26,74,23,Virginia Tech,70,191,83,0,,"https://ratings-images-prod.pulse.ea.com/madden-nfl-26/portraits/10633.png?im=FaceCrop,padding=0.7",https://drop-assets.ea.com/images/42h6FyIuthDAiH4cTWUXRH/bb952a9252013b5bfdf77ac3f4011601/RatingsteamcrestWashingtonCommanders256.png,93,91,90,88,58,73,80,36,28,76,72,77,82,90,75,28,32,38,86,79,20,24,86,24,34,72,74,22,11,20,33,28,27,25,31,71,43,20,19,Default,75,78,94,70,60,34,33,41,44,39,60,32,81,57,37
23058,Ji'Ayir,Brown,Strong Safety,SS,San Francisco 49ers,15,74,25,Penn State,71,202,27,2,Run Support - S,"https://ratings-images-prod.pulse.ea.com/madden-nfl-26/portraits/1874.png?im=FaceCrop,padding=0.7",https://drop-assets.ea.com/images/1SoIzWJtk28ygwNAPEMRnf/deaee9a60ace23f7eaeaf4275c2282b0/15.png,91,85,85,88,64,72,75,62,15,62,63,71,80,84,15,61,87,63,93,72,15,20,59,17,72,20,74,35,35,35,15,73,51,71,76,20,35,35,35,Default Stride Loose,30,70,86,66,52,70,10,10,15,15,30,16,87,55,75
21519,Joe,Tryon-Shoyinka,Left Edge,LEDG,Chicago Bears,1,74,26,Washington,77,259,93,4,Smaller Speed Rusher - DE,"https://ratings-images-prod.pulse.ea.com/madden-nfl-26/portraits/1020.png?im=FaceCrop,padding=0.7",https://drop-assets.ea.com/images/6jaEsYrn1V45DziwibpsDk/ed66ad67e63f08a3a7c25ce951dbf5b9/1.png,85,81,84,82,81,71,51,76,12,39,56,46,55,70,23,74,83,81,90,42,17,18,10,31,44,30,74,45,45,45,6,73,66,45,85,33,45,45,45,Long Stride Loose,36,50,82,40,49,81,6,12,15,6,29,16,83,49,52
21179,Jon,Runyan,Left Guard,LG,NY Giants,16,74,28,Michigan,76,307,76,5,Agile - G,"https://ratings-images-prod.pulse.ea.com/madden-nfl-26/portraits/558.png?im=FaceCrop,padding=0.7",https://drop-assets.ea.com/images/5hloGwLNaCrg2IBn0CoWVb/b5996a802009a4252f992182bd9acf85/16.png,70,64,75,90,87,84,12,22,12,17,29,22,36,57,5,16,22,83,92,19,12,17,10,77,12,12,74,76,77,75,6,26,24,10,30,18,76,77,75,Default Stride Awkward,17,15,71,15,26,30,6,6,6,6,25,14,88,27,15
14699,Jordan,Morgan,Right Guard,RG,Green Bay Packers,20,74,24,Arizona,77,311,77,1,Power - G,"https://ratings-images-prod.pulse.ea.com/madden-nfl-26/portraits/10186.png?im=FaceCrop,padding=0.7",https://drop-assets.ea.com/images/4ztQk5XogdkrJe6reVd3h8/16ecf8a0f4caf228c6e54ad0f8e17425/20.png,80,62,70,86,87,76,19,31,13,18,40,15,27,56,9,21,37,85,88,21,12,19,10,83,16,13,74,78,76,80,9,29,25,10,22,15,75,77,73,Long Stride Awkward,15,15,71,15,27,35,11,15,21,8,23,7,83,29,18
23127,Jordan,Howden,Free Safety,FS,New Orleans Saints,27,74,25,Minnesota,72,209,31,2,Zone - S,"https://ratings-images-prod.pulse.ea.com/madden-nfl-26/portraits/2213.png?im=FaceCrop,padding=0.7",https://drop-assets.ea.com/images/5beev0Bk7MVWyDSbEqr75u/837fe770a82d43aa3028a13988d8baf3/27.png,93,88,93,90,58,71,67,52,12,51,55,57,65,84,30,35,84,51,92,68,9,10,60,23,69,37,74,30,30,30,6,69,41,65,73,32,30,35,35,Default Stride High and Tight,40,60,89,63,50,74,6,6,6,6,27,9,87,48,74
15176,Josaiah,Stewart,Left Edge,LEDG,Los Angeles Rams,24,74,22,Michigan,73,249,10,0,Power Rusher - DE,"https://ratings-images-prod.pulse.ea.com/madden-nfl-26/portraits/10741.png?im=FaceCrop,padding=0.7",https://drop-assets.ea.com/images/wS8JnLBEBj9eq68rO1qTb/b7b5285ad842936bc21bb149eb8c31b8/24.png,88,77,83,76,79,75,39,73,23,34,41,15,31,69,10,74,81,82,91,36,22,24,32,22,32,15,74,45,45,45,15,71,78,31,79,13,45,45,45,Default Stride Loose,20,15,82,27,35,79,8,10,20,18,22,20,89,36,41
21510,Joseph,Ossai,Right Edge,REDG,Cincinnati Bengals,2,74,25,Texas,76,263,58,4,Power Rusher - DE,"https://ratings-images-prod.pulse.ea.com/madden-nfl-26/portraits/1190.png?im=FaceCrop,padding=0.7",https://drop-assets.ea.com/images/5oemvWKqCFgBCkCI4h9A2U/0629c6d345fe01a14ba9f40554fd182e/2.png,90,80,90,75,80,70,42,73,12,25,57,43,53,65,5,71,84,84,85,34,38,45,10,17,45,5,74,45,45,45,6,66,78,47,79,15,45,45,45,Long Stride Default,10,46,84,30,37,79,6,6,6,6,24,10,85,39,54
22151,Josh,Paschal,Left Edge,LEDG,Detroit Lions,19,74,25,Kentucky,75,278,93,3,Run Stopper - DE,"https://ratings-images-prod.pulse.ea.com/madden-nfl-26/portraits/1877.png?im=FaceCrop,padding=0.7",https://drop-assets.ea.com/images/7cuE4tZcli1uQyZbvXWMrd/a2df9decdab28170691ca6631dd62139/19.png,91,72,89,80,85,70,36,79,12,31,42,38,38,65,25,57,82,87,88,34,12,19,10,38,32,29,74,45,45,45,6,68,72,37,82,31,45,45,45,Default Stride Loose,33,36,80,28,42,82,6,6,6,6,20,10,94,43,41
22217,Joshua,Williams,Cornerback,CB,Kansas City Chiefs,9,74,25,Fayetteville State,75,193,2,3,Zone - CB,"https://ratings-images-prod.pulse.ea.com/madden-nfl-26/portraits/2034.png?im=FaceCrop,padding=0.7",https://drop-assets.ea.com/images/3g9AewmTPjE4A7yc2tobiZ/20b6502896df3893414233cb5fe1b803/9.png,93,86,88,87,59,76,70,46,21,62,64,61,71,82,35,38,66,55,89,72,13,14,55,23,70,37,74,34,33,34,6,73,32,76,70,43,35,35,35,Long Stride Default,40,66,89,65,41,60,6,6,6,11,30,13,84,42,75
1165,Jowon,Briggs,Defensive Tackle,DT,NY Jets,18,74,24,Cincinnati,73,313,91,1,Power Rusher - DT,"https://ratings-images-prod.pulse.ea.com/madden-nfl-26/portraits/10368.png?im=FaceCrop,padding=0.7",https://drop-assets.ea.com/images/7M46e9acznPLjtJlC7FaWV/ef5cfc9e8306cbdae723a5f7e809b0fd/18.png,73,66,66,82,88,73,43,75,12,33,46,18,48,57,17,74,82,86,90,36,19,23,15,18,19,22,74,47,45,45,6,70,80,19,79,29,45,45,45,Long Stride Loose,15,15,72,32,45,84,6,6,6,6,21,10,88,56,27
15175,JT,Tuimoloau,Right Edge,REDG,Indianapolis Colts,10,74,22,Ohio State,76,264,91,0,Power Rusher - DE,"https://ratings-images-prod.pulse.ea.com/madden-nfl-26/portraits/10760.png?im=FaceCrop,padding=0.7",https://drop-assets.ea.com/images/5yTvAS7xG5Z8qw65gMLzSU/037cfcd90e26ee06666a24d762791f65/10.png,87,77,87,86,82,75,41,81,13,27,50,49,57,71,7,69,79,82,92,38,16,18,25,23,44,13,74,45,45,45,6,75,76,36,83,15,45,45,45,Long Stride Loose,17,49,80,35,39,77,7,17,24,9,20,15,92,31,53
21273,Justin,Strnad,Weak Backer,WILL,Denver Broncos,4,74,29,Wake Forest,75,235,40,5,Pass Coverage - OLB,"https://ratings-images-prod.pulse.ea.com/madden-nfl-26/portraits/593.png?im=FaceCrop,padding=0.7",https://drop-assets.ea.com/images/4AYKY9OcX1CYbyMFBnvM8/ac07a8ff525004f92014e3259708acdf/4.png,84,81,74,85,71,78,46,67,13,18,58,51,60,75,7,57,81,71,86,43,15,20,30,17,63,14,74,45,45,45,15,75,50,52,85,17,45,45,45,Default Stride Loose,24,57,88,35,39,85,10,10,15,15,30,14,77,29,68
15046,Kaleb,Johnson,Halfback,HB,Pittsburgh Steelers,29,74,22,Iowa,73,224,20,0,Elusive Back - HB,"https://ratings-images-prod.pulse.ea.com/madden-nfl-26/portraits/10612.png?im=FaceCrop,padding=0.7",https://drop-assets.ea.com/images/4k4tkEjxICBzmTan96wMKZ/1d5d9145ace8a359ac5423c8c3e5e2d8/29.png,90,92,72,82,76,65,83,34,18,83,89,57,66,90,44,34,32,39,89,79,17,32,75,34,33,50,74,51,44,45,15,36,32,25,37,45,38,33,35,Default,58,54,88,74,81,38,9,13,10,20,24,19,91,83,29
23054,Kei'Trel,Clark,Cornerback,CB,Arizona Cardinals,7,74,24,Louisville,70,181,13,2,Manto Man - CB,"https://ratings-images-prod.pulse.ea.com/madden-nfl-26/portraits/2022.png?im=FaceCrop,padding=0.7",https://drop-assets.ea.com/images/5NdzvrqrP3clJDBL6kdTmu/1f61914ff14c6f4be0240d71e622f9c6/7.png,95,90,83,88,51,74,80,39,15,77,59,57,73,87,36,30,55,39,85,79,11,15,77,15,75,35,74,20,20,20,6,72,21,63,68,26,21,21,21,Short Stride Loose,42,65,92,70,25,45,6,6,6,6,26,10,74,25,70
21628,Khalil,Herbert,Halfback,HB,NY Jets,18,74,27,Virginia Tech,69,212,31,4,Elusive Back - HB,"https://ratings-images-prod.pulse.ea.com/madden-nfl-26/portraits/1245.png?im=FaceCrop,padding=0.7",https://drop-assets.ea.com/images/7M46e9acznPLjtJlC7FaWV/ef5cfc9e8306cbdae723a5f7e809b0fd/18.png,87,86,81,86,73,73,82,28,22,80,93,47,66,81,45,10,24,35,85,86,12,18,85,32,10,53,74,62,33,36,16,15,10,14,35,44,35,26,19,Short Stride High and Tight,59,45,88,78,76,31,12,16,22,17,37,17,77,77,17
14767,Kris,Jenkins Jr,Defensive Tackle,DT,Cincinnati Bengals,2,74,23,Michigan,75,310,90,1,,"https://ratings-images-prod.pulse.ea.com/madden-nfl-26/portraits/10124.png?im=FaceCrop,padding=0.7",https://drop-assets.ea.com/images/5oemvWKqCFgBCkCI4h9A2U/0629c6d345fe01a14ba9f40554fd182e/2.png,80,67,74,83,87,68,40,78,13,35,44,35,46,55,3,66,82,86,90,38,23,24,10,20,24,5,74,40,40,40,6,71,72,20,78,12,45,45,45,Default Stride Awkward,10,38,75,30,47,83,7,10,13,6,22,15,90,50,28
21524,Levi,Onwuzurike,Defensive Tackle,DT,Detroit Lions,19,74,27,Washington,75,293,78,4,,"https://ratings-images-prod.pulse.ea.com/madden-nfl-26/portraits/850.png?im=FaceCrop,padding=0.7",https://drop-assets.ea.com/images/7cuE4tZcli1uQyZbvXWMrd/a2df9decdab28170691ca6631dd62139/19.png,82,74,74,78,87,74,41,76,12,21,32,20,28,64,4,76,79,83,83,29,10,15,40,17,21,8,74,45,45,45,6,72,68,19,77,13,45,45,45,Long Stride Loose,15,16,79,23,30,83,6,6,6,6,25,14,89,29,30
22180,Logan,Hall,Defensive Tackle,DT,Tampa Bay Buccaneers,6,74,25,Houston,78,283,90,3,,"https://ratings-images-prod.pulse.ea.com/madden-nfl-26/portraits/1750.png?im=FaceCrop,padding=0.7",https://drop-assets.ea.com/images/1L5Fn21WqZN9jcLucGYg4c/ce29db9b9b4775d4e8fc337bf5c65027/6.png,83,75,74,79,85,76,32,75,12,23,35,25,37,66,10,68,77,85,90,29,15,15,10,24,20,14,74,45,45,45,6,76,76,25,79,21,45,45,45,Long Stride Loose,21,32,76,25,41,81,6,6,6,6,28,13,86,42,28
21148,Logan,Wilson,Mike Backer,MIKE,Dallas Cowboys,11,74,29,Wyoming,74,245,55,5,Field General - MLB,"https://ratings-images-prod.pulse.ea.com/madden-nfl-26/portraits/675.png?im=FaceCrop,padding=0.7",https://drop-assets.ea.com/images/4fzYNoreZSo04KbSHo3Sqn/0855e78441c821f956abac278f04abb7/11.png,86,81,78,94,74,71,48,72,30,33,60,48,77,75,29,52,82,86,89,47,55,70,10,13,64,36,74,45,45,45,11,69,57,49,86,28,45,45,45,Default,41,65,84,40,39,86,12,16,21,25,30,26,90,44,72
21763,Mac,Jones,Quarterback,QB,San Francisco 49ers,15,74,26,Alabama,75,214,10,4,Field General - QB,"https://ratings-images-prod.pulse.ea.com/madden-nfl-26/portraits/1371.png?im=FaceCrop,padding=0.7",https://drop-assets.ea.com/images/1SoIzWJtk28ygwNAPEMRnf/deaee9a60ace23f7eaeaf4275c2282b0/15.png,81,81,75,82,60,77,73,20,54,36,65,15,28,75,12,10,13,19,90,52,29,41,10,32,10,14,74,14,14,14,83,16,10,10,20,15,32,23,20,Default,15,15,84,43,34,18,80,85,88,79,86,82,91,50,14
22460,Malcolm,Rodriguez,Sam Backer,SAM,Detroit Lions,19,74,26,Oklahoma St.,71,225,44,3,Run Stopper - OLB,"https://ratings-images-prod.pulse.ea.com/madden-nfl-26/portraits/1925.png?im=FaceCrop,padding=0.7",https://drop-assets.ea.com/images/7cuE4tZcli1uQyZbvXWMrd/a2df9decdab28170691ca6631dd62139/19.png,90,79,93,85,80,68,66,72,51,47,58,34,58,77,6,53,81,86,92,52,19,20,10,27,53,10,74,45,45,45,46,69,48,36,86,15,45,45,45,Short Stride Default,20,37,86,44,35,84,40,44,47,44,45,39,87,39,62
14962,Malik,Mustapha,Free Safety,FS,San Francisco 49ers,15,74,23,Wake Forest,70,206,6,1,Run Support - S,"https://ratings-images-prod.pulse.ea.com/madden-nfl-26/portraits/10191.png?im=FaceCrop,padding=0.7",https://drop-assets.ea.com/images/1SoIzWJtk28ygwNAPEMRnf/deaee9a60ace23f7eaeaf4275c2282b0/15.png,91,84,95,83,66,71,69,56,10,63,59,64,66,82,27,32,89,53,89,73,16,19,60,22,67,30,74,33,32,30,15,70,27,65,83,34,35,35,35,Default Stride Loose,33,59,88,69,42,73,10,10,15,15,23,11,89,39,73
13102,Marcus,Davenport,Right Edge,REDG,Detroit Lions,19,74,28,UTSA,78,285,92,7,Power Rusher - DE,"https://ratings-images-prod.pulse.ea.com/madden-nfl-26/portraits/8862.png?im=FaceCrop,padding=0.7",https://drop-assets.ea.com/images/7cuE4tZcli1uQyZbvXWMrd/a2df9decdab28170691ca6631dd62139/19.png,86,75,81,77,82,76,26,78,12,30,31,18,24,67,5,67,78,83,84,36,16,18,10,16,34,8,74,45,45,45,6,73,76,26,82,12,45,45,45,Long Stride Default,10,15,84,28,37,79,6,6,6,6,23,17,81,28,42
13366,Marquez,Valdes-Scantling,Wide Receiver,WR,Pittsburgh Steelers,29,74,30,USF,76,206,11,7,Deep Threat - WR,"https://ratings-images-prod.pulse.ea.com/madden-nfl-26/portraits/9091.png?im=FaceCrop,padding=0.7",https://drop-assets.ea.com/images/4k4tkEjxICBzmTan96wMKZ/1d5d9145ace8a359ac5423c8c3e5e2d8/29.png,92,86,79,83,63,71,78,27,19,70,74,80,82,83,79,10,22,53,87,76,19,15,75,28,10,76,74,32,22,27,10,19,10,14,30,77,50,16,21,Long Stride Default,74,84,93,70,47,29,10,15,20,15,24,17,78,47,17
15118,Mason,Taylor,Tight End,TE,NY Jets,18,74,21,LSU,77,246,85,0,Possession - TE,"https://ratings-images-prod.pulse.ea.com/madden-nfl-26/portraits/10750.png?im=FaceCrop,padding=0.7",https://drop-assets.ea.com/images/7M46e9acznPLjtJlC7FaWV/ef5cfc9e8306cbdae723a5f7e809b0fd/18.png,86,83,81,91,75,71,75,42,25,67,71,83,84,69,60,39,39,67,92,66,30,18,22,57,34,66,74,56,53,56,10,31,36,18,42,71,62,59,63,Long Stride Default,71,81,83,54,66,39,11,14,7,26,22,35,92,65,37
14953,Max,Melton,Cornerback,CB,Arizona Cardinals,7,74,23,Rutgers,71,187,16,1,Manto Man - CB,"https://ratings-images-prod.pulse.ea.com/madden-nfl-26/portraits/10178.png?im=FaceCrop,padding=0.7",https://drop-assets.ea.com/images/5NdzvrqrP3clJDBL6kdTmu/1f61914ff14c6f4be0240d71e622f9c6/7.png,94,85,94,88,60,69,68,45,10,65,55,65,77,85,10,37,73,52,92,74,12,15,65,21,73,15,74,25,19,16,6,72,33,74,75,35,35,21,21,Default Stride Loose,25,67,93,70,40,52,15,21,22,9,21,8,83,30,76
20492,Miles,Sanders,Halfback,HB,Dallas Cowboys,11,74,28,Penn State,71,210,24,6,Elusive Back - HB,"https://ratings-images-prod.pulse.ea.com/madden-nfl-26/portraits/9619.png?im=FaceCrop,padding=0.7",https://drop-assets.ea.com/images/4fzYNoreZSo04KbSHo3Sqn/0855e78441c821f956abac278f04abb7/11.png,91,87,86,88,69,76,80,26,23,76,85,54,66,86,52,10,22,46,85,81,12,16,77,34,12,59,74,52,27,30,16,19,10,15,36,59,36,25,26,Default,64,56,90,76,75,33,19,27,31,21,29,18,84,74,18
22256,Montaric,Brown,Cornerback,CB,Jacksonville Jaguars,17,74,26,Arkansas,72,190,30,3,Zone - CB,"https://ratings-images-prod.pulse.ea.com/madden-nfl-26/portraits/1214.png?im=FaceCrop,padding=0.7",https://drop-assets.ea.com/images/4s3Xa9huMY7IrNAc9h1TDa/9eb764bbfbbb6a2f651e3d44cdcfa103/17.png,90,78,82,89,57,78,60,49,16,49,61,56,70,79,32,34,52,53,90,68,14,17,45,23,76,36,74,35,35,35,6,76,27,72,71,39,35,35,35,Default Stride Loose,41,67,87,63,30,60,6,6,6,6,23,6,75,31,81
13188,Nathan,Shepherd,Defensive Tackle,DT,New Orleans Saints,27,74,31,Fort Hays State,76,315,93,7,,"https://ratings-images-prod.pulse.ea.com/madden-nfl-26/portraits/9057.png?im=FaceCrop,padding=0.7",https://drop-assets.ea.com/images/5beev0Bk7MVWyDSbEqr75u/837fe770a82d43aa3028a13988d8baf3/27.png,73,70,76,77,90,75,33,74,12,24,36,28,33,60,3,77,78,86,90,34,12,16,10,18,21,5,74,45,45,45,6,77,69,13,78,12,45,45,45,Long Stride Loose,10,27,73,34,46,82,6,6,6,6,30,17,89,49,27
21067,Nick,Westbrook-Ikhine,Wide Receiver,WR,Miami Dolphins,12,74,28,Indiana,74,211,18,5,Slot - WR,"https://ratings-images-prod.pulse.ea.com/madden-nfl-26/portraits/1539.png?im=FaceCrop,padding=0.7",https://drop-assets.ea.com/images/1rcCzp9f3OyZFzRBRFJVpC/8dc08dce09c05a748587769908cd710c/12.png,89,82,85,83,64,79,75,36,23,71,76,85,84,80,76,10,29,47,91,76,15,19,29,26,14,76,74,34,22,26,6,17,10,18,38,74,55,20,25,Default,78,83,90,71,51,32,10,15,20,15,31,20,84,54,19
21810,Noah,Gray,Tight End,TE,Kansas City Chiefs,9,74,26,Duke,75,240,83,4,Vertical Threat - TE,"https://ratings-images-prod.pulse.ea.com/madden-nfl-26/portraits/1085.png?im=FaceCrop,padding=0.7",https://drop-assets.ea.com/images/3g9AewmTPjE4A7yc2tobiZ/20b6502896df3893414233cb5fe1b803/9.png,89,85,85,85,69,73,74,36,34,67,78,78,89,71,58,10,30,61,91,67,18,23,28,50,14,63,74,60,60,56,30,19,10,15,43,66,61,60,58,Default Stride High and Tight,69,78,85,61,65,37,31,36,43,37,51,31,85,68,18
21414,P.J.,Locke,Strong Safety,SS,Denver Broncos,4,74,28,Texas,70,202,6,6,Zone - S,"https://ratings-images-prod.pulse.ea.com/madden-nfl-26/portraits/1475.png?im=FaceCrop,padding=0.7",https://drop-assets.ea.com/images/4AYKY9OcX1CYbyMFBnvM8/ac07a8ff525004f92014e3259708acdf/4.png,86,80,86,91,66,77,56,57,15,40,58,48,67,82,10,58,83,69,87,64,18,21,60,23,66,10,74,25,33,34,15,76,52,64,78,23,16,33,33,Default Stride Loose,20,62,89,57,47,69,10,10,15,15,27,18,89,31,74
21643,Robert,Hainsey,Center,C,Jacksonville Jaguars,17,74,27,Notre Dame,76,306,73,4,Power - C,"https://ratings-images-prod.pulse.ea.com/madden-nfl-26/portraits/848.png?im=FaceCrop,padding=0.7",https://drop-assets.ea.com/images/4s3Xa9huMY7IrNAc9h1TDa/9eb764bbfbbb6a2f651e3d44cdcfa103/17.png,69,64,69,85,87,82,10,33,16,12,34,21,22,49,5,15,23,81,89,10,11,13,10,79,13,5,74,77,76,78,6,20,25,10,29,13,78,78,78,Default Stride Awkward,15,15,64,10,19,25,6,6,6,6,21,11,91,24,11
11938,Sam,Martin,Punter,P,Carolina Panthers,21,74,35,Appalach. St.,73,211,6,12,Power - KP,"https://ratings-images-prod.pulse.ea.com/madden-nfl-26/portraits/6649.png?im=FaceCrop,padding=0.7",https://drop-assets.ea.com/images/4Klf6KKhbnVi5RaARK1OiL/13a917c75c0fbc4edb0eb018cb757d8d/21.png,71,55,65,85,46,63,15,10,17,10,48,10,45,50,10,10,12,15,92,10,78,89,10,15,10,10,74,20,15,15,15,15,10,10,35,12,25,15,15,Default Stride Awkward,10,12,76,10,10,24,15,15,15,18,41,13,75,10,25
15201,Shemar,Stewart,Left Edge,LEDG,Cincinnati Bengals,2,74,21,Texas AM,77,267,97,0,Power Rusher - DE,"https://ratings-images-prod.pulse.ea.com/madden-nfl-26/portraits/10742.png?im=FaceCrop,padding=0.7",https://drop-assets.ea.com/images/5oemvWKqCFgBCkCI4h9A2U/0629c6d345fe01a14ba9f40554fd182e/2.png,91,86,93,88,87,71,31,72,12,30,42,21,40,74,7,72,82,85,88,42,20,21,20,23,17,8,74,45,45,45,6,70,75,29,80,15,45,45,45,Default Stride Loose,15,21,86,40,37,72,5,6,7,6,19,13,88,34,24
1416,Spencer,Shrader,Kicker,K,Indianapolis Colts,10,74,26,Notre Dame,74,201,3,1,Power - KP,"https://ratings-images-prod.pulse.ea.com/madden-nfl-26/portraits/10964.png?im=FaceCrop,padding=0.7",https://drop-assets.ea.com/images/5yTvAS7xG5Z8qw65gMLzSU/037cfcd90e26ee06666a24d762791f65/10.png,65,60,59,78,42,58,15,11,14,10,29,12,32,51,7,10,16,19,87,10,84,94,10,12,11,8,74,13,13,13,20,10,10,10,21,12,12,12,12,Default Stride Awkward,10,15,67,10,15,25,21,28,33,18,28,17,63,14,12
23142,Tavius,Robinson,Left Edge,LEDG,Baltimore Ravens,25,74,26,Ole Miss,78,258,95,2,Power Rusher - DE,"https://ratings-images-prod.pulse.ea.com/madden-nfl-26/portraits/2374.png?im=FaceCrop,padding=0.7",https://drop-assets.ea.com/images/3zZnTQ4izXUrnVi3ryTBcm/a12a28ccd2af4c0a0930b58db73552a7/25.png,91,71,81,74,79,74,43,73,16,31,36,31,35,62,10,60,82,81,86,50,14,13,10,32,31,15,74,45,45,45,6,73,75,32,80,12,45,45,45,Long Stride Loose,20,35,84,45,43,85,6,6,6,6,20,16,77,32,38
12922,Taysom,Hill,Tight End,TE,New Orleans Saints,27,74,35,BYU,74,221,7,8,Vertical Threat - TE,"https://ratings-images-prod.pulse.ea.com/madden-nfl-26/portraits/9202.png?im=FaceCrop,padding=0.7",https://drop-assets.ea.com/images/5beev0Bk7MVWyDSbEqr75u/837fe770a82d43aa3028a13988d8baf3/27.png,88,82,90,86,82,72,95,54,81,82,78,77,79,82,57,53,68,75,85,85,54,69,79,63,53,62,74,58,54,56,79,41,44,45,68,66,61,56,59,Short Stride Default,67,78,89,79,86,57,74,74,81,79,84,75,95,86,59
21238,Tershawn,Wharton,Defensive Tackle,DT,Carolina Panthers,21,74,27,Missouri University of Science & Technology,73,280,99,5,,"https://ratings-images-prod.pulse.ea.com/madden-nfl-26/portraits/1088.png?im=FaceCrop,padding=0.7",https://drop-assets.ea.com/images/4Klf6KKhbnVi5RaARK1OiL/13a917c75c0fbc4edb0eb018cb757d8d/21.png,83,72,76,81,87,77,16,75,12,17,27,10,36,60,3,74,80,81,89,17,20,20,10,22,19,5,74,45,45,45,6,76,64,10,79,12,45,45,45,Default Stride Loose,10,24,79,13,24,80,6,6,6,6,25,10,88,35,29
15031,Trevin,Wallace,Mike Backer,MIKE,Carolina Panthers,21,74,22,Kentucky,74,241,32,1,Pass Coverage - MLB,"https://ratings-images-prod.pulse.ea.com/madden-nfl-26/portraits/10284.png?im=FaceCrop,padding=0.7",https://drop-assets.ea.com/images/4Klf6KKhbnVi5RaARK1OiL/13a917c75c0fbc4edb0eb018cb757d8d/21.png,88,81,89,83,70,73,64,73,51,50,64,57,66,75,12,67,83,80,90,66,20,21,50,31,69,24,74,40,34,35,37,69,62,65,84,26,45,44,45,Default Stride Loose,38,62,89,63,65,85,42,44,47,44,50,35,85,67,70
20916,Tua,Tagovailoa,Quarterback,QB,Miami Dolphins,12,74,27,Alabama,73,220,1,5,Field General - QB,"https://ratings-images-prod.pulse.ea.com/madden-nfl-26/portraits/600.png?im=FaceCrop,padding=0.7",https://drop-assets.ea.com/images/1rcCzp9f3OyZFzRBRFJVpC/8dc08dce09c05a748587769908cd710c/12.png,84,78,73,84,61,70,79,23,79,70,68,19,32,79,11,10,25,27,83,70,14,21,10,19,11,15,74,16,13,13,89,18,10,10,32,16,22,14,20,Default Stride Loose,19,20,83,62,52,28,86,82,90,83,87,83,93,54,17
20734,Ty,Johnson,Halfback,HB,Buffalo Bills,3,74,27,Maryland,70,210,26,6,Elusive Back - HB,"https://ratings-images-prod.pulse.ea.com/madden-nfl-26/portraits/136.png?im=FaceCrop,padding=0.7",https://drop-assets.ea.com/images/212FXcpkDUjs9ZJpZ038pM/676904f80719bc724267b7eb5609c6af/3.png,89,86,82,85,64,80,79,24,20,76,91,54,67,84,51,10,28,31,90,80,16,13,81,29,12,56,74,51,28,25,13,15,10,15,34,47,31,23,17,Default,65,52,90,73,71,31,10,15,20,15,23,11,79,65,15
14866,Tyler,Davis,Defensive Tackle,DT,Los Angeles Rams,24,74,24,Clemson,74,300,90,1,,"https://ratings-images-prod.pulse.ea.com/madden-nfl-26/portraits/10380.png?im=FaceCrop,padding=0.7",https://drop-assets.ea.com/images/wS8JnLBEBj9eq68rO1qTb/b7b5285ad842936bc21bb149eb8c31b8/24.png,78,60,71,85,89,65,31,77,23,35,40,15,22,51,4,67,83,86,88,37,17,23,8,11,17,4,74,23,18,25,15,70,72,10,78,13,45,45,45,Default Stride Awkward,4,15,72,23,24,87,17,16,13,11,12,15,87,25,19
22882,Tyler,Steen,Right Guard,RG,Philadelphia Eagles,13,74,25,Alabama,78,321,56,2,Agile - G,"https://ratings-images-prod.pulse.ea.com/madden-nfl-26/portraits/2409.png?im=FaceCrop,padding=0.7",https://drop-assets.ea.com/images/1Nt5pFCpjcBcADzHRbwfIk/ce90f9cb564aef7cc30cf1dd88c84150/13.png,73,59,73,85,91,76,23,52,10,10,23,10,24,59,6,45,51,83,94,10,11,12,10,69,12,8,74,79,80,77,6,47,51,10,53,12,77,79,75,Long Stride Awkward,10,15,64,10,17,48,6,8,10,6,26,7,85,22,13
21170,Tyler,Bass,Kicker,K,Buffalo Bills,3,74,28,Ga. Southern,70,183,2,5,Power - KP,"https://ratings-images-prod.pulse.ea.com/madden-nfl-26/portraits/85.png?im=FaceCrop,padding=0.7",https://drop-assets.ea.com/images/212FXcpkDUjs9ZJpZ038pM/676904f80719bc724267b7eb5609c6af/3.png,81,62,65,87,40,59,10,13,15,5,33,10,35,55,10,10,12,12,87,10,77,97,10,12,12,10,74,17,17,17,20,10,10,10,31,12,12,12,12,Short Stride Awkward,10,12,85,10,10,29,25,30,35,20,27,14,60,10,12
14931,Tyler,Nubin,Strong Safety,SS,NY Giants,16,74,24,Minnesota,74,210,27,1,Run Support - S,"https://ratings-images-prod.pulse.ea.com/madden-nfl-26/portraits/10197.png?im=FaceCrop,padding=0.7",https://drop-assets.ea.com/images/5hloGwLNaCrg2IBn0CoWVb/b5996a802009a4252f992182bd9acf85/16.png,85,82,77,90,62,78,67,69,19,61,63,68,77,83,13,49,85,76,92,68,20,20,45,45,73,15,74,40,37,36,10,79,48,72,75,21,45,41,41,Default Stride Loose,15,72,87,64,45,68,7,8,10,7,25,5,89,55,76
14652,Xavier,Legette,Wide Receiver,WR,Carolina Panthers,21,74,24,South Carolina,73,221,17,1,,"https://ratings-images-prod.pulse.ea.com/madden-nfl-26/portraits/10156.png?im=FaceCrop,padding=0.7",https://drop-assets.ea.com/images/4Klf6KKhbnVi5RaARK1OiL/13a917c75c0fbc4edb0eb018cb757d8d/21.png,93,89,92,85,73,67,83,36,46,78,75,83,81,86,74,11,33,57,89,82,19,23,81,34,23,72,74,47,32,35,31,23,11,22,41,71,53,41,33,Long Stride Default,72,83,93,75,66,38,25,32,38,42,48,33,84,59,28
12821,Zane,Gonzalez,Kicker,K,Atlanta Falcons,14,74,30,Arizona St.,72,202,45,8,Power - KP,"https://ratings-images-prod.pulse.ea.com/madden-nfl-26/portraits/8569.png?im=FaceCrop,padding=0.7",https://drop-assets.ea.com/images/3NTxf2X9VWdF6aL91pHAVu/6002a1f3e761a58c3b00f0e08bdccf5f/14.png,76,55,50,83,45,57,25,17,18,18,23,17,28,50,16,10,17,10,81,31,86,94,10,10,12,16,74,16,10,10,18,12,10,10,19,13,24,10,10,Default Stride Awkward,16,14,72,23,15,24,24,28,33,26,29,11,62,24,12
21544,Aaron,Banks,Left Guard,LG,Green Bay Packers,20,73,27,Notre Dame,77,325,65,4,Power - G,"https://ratings-images-prod.pulse.ea.com/madden-nfl-26/portraits/756.png?im=FaceCrop,padding=0.7",https://drop-assets.ea.com/images/4ztQk5XogdkrJe6reVd3h8/16ecf8a0f4caf228c6e54ad0f8e17425/20.png,58,60,76,85,87,83,10,15,12,5,31,10,30,50,5,10,29,82,85,10,22,19,10,80,12,5,73,74,72,76,6,10,10,10,25,12,76,76,76,Default Stride Awkward,10,12,60,10,25,25,6,6,6,6,25,14,85,23,15
12950,Adam,Butler,Defensive Tackle,DT,Las Vegas Raiders,23,73,31,Vanderbilt,76,300,69,8,,"https://ratings-images-prod.pulse.ea.com/madden-nfl-26/portraits/9151.png?im=FaceCrop,padding=0.7",https://drop-assets.ea.com/images/5ZrNmFWgR1vnwTOdqVmwYy/fe13aa7566120fb59130404e168c59ca/23.png,63,63,71,80,85,85,18,76,12,10,31,33,36,51,6,60,80,87,91,18,16,15,10,34,26,10,73,45,45,45,6,84,74,26,79,15,45,45,45,Default Stride Awkward,18,29,70,12,27,81,6,6,6,6,20,10,87,26,29
22778,Andrei,Iosivas,Wide Receiver,WR,Cincinnati Bengals,2,73,25,Princeton,75,210,80,2,,"https://ratings-images-prod.pulse.ea.com/madden-nfl-26/portraits/2229.png?im=FaceCrop,padding=0.7",https://drop-assets.ea.com/images/5oemvWKqCFgBCkCI4h9A2U/0629c6d345fe01a14ba9f40554fd182e/2.png,91,89,90,87,67,76,81,28,27,76,73,80,82,87,77,11,22,35,88,75,21,24,50,17,10,75,73,22,15,19,21,15,10,16,31,66,34,11,18,Long Stride Loose,74,78,92,71,54,28,10,15,20,19,30,22,86,50,10
17655,Andrew,Billings,Defensive Tackle,DT,Chicago Bears,1,73,30,Baylor,73,340,97,9,,"https://ratings-images-prod.pulse.ea.com/madden-nfl-26/portraits/7895.png?im=FaceCrop,padding=0.7",https://drop-assets.ea.com/images/6jaEsYrn1V45DziwibpsDk/ed66ad67e63f08a3a7c25ce951dbf5b9/1.png,68,62,69,72,89,75,28,76,12,17,28,14,26,51,3,56,80,82,86,23,19,23,9,28,18,5,73,44,45,44,6,77,74,13,75,15,45,45,46,Default Stride Awkward,13,16,70,17,32,83,6,6,6,6,24,10,78,43,26
12598,Anthony,Walker Jr,Weak Backer,WILL,Tampa Bay Buccaneers,6,73,30,Northwestern,73,235,3,8,Run Stopper - OLB,"https://ratings-images-prod.pulse.ea.com/madden-nfl-26/portraits/8764.png?im=FaceCrop,padding=0.7",https://drop-assets.ea.com/images/1L5Fn21WqZN9jcLucGYg4c/ce29db9b9b4775d4e8fc337bf5c65027/6.png,86,77,75,90,78,79,60,70,12,29,61,63,69,70,6,53,77,79,92,48,22,14,10,19,55,14,73,45,45,45,6,78,58,45,82,18,45,45,45,Default,24,61,85,32,53,84,6,6,6,6,24,10,96,39,61
12418,Antonio,Hamilton Sr,Cornerback,CB,Washington Commanders,26,73,32,S.C. State,72,195,34,8,Manto Man - CB,"https://ratings-images-prod.pulse.ea.com/madden-nfl-26/portraits/8336.png?im=FaceCrop,padding=0.7",https://drop-assets.ea.com/images/42h6FyIuthDAiH4cTWUXRH/bb952a9252013b5bfdf77ac3f4011601/RatingsteamcrestWashingtonCommanders256.png,89,82,88,86,59,76,72,45,13,63,68,43,65,81,15,33,59,45,91,78,19,23,80,15,77,22,73,13,35,35,6,74,22,66,74,31,19,35,35,Short Stride Default,32,60,90,73,44,61,6,6,6,6,27,10,79,43,73
15182,Ashton,Gillotte,Right Edge,REDG,Kansas City Chiefs,9,73,22,Louisville,75,264,97,0,Run Stopper - DE,"https://ratings-images-prod.pulse.ea.com/madden-nfl-26/portraits/10561.png?im=FaceCrop,padding=0.7",https://drop-assets.ea.com/images/3g9AewmTPjE4A7yc2tobiZ/20b6502896df3893414233cb5fe1b803/9.png,90,83,87,84,78,72,30,81,18,29,38,25,35,72,7,66,80,86,90,37,21,24,28,29,27,8,73,45,45,45,15,69,74,25,79,12,45,45,45,Long Stride Loose,15,25,84,32,32,79,7,10,15,12,27,15,91,30,36
21152,Ashtyn,Davis,Strong Safety,SS,Miami Dolphins,12,73,28,California,73,202,21,5,Zone - S,"https://ratings-images-prod.pulse.ea.com/madden-nfl-26/portraits/235.png?im=FaceCrop,padding=0.7",https://drop-assets.ea.com/images/1rcCzp9f3OyZFzRBRFJVpC/8dc08dce09c05a748587769908cd710c/12.png,92,88,88,86,60,76,74,49,20,61,64,57,74,83,30,32,83,63,85,78,17,18,81,10,68,35,73,30,34,33,6,75,26,64,71,29,35,34,33,Default Stride Loose,44,68,92,67,51,61,14,6,6,6,37,10,92,47,73
14875,Austin,Booker,Left Edge,LEDG,Chicago Bears,1,73,22,Kansas,77,245,94,1,Smaller Speed Rusher - DE,"https://ratings-images-prod.pulse.ea.com/madden-nfl-26/portraits/10016.png?im=FaceCrop,padding=0.7",https://drop-assets.ea.com/images/6jaEsYrn1V45DziwibpsDk/ed66ad67e63f08a3a7c25ce951dbf5b9/1.png,83,74,79,75,76,78,47,73,12,29,34,34,34,69,6,77,75,80,90,46,22,21,10,16,38,10,73,45,45,45,6,76,69,36,79,24,45,45,45,Default Stride Loose,17,30,79,32,44,82,6,6,6,6,25,15,83,36,45
15007,Austin,McNamara,Punter,P,NY Jets,18,73,24,Texas Tech,77,204,14,1,Power - KP,"https://ratings-images-prod.pulse.ea.com/madden-nfl-26/portraits/10938.png?im=FaceCrop,padding=0.7",https://drop-assets.ea.com/images/7M46e9acznPLjtJlC7FaWV/ef5cfc9e8306cbdae723a5f7e809b0fd/18.png,80,68,76,83,45,54,53,21,22,38,40,20,40,63,15,10,15,12,90,49,85,93,50,6,15,15,73,18,5,5,23,27,10,22,26,15,15,6,6,Long Stride Awkward,15,23,76,48,41,25,51,54,55,40,42,24,78,38,25
13332,Avonte,Maddox,Free Safety,FS,Detroit Lions,19,73,29,Pittsburgh,69,184,29,7,Hybrid - S,"https://ratings-images-prod.pulse.ea.com/madden-nfl-26/portraits/8977.png?im=FaceCrop,padding=0.7",https://drop-assets.ea.com/images/7cuE4tZcli1uQyZbvXWMrd/a2df9decdab28170691ca6631dd62139/19.png,92,91,88,87,55,72,73,44,12,48,62,65,71,93,24,39,61,45,81,83,10,19,74,15,72,27,73,35,35,40,6,72,25,74,71,27,40,35,35,Short Stride Loose,37,67,89,66,34,59,6,6,6,6,27,10,77,25,77
21509,Azeez,Ojulari,Left Edge,LEDG,Philadelphia Eagles,13,73,25,Georgia,75,240,13,4,Smaller Speed Rusher - DE,"https://ratings-images-prod.pulse.ea.com/madden-nfl-26/portraits/1032.png?im=FaceCrop,padding=0.7",https://drop-assets.ea.com/images/1Nt5pFCpjcBcADzHRbwfIk/ce90f9cb564aef7cc30cf1dd88c84150/13.png,90,80,74,83,77,70,48,74,12,33,53,44,50,73,19,74,80,87,79,46,12,14,10,29,43,24,73,45,45,45,6,73,67,32,81,31,45,45,45,Default Stride Loose,29,48,85,39,40,76,6,6,6,6,23,14,82,33,51
15332,Billy,Bowman Jr,Cornerback,CB,Atlanta Falcons,14,73,22,Oklahoma,70,192,33,0,Zone - CB,"https://ratings-images-prod.pulse.ea.com/madden-nfl-26/portraits/10496.png?im=FaceCrop,padding=0.7",https://drop-assets.ea.com/images/3NTxf2X9VWdF6aL91pHAVu/6002a1f3e761a58c3b00f0e08bdccf5f/14.png,92,89,85,90,61,70,66,52,15,54,62,59,70,88,27,38,75,58,90,64,15,19,81,25,71,31,73,35,35,35,6,67,38,66,78,34,35,35,35,Default Stride High and Tight,36,62,92,58,44,63,6,6,6,6,24,12,90,46,76
23337,Blake,Grupe,Kicker,K,Indianapolis Colts,10,73,26,Notre Dame,67,160,10,2,Power - KP,"https://ratings-images-prod.pulse.ea.com/madden-nfl-26/portraits/4804.png?im=FaceCrop,padding=0.7",https://drop-assets.ea.com/images/5yTvAS7xG5Z8qw65gMLzSU/037cfcd90e26ee06666a24d762791f65/10.png,75,64,63,82,28,59,23,11,14,14,23,19,32,52,12,10,21,15,87,21,78,94,10,10,15,15,73,20,17,17,20,15,10,10,27,16,20,16,16,Short Stride Awkward,20,17,76,15,10,24,20,21,31,24,27,15,54,11,14
14768,Brandon,Dorlus,Defensive Tackle,DT,Atlanta Falcons,14,73,24,Oregon,75,283,54,1,,"https://ratings-images-prod.pulse.ea.com/madden-nfl-26/portraits/10058.png?im=FaceCrop,padding=0.7",https://drop-assets.ea.com/images/3NTxf2X9VWdF6aL91pHAVu/6002a1f3e761a58c3b00f0e08bdccf5f/14.png,82,70,75,85,84,73,28,79,12,12,26,17,35,52,3,72,81,87,88,29,19,21,9,14,22,6,73,44,44,45,6,70,77,23,78,17,44,45,44,Default Stride Awkward,13,20,77,25,31,79,6,6,6,6,22,16,89,38,29
15034,Brashard,Smith,Halfback,HB,Kansas City Chiefs,9,73,22,SMU,70,194,24,0,Elusive Back - HB,"https://ratings-images-prod.pulse.ea.com/madden-nfl-26/portraits/10735.png?im=FaceCrop,padding=0.7",https://drop-assets.ea.com/images/3g9AewmTPjE4A7yc2tobiZ/20b6502896df3893414233cb5fe1b803/9.png,93,84,79,83,64,69,79,29,18,76,87,60,69,85,58,25,24,29,87,81,18,18,85,27,20,63,73,50,12,21,20,29,23,22,39,62,33,25,24,Default,66,63,93,77,69,27,10,15,21,21,25,18,85,55,24
22135,Braxton,Jones,Left Tackle,LT,Chicago Bears,1,73,26,Southern Utah,77,303,70,3,Pass Protector - OT,"https://ratings-images-prod.pulse.ea.com/madden-nfl-26/portraits/1787.png?im=FaceCrop,padding=0.7",https://drop-assets.ea.com/images/6jaEsYrn1V45DziwibpsDk/ed66ad67e63f08a3a7c25ce951dbf5b9/1.png,81,65,68,85,88,82,15,46,12,15,35,18,26,56,10,40,35,86,92,10,26,30,10,77,10,12,73,78,80,76,6,34,44,10,48,13,73,71,76,Long Stride Awkward,16,23,73,10,21,40,6,6,6,6,22,10,75,25,12
15330,Caleb,Ransaw,Free Safety,FS,Jacksonville Jaguars,17,73,22,Tulane,72,197,27,0,Hybrid - S,"https://ratings-images-prod.pulse.ea.com/madden-nfl-26/portraits/10699.png?im=FaceCrop,padding=0.7",https://drop-assets.ea.com/images/4s3Xa9huMY7IrNAc9h1TDa/9eb764bbfbbb6a2f651e3d44cdcfa103/17.png,96,86,93,88,62,68,62,54,15,47,59,53,67,86,13,35,74,58,87,66,17,21,42,25,68,15,73,35,35,35,6,64,38,63,77,22,35,35,35,Default Stride Loose,25,60,95,60,42,68,6,6,6,6,24,12,88,38,72
14960,Cam,Hart,Cornerback,CB,Los Angeles Chargers,8,73,24,Notre Dame,74,207,20,1,Manto Man - CB,"https://ratings-images-prod.pulse.ea.com/madden-nfl-26/portraits/10103.png?im=FaceCrop,padding=0.7",https://drop-assets.ea.com/images/1nyokQ4GLHKjmDL5IorxkB/29267d1765bd7f27730a007e1b070ec4/8.png,92,80,93,85,59,69,75,61,32,67,66,65,70,81,48,32,72,61,86,75,22,21,65,25,74,51,73,35,32,31,26,68,23,76,73,60,35,35,35,Long Stride Loose,56,68,91,71,48,67,25,31,33,31,32,10,86,53,77
14778,Cam,Ward,Quarterback,QB,Tennessee Titans,30,73,23,Miami,74,219,1,0,Scrambler - QB,"https://ratings-images-prod.pulse.ea.com/madden-nfl-26/portraits/10768.png?im=FaceCrop,padding=0.7",https://drop-assets.ea.com/images/2YxvlDMaJsJwNQ4lS7qdCQ/d850f60dcbdcd71fb162eb55a46c7969/30.png,85,83,80,92,66,62,73,40,89,63,65,28,49,81,19,39,34,30,93,62,28,24,28,32,33,17,73,26,33,36,82,32,38,33,24,25,32,33,33,Default Stride Loose,35,33,82,64,41,35,79,78,85,87,91,80,94,41,35
12557,Cam,Robinson,Left Tackle,LT,Cleveland Browns,5,73,29,Alabama,78,335,68,8,Power - OT,"https://ratings-images-prod.pulse.ea.com/madden-nfl-26/portraits/8705.png?im=FaceCrop,padding=0.7",https://drop-assets.ea.com/images/4qbblHggBjaH9o46kyGeFo/27cab0f308b54edbd469e9b20cb506f7/5.png,67,58,66,89,90,88,14,38,12,8,27,26,32,51,7,26,42,87,89,18,28,19,8,72,11,13,73,77,75,79,6,26,33,12,33,18,71,69,73,Default Stride Awkward,23,22,69,14,26,29,6,6,6,6,15,13,94,27,17
14966,Chau,Smith-Wade,Cornerback,CB,Carolina Panthers,21,73,22,Wash. St.,71,176,26,1,Slot - CB,"https://ratings-images-prod.pulse.ea.com/madden-nfl-26/portraits/10252.png?im=FaceCrop,padding=0.7",https://drop-assets.ea.com/images/4Klf6KKhbnVi5RaARK1OiL/13a917c75c0fbc4edb0eb018cb757d8d/21.png,92,86,83,85,57,73,64,42,10,59,50,47,69,84,11,27,51,42,88,71,27,29,56,15,72,16,73,10,34,33,6,72,26,65,73,27,15,34,33,Default Stride Loose,26,54,88,67,31,71,9,14,17,9,27,11,85,26,75
21874,Chauncey,Golston,Left Edge,LEDG,NY Giants,16,73,27,Iowa,77,268,57,4,Run Stopper - DE,"https://ratings-images-prod.pulse.ea.com/madden-nfl-26/portraits/1073.png?im=FaceCrop,padding=0.7",https://drop-assets.ea.com/images/5hloGwLNaCrg2IBn0CoWVb/b5996a802009a4252f992182bd9acf85/16.png,86,71,84,81,81,74,38,77,12,31,49,49,65,63,6,68,79,81,91,33,10,10,10,15,28,10,73,45,45,45,6,76,75,23,79,14,45,45,45,Long Stride Default,30,51,78,32,34,82,6,6,6,6,23,14,86,37,39
14895,Chris,Braswell,Right Edge,REDG,Tampa Bay Buccaneers,6,73,23,Alabama,75,255,43,1,Power Rusher - DE,"https://ratings-images-prod.pulse.ea.com/madden-nfl-26/portraits/10021.png?im=FaceCrop,padding=0.7",https://drop-assets.ea.com/images/1L5Fn21WqZN9jcLucGYg4c/ce29db9b9b4775d4e8fc337bf5c65027/6.png,90,78,81,79,79,71,51,74,12,33,48,37,51,64,2,72,78,81,90,46,17,15,10,17,41,3,73,45,45,45,6,70,75,25,78,12,45,45,45,Long Stride Loose,10,41,86,39,29,82,6,6,6,6,31,17,84,39,47
23287,Christian,Izien,Cornerback,CB,Tampa Bay Buccaneers,6,73,25,Rutgers,69,200,29,2,Slot - CB,"https://ratings-images-prod.pulse.ea.com/madden-nfl-26/portraits/10917.png?im=FaceCrop,padding=0.7",https://drop-assets.ea.com/images/1L5Fn21WqZN9jcLucGYg4c/ce29db9b9b4775d4e8fc337bf5c65027/6.png,90,85,95,86,52,75,62,46,12,44,57,56,68,83,39,44,77,45,93,70,11,12,64,15,71,45,73,30,30,30,29,77,34,64,79,32,30,30,30,Short Stride Loose,48,63,92,63,33,66,22,25,26,22,25,22,85,31,73
21358,Christian,Rozeboom,Weak Backer,WILL,Carolina Panthers,21,73,28,S. Dakota St.,74,230,56,5,Pass Coverage - OLB,"https://ratings-images-prod.pulse.ea.com/madden-nfl-26/portraits/1040.png?im=FaceCrop,padding=0.7",https://drop-assets.ea.com/images/4Klf6KKhbnVi5RaARK1OiL/13a917c75c0fbc4edb0eb018cb757d8d/21.png,86,77,80,84,67,83,47,69,12,30,50,33,70,70,5,57,80,75,88,50,20,16,10,21,61,5,73,45,45,45,6,82,51,46,84,12,45,45,45,Default Stride Loose,26,37,82,37,42,83,6,6,6,6,22,15,84,37,67
22682,Christian,Elliss,Weak Backer,WILL,New England Patriots,22,73,26,Idaho,75,231,53,4,Run Stopper - OLB,"https://ratings-images-prod.pulse.ea.com/madden-nfl-26/portraits/3136.png?im=FaceCrop,padding=0.7",https://drop-assets.ea.com/images/6Z0rWjQfkWgvj8K58X0WfA/aaaaa7e6c313bdfc5e624309ba6dfc4e/22.png,86,82,85,78,74,75,41,71,14,29,59,48,58,70,5,59,86,75,89,39,12,11,10,37,56,5,73,45,45,45,6,78,68,44,83,12,45,45,45,Default Stride High and Tight,15,51,85,40,42,82,6,6,6,6,21,10,84,40,59
20567,Clelin,Ferrell,Right Edge,REDG,San Francisco 49ers,15,73,28,Clemson,76,265,96,6,Run Stopper - DE,"https://ratings-images-prod.pulse.ea.com/madden-nfl-26/portraits/9455.png?im=FaceCrop,padding=0.7",https://drop-assets.ea.com/images/1SoIzWJtk28ygwNAPEMRnf/deaee9a60ace23f7eaeaf4275c2282b0/15.png,84,75,81,74,83,77,23,75,12,13,30,18,46,66,3,75,80,84,89,26,13,19,10,16,27,7,73,45,45,45,6,75,66,23,81,14,45,45,45,Long Stride Loose,14,16,83,22,28,79,6,6,6,6,26,10,85,30,35
20951,Colby,Parkinson,Tight End,TE,Los Angeles Rams,24,73,26,Stanford,79,251,84,5,Possession - TE,"https://ratings-images-prod.pulse.ea.com/madden-nfl-26/portraits/504.png?im=FaceCrop,padding=0.7",https://drop-assets.ea.com/images/wS8JnLBEBj9eq68rO1qTb/b7b5285ad842936bc21bb149eb8c31b8/24.png,83,78,84,81,73,78,71,47,12,52,78,77,86,68,58,20,46,64,86,58,16,21,41,47,16,66,73,62,61,58,6,46,20,19,47,68,63,62,59,Long Stride Default,71,82,82,52,62,48,6,10,15,10,23,13,84,61,22
22137,Cole,Strange,Right Guard,RG,Miami Dolphins,12,73,27,Tenn-Chat,77,305,69,3,Agile - G,"https://ratings-images-prod.pulse.ea.com/madden-nfl-26/portraits/1958.png?im=FaceCrop,padding=0.7",https://drop-assets.ea.com/images/1rcCzp9f3OyZFzRBRFJVpC/8dc08dce09c05a748587769908cd710c/12.png,79,68,70,84,87,77,35,34,16,32,47,42,43,59,30,37,45,81,89,30,20,20,10,84,10,34,73,71,74,70,6,39,38,10,43,44,74,78,77,Long Stride Awkward,36,39,71,26,42,42,6,6,6,6,21,11,90,36,10
21663,Damar,Hamlin,Free Safety,FS,Buffalo Bills,3,73,27,Pittsburgh,72,200,3,4,Zone - S,"https://ratings-images-prod.pulse.ea.com/madden-nfl-26/portraits/1254.png?im=FaceCrop,padding=0.7",https://drop-assets.ea.com/images/212FXcpkDUjs9ZJpZ038pM/676904f80719bc724267b7eb5609c6af/3.png,92,86,84,91,62,75,66,52,14,49,63,62,70,77,31,38,72,61,87,68,20,20,51,32,61,33,73,35,35,35,6,74,33,62,83,38,35,35,35,Default Stride Loose,37,65,88,63,45,70,6,6,6,6,25,18,78,42,71
21655,Dan,Moore,Left Tackle,LT,Tennessee Titans,30,73,26,Texas AM,77,315,75,4,Agile - OT,"https://ratings-images-prod.pulse.ea.com/madden-nfl-26/portraits/786.png?im=FaceCrop,padding=0.7",https://drop-assets.ea.com/images/2YxvlDMaJsJwNQ4lS7qdCQ/d850f60dcbdcd71fb162eb55a46c7969/30.png,65,65,75,90,88,81,15,29,12,8,36,11,27,55,5,16,31,83,92,10,12,19,10,82,12,5,73,74,76,72,6,31,21,10,25,12,77,78,76,Default Stride Awkward,13,15,65,10,20,36,6,6,6,6,13,10,78,35,13
21122,DaVon,Hamilton,Defensive Tackle,DT,Jacksonville Jaguars,17,73,28,Ohio State,76,335,52,5,,"https://ratings-images-prod.pulse.ea.com/madden-nfl-26/portraits/317.png?im=FaceCrop,padding=0.7",https://drop-assets.ea.com/images/4s3Xa9huMY7IrNAc9h1TDa/9eb764bbfbbb6a2f651e3d44cdcfa103/17.png,68,65,73,76,91,74,23,76,12,14,36,19,26,53,5,60,79,86,88,26,19,18,9,33,16,6,73,44,44,46,6,76,72,19,78,17,45,45,44,Long Stride Loose,14,18,70,22,34,79,6,6,6,6,22,11,87,38,23
21692,Dayo,Odeyingbo,Right Edge,REDG,Chicago Bears,1,73,25,Vanderbilt,77,282,55,4,Smaller Speed Rusher - DE,"https://ratings-images-prod.pulse.ea.com/madden-nfl-26/portraits/799.png?im=FaceCrop,padding=0.7",https://drop-assets.ea.com/images/6jaEsYrn1V45DziwibpsDk/ed66ad67e63f08a3a7c25ce951dbf5b9/1.png,84,79,83,81,84,71,44,76,12,28,44,29,45,65,14,76,81,86,89,36,15,15,10,17,23,19,73,45,45,45,6,68,68,22,81,24,45,45,45,Long Stride Default,26,31,80,29,36,82,6,6,6,6,26,13,87,36,35
22628,Dee,Alford,Cornerback,CB,Atlanta Falcons,14,73,27,Tusculum College,71,175,20,4,Manto Man - CB,"https://ratings-images-prod.pulse.ea.com/madden-nfl-26/portraits/6051.png?im=FaceCrop,padding=0.7",https://drop-assets.ea.com/images/3NTxf2X9VWdF6aL91pHAVu/6002a1f3e761a58c3b00f0e08bdccf5f/14.png,90,85,85,85,49,74,78,43,12,67,60,62,71,84,21,33,51,37,88,74,15,14,75,15,75,25,73,13,34,33,6,73,30,67,70,33,18,34,33,Default Stride Loose,30,72,89,67,32,66,6,6,6,6,22,12,78,33,76
15245,Demetrius,Knight Jr,Weak Backer,WILL,Cincinnati Bengals,2,73,25,South Carolina,74,240,44,0,Run Stopper - OLB,"https://ratings-images-prod.pulse.ea.com/madden-nfl-26/portraits/10627.png?im=FaceCrop,padding=0.7",https://drop-assets.ea.com/images/5oemvWKqCFgBCkCI4h9A2U/0629c6d345fe01a14ba9f40554fd182e/2.png,87,80,77,89,72,75,51,72,38,37,63,57,65,75,26,65,86,76,90,55,20,22,10,24,59,31,73,45,45,45,22,74,62,47,83,32,45,45,45,Default Stride High and Tight,34,59,86,51,45,82,25,28,31,36,35,25,90,43,65
12530,Derek,Barnett,Left Edge,LEDG,Houston Texans,32,73,29,Tennessee,75,259,95,8,Run Stopper - DE,"https://ratings-images-prod.pulse.ea.com/madden-nfl-26/portraits/8475.png?im=FaceCrop,padding=0.7",https://drop-assets.ea.com/images/4rWKgLRDGADEZ3pTbdrpW0/793a695de8ea5caf8f2e1b3973ae1b61/32.png,75,74,76,81,85,75,41,78,12,47,53,42,49,62,13,65,85,84,85,37,15,23,10,11,32,17,73,45,45,45,6,73,77,26,83,22,45,45,45,Default Stride High and Tight,21,45,77,28,46,82,6,6,6,6,28,15,84,53,46
13136,Derrick,Nnadi,Defensive Tackle,DT,Kansas City Chiefs,9,73,29,Florida State,73,317,92,7,,"https://ratings-images-prod.pulse.ea.com/madden-nfl-26/portraits/9005.png?im=FaceCrop,padding=0.7",https://drop-assets.ea.com/images/3g9AewmTPjE4A7yc2tobiZ/20b6502896df3893414233cb5fe1b803/9.png,65,53,68,80,88,84,24,72,12,16,27,15,25,46,3,57,79,89,90,25,12,17,10,31,19,7,73,45,45,45,6,86,69,15,79,15,45,45,45,Long Stride Loose,15,15,73,18,37,81,6,6,6,6,24,16,93,46,28
20581,Devin,White,Weak Backer,WILL,Las Vegas Raiders,23,73,27,LSU,72,237,45,6,Run Stopper - OLB,"https://ratings-images-prod.pulse.ea.com/madden-nfl-26/portraits/9672.png?im=FaceCrop,padding=0.7",https://drop-assets.ea.com/images/5ZrNmFWgR1vnwTOdqVmwYy/fe13aa7566120fb59130404e168c59ca/23.png,88,80,93,91,76,71,63,68,12,34,62,41,69,81,12,68,84,80,94,65,14,18,10,23,60,19,73,45,45,45,6,68,62,53,84,26,45,45,45,Short Stride Default,24,46,88,48,60,83,6,6,6,6,23,10,91,47,68
22310,Drake,Jackson,Left Edge,LEDG,Washington Commanders,26,73,24,USC,75,273,93,3,Smaller Speed Rusher - DE,"https://ratings-images-prod.pulse.ea.com/madden-nfl-26/portraits/1776.png?im=FaceCrop,padding=0.7",https://drop-assets.ea.com/images/42h6FyIuthDAiH4cTWUXRH/bb952a9252013b5bfdf77ac3f4011601/RatingsteamcrestWashingtonCommanders256.png,90,83,87,76,75,68,42,68,19,35,47,33,50,73,5,76,77,75,87,47,13,12,10,25,36,7,73,45,45,45,6,68,62,24,83,17,45,45,45,Long Stride Loose,14,34,84,42,44,76,6,6,6,6,26,10,73,35,47
23335,Emanuel,Wilson,Halfback,HB,Green Bay Packers,20,73,26,Fort Valley State,71,226,23,2,Elusive Back - HB,"https://ratings-images-prod.pulse.ea.com/madden-nfl-26/portraits/6056.png?im=FaceCrop,padding=0.7",https://drop-assets.ea.com/images/4ztQk5XogdkrJe6reVd3h8/16ecf8a0f4caf228c6e54ad0f8e17425/20.png,93,82,86,84,72,78,80,31,32,78,88,62,68,81,49,10,41,50,90,80,17,16,70,44,10,57,73,54,41,40,10,22,10,10,36,53,51,39,42,Default Stride Loose,62,60,90,73,79,37,21,26,29,21,35,11,85,79,15
13670,Evan,Brown,Left Guard,LG,Arizona Cardinals,7,73,28,SMU,75,320,63,7,Agile - G,"https://ratings-images-prod.pulse.ea.com/madden-nfl-26/portraits/9719.png?im=FaceCrop,padding=0.7",https://drop-assets.ea.com/images/5NdzvrqrP3clJDBL6kdTmu/1f61914ff14c6f4be0240d71e622f9c6/7.png,65,54,86,85,90,79,13,26,12,8,29,14,25,52,5,13,22,81,89,11,12,17,9,83,12,5,73,75,77,73,5,19,12,8,31,15,74,77,70,Default Stride Awkward,13,14,69,10,15,35,5,5,5,5,24,14,84,20,14
22441,Evan,Neal,Right Guard,RG,NY Giants,16,73,24,Alabama,79,350,73,3,Power - G,"https://ratings-images-prod.pulse.ea.com/madden-nfl-26/portraits/1864.png?im=FaceCrop,padding=0.7",https://drop-assets.ea.com/images/5hloGwLNaCrg2IBn0CoWVb/b5996a802009a4252f992182bd9acf85/16.png,79,61,84,86,91,63,29,34,16,24,29,19,30,54,5,33,39,87,93,32,17,18,10,79,10,8,73,68,62,75,6,30,30,10,31,12,79,77,81,Long Stride Awkward,14,24,76,29,39,35,6,6,6,6,26,10,83,35,12
20935,Gabe,Davis,Wide Receiver,WR,Buffalo Bills,3,73,26,UCF,74,225,13,5,Deep Threat - WR,"https://ratings-images-prod.pulse.ea.com/madden-nfl-26/portraits/238.png?im=FaceCrop,padding=0.7",https://drop-assets.ea.com/images/212FXcpkDUjs9ZJpZ038pM/676904f80719bc724267b7eb5609c6af/3.png,92,85,88,88,67,71,84,33,24,75,71,83,83,84,74,10,27,49,91,81,15,19,45,37,14,72,73,42,25,31,6,18,10,18,36,79,52,30,34,Long Stride Default,72,87,89,75,69,33,6,10,15,10,31,19,88,58,21
12448,George,Fant,Right Tackle,RT,Washington Commanders,26,73,33,W. Kentucky,77,322,77,9,Pass Protector - OT,"https://ratings-images-prod.pulse.ea.com/madden-nfl-26/portraits/8319.png?im=FaceCrop,padding=0.7",https://drop-assets.ea.com/images/42h6FyIuthDAiH4cTWUXRH/bb952a9252013b5bfdf77ac3f4011601/RatingsteamcrestWashingtonCommanders256.png,71,74,88,86,83,78,52,55,12,38,61,59,70,57,34,51,63,80,85,59,11,15,10,74,12,46,73,79,81,77,6,28,60,10,52,53,70,72,68,Default Stride Awkward,53,59,76,54,62,55,6,6,6,6,13,12,83,64,13
20408,Greg,Gaines,Defensive Tackle,DT,Tampa Bay Buccaneers,6,73,29,Washington,73,312,96,6,,"https://ratings-images-prod.pulse.ea.com/madden-nfl-26/portraits/9464.png?im=FaceCrop,padding=0.7",https://drop-assets.ea.com/images/1L5Fn21WqZN9jcLucGYg4c/ce29db9b9b4775d4e8fc337bf5c65027/6.png,70,60,76,84,87,81,31,76,12,20,45,32,39,55,18,53,83,89,91,24,12,19,10,39,15,20,73,45,45,45,6,83,73,17,78,19,45,45,45,Long Stride Default,24,40,71,19,38,78,6,6,6,6,31,10,90,49,26
15012,Isaac,Guerendo,Halfback,HB,San Francisco 49ers,15,73,25,Louisville,72,221,31,1,Elusive Back - HB,"https://ratings-images-prod.pulse.ea.com/madden-nfl-26/portraits/10091.png?im=FaceCrop,padding=0.7",https://drop-assets.ea.com/images/1SoIzWJtk28ygwNAPEMRnf/deaee9a60ace23f7eaeaf4275c2282b0/15.png,92,84,91,82,71,75,81,39,23,74,88,49,68,83,60,10,40,33,81,79,18,20,79,26,29,62,73,55,38,35,10,27,10,35,47,55,33,26,19,Default,66,49,92,74,76,40,10,15,20,14,23,12,79,72,36
15067,Isaac,TeSlaa,Wide Receiver,WR,Detroit Lions,19,73,23,Arkansas,76,214,18,0,Slot - WR,"https://ratings-images-prod.pulse.ea.com/madden-nfl-26/portraits/10752.png?im=FaceCrop,padding=0.7",https://drop-assets.ea.com/images/7cuE4tZcli1uQyZbvXWMrd/a2df9decdab28170691ca6631dd62139/19.png,91,88,92,80,65,75,77,41,32,69,69,83,83,89,69,35,43,39,87,73,32,18,81,25,23,75,73,23,12,21,32,29,31,21,43,72,48,28,29,Default,74,86,91,67,48,28,47,48,48,46,69,37,85,54,30
14655,Ja'Lynn,Polk,Wide Receiver,WR,New Orleans Saints,27,73,23,Washington,74,203,13,1,Deep Threat - WR,"https://ratings-images-prod.pulse.ea.com/madden-nfl-26/portraits/10210.png?im=FaceCrop,padding=0.7",https://drop-assets.ea.com/images/5beev0Bk7MVWyDSbEqr75u/837fe770a82d43aa3028a13988d8baf3/27.png,90,89,88,83,62,72,78,30,22,71,75,82,83,87,75,10,23,47,88,78,12,17,46,32,11,77,73,32,19,20,10,20,10,10,28,74,48,29,36,Long Stride Default,74,82,89,73,48,30,15,20,25,23,27,22,83,46,22
12531,Jabrill,Peppers,Strong Safety,SS,Pittsburgh Steelers,29,73,29,Michigan,71,215,40,8,Run Support - S,"https://ratings-images-prod.pulse.ea.com/madden-nfl-26/portraits/8684.png?im=FaceCrop,padding=0.7",https://drop-assets.ea.com/images/4k4tkEjxICBzmTan96wMKZ/1d5d9145ace8a359ac5423c8c3e5e2d8/29.png,90,86,86,88,73,66,83,65,35,77,67,63,78,81,36,46,89,71,84,84,18,22,84,18,64,41,73,35,35,35,27,67,37,72,77,48,35,35,35,Short Stride Loose,51,66,88,77,52,80,22,26,30,37,33,29,82,42,71
14951,Jaden,Hicks,Strong Safety,SS,Kansas City Chiefs,9,73,23,Wash. St.,74,215,21,1,Zone - S,"https://ratings-images-prod.pulse.ea.com/madden-nfl-26/portraits/10107.png?im=FaceCrop,padding=0.7",https://drop-assets.ea.com/images/3g9AewmTPjE4A7yc2tobiZ/20b6502896df3893414233cb5fe1b803/9.png,91,87,89,83,67,70,63,64,11,59,68,57,71,84,17,53,87,65,95,70,15,16,50,31,69,22,73,30,26,27,16,68,45,71,79,40,35,35,35,Default Stride Loose,26,67,89,63,55,69,24,31,35,15,40,14,88,60,74
23083,Jakorian,Bennett,Cornerback,CB,Philadelphia Eagles,13,73,25,Maryland,71,195,23,2,Manto Man - CB,"https://ratings-images-prod.pulse.ea.com/madden-nfl-26/portraits/1421.png?im=FaceCrop,padding=0.7",https://drop-assets.ea.com/images/1Nt5pFCpjcBcADzHRbwfIk/ce90f9cb564aef7cc30cf1dd88c84150/13.png,97,89,94,87,54,65,71,38,21,65,58,55,75,87,11,37,60,39,90,74,14,14,63,22,72,14,73,31,31,31,14,64,29,63,68,25,35,35,35,Default Stride Loose,21,73,95,65,32,53,20,21,23,13,29,10,78,29,68
17682,Jalen,Mills,Free Safety,FS,Detroit Lions,19,73,31,LSU,72,191,13,9,Zone - S,"https://ratings-images-prod.pulse.ea.com/madden-nfl-26/portraits/8149.png?im=FaceCrop,padding=0.7",https://drop-assets.ea.com/images/7cuE4tZcli1uQyZbvXWMrd/a2df9decdab28170691ca6631dd62139/19.png,86,85,87,88,62,80,56,47,10,45,62,52,72,86,10,49,70,53,88,67,19,20,80,11,66,12,73,10,22,34,15,75,40,80,70,22,12,33,34,Default Stride Loose,22,66,86,52,39,55,10,10,15,15,28,16,81,26,78
12524,Jamal,Adams,Weak Backer,WILL,Las Vegas Raiders,23,73,29,LSU,73,213,33,8,Run Stopper - OLB,"https://ratings-images-prod.pulse.ea.com/madden-nfl-26/portraits/8463.png?im=FaceCrop,padding=0.7",https://drop-assets.ea.com/images/5ZrNmFWgR1vnwTOdqVmwYy/fe13aa7566120fb59130404e168c59ca/23.png,87,83,81,88,77,71,55,69,20,25,60,52,68,85,20,61,90,74,76,65,25,25,35,26,68,25,73,35,35,35,15,72,59,63,85,12,35,35,35,Default Stride Loose,35,61,87,55,40,73,10,10,15,15,25,17,92,45,75
21701,Jason,Pinnock,Free Safety,FS,San Francisco 49ers,15,73,26,Pittsburgh,72,205,25,4,Hybrid - S,"https://ratings-images-prod.pulse.ea.com/madden-nfl-26/portraits/1013.png?im=FaceCrop,padding=0.7",https://drop-assets.ea.com/images/1SoIzWJtk28ygwNAPEMRnf/deaee9a60ace23f7eaeaf4275c2282b0/15.png,93,87,93,89,61,74,69,52,12,51,56,61,72,86,40,37,61,55,89,72,20,20,60,28,68,44,73,35,35,35,6,73,33,73,68,51,39,39,39,Default Stride Loose,47,69,89,65,47,64,6,6,6,6,35,10,87,41,73
15051,Jaydon,Blue,Halfback,HB,Dallas Cowboys,11,73,21,Texas,69,195,23,0,Elusive Back - HB,"https://ratings-images-prod.pulse.ea.com/madden-nfl-26/portraits/10493.png?im=FaceCrop,padding=0.7",https://drop-assets.ea.com/images/4fzYNoreZSo04KbSHo3Sqn/0855e78441c821f956abac278f04abb7/11.png,95,89,77,81,65,65,81,30,18,78,84,59,71,88,59,27,27,40,86,80,25,24,69,33,29,64,73,53,36,39,20,37,25,26,43,60,36,24,27,Short Stride Default,68,60,93,72,76,30,15,19,24,20,31,23,86,79,31
14632,Jaylen,Wright,Halfback,HB,Miami Dolphins,12,73,22,Tennessee,71,210,5,1,Elusive Back - HB,"https://ratings-images-prod.pulse.ea.com/madden-nfl-26/portraits/10306.png?im=FaceCrop,padding=0.7",https://drop-assets.ea.com/images/1rcCzp9f3OyZFzRBRFJVpC/8dc08dce09c05a748587769908cd710c/12.png,93,84,89,84,76,67,80,33,22,78,86,48,66,86,53,10,37,43,90,83,12,18,58,40,10,54,73,57,31,34,16,16,10,14,38,47,42,30,26,Default,60,48,93,77,74,34,12,16,22,17,26,17,89,80,17
15059,Jaylin,Noel,Wide Receiver,WR,Houston Texans,32,73,22,Iowa State,70,194,14,0,Deep Threat - WR,"https://ratings-images-prod.pulse.ea.com/madden-nfl-26/portraits/10680.png?im=FaceCrop,padding=0.7",https://drop-assets.ea.com/images/4rWKgLRDGADEZ3pTbdrpW0/793a695de8ea5caf8f2e1b3973ae1b61/32.png,94,89,84,90,66,68,83,39,38,70,73,79,82,86,78,33,39,51,93,77,30,29,83,35,25,76,73,29,24,30,35,35,28,25,42,72,52,22,24,Default,76,78,93,74,55,25,56,59,63,55,68,47,88,47,37
23032,Jaylon,Jones,Cornerback,CB,Indianapolis Colts,10,73,23,Texas AM,74,200,40,2,Zone - CB,"https://ratings-images-prod.pulse.ea.com/madden-nfl-26/portraits/2249.png?im=FaceCrop,padding=0.7",https://drop-assets.ea.com/images/5yTvAS7xG5Z8qw65gMLzSU/037cfcd90e26ee06666a24d762791f65/10.png,93,87,90,92,62,75,72,52,16,63,63,62,67,81,33,44,75,51,87,69,13,15,60,15,71,37,73,25,25,25,6,75,35,75,75,49,35,35,35,Default Stride Loose,39,67,89,64,52,61,11,13,17,19,33,15,80,48,74
13269,Jeremy,Reaves,Strong Safety,SS,Washington Commanders,26,73,29,South Alabama,71,200,39,7,Run Support - S,"https://ratings-images-prod.pulse.ea.com/madden-nfl-26/portraits/9901.png?im=FaceCrop,padding=0.7",https://drop-assets.ea.com/images/42h6FyIuthDAiH4cTWUXRH/bb952a9252013b5bfdf77ac3f4011601/RatingsteamcrestWashingtonCommanders256.png,85,76,76,88,61,77,66,52,10,49,64,48,59,74,10,41,85,55,84,74,13,16,35,11,68,13,73,35,35,35,6,77,33,71,81,15,35,35,35,Default Stride Loose,15,62,86,70,37,74,6,6,6,6,28,16,87,41,72
12720,Jeremy,McNichols,Halfback,HB,Washington Commanders,26,73,29,Boise State,69,205,26,9,Elusive Back - HB,"https://ratings-images-prod.pulse.ea.com/madden-nfl-26/portraits/8662.png?im=FaceCrop,padding=0.7",https://drop-assets.ea.com/images/42h6FyIuthDAiH4cTWUXRH/bb952a9252013b5bfdf77ac3f4011601/RatingsteamcrestWashingtonCommanders256.png,90,82,83,83,72,79,80,25,18,77,94,55,70,78,50,10,20,42,87,82,21,11,78,44,13,58,73,54,24,29,18,12,10,20,36,46,41,25,25,Default,64,52,88,75,73,25,24,28,33,26,30,11,81,75,12
28329,Joe,Flacco,Quarterback,QB,Cincinnati Bengals,2,73,40,Delaware,78,245,16,17,Field General - QB,"https://ratings-images-prod.pulse.ea.com/madden-nfl-26/portraits/1115.png?im=FaceCrop,padding=0.7",https://drop-assets.ea.com/images/5oemvWKqCFgBCkCI4h9A2U/0629c6d345fe01a14ba9f40554fd182e/2.png,71,68,71,77,66,75,60,24,39,40,59,10,31,62,10,10,12,30,93,44,24,25,10,18,15,10,73,15,15,25,80,15,10,10,30,12,15,20,20,Default,10,12,75,25,49,29,81,80,87,78,89,80,92,40,20
22361,John,Metchie III,Wide Receiver,WR,NY Jets,18,73,25,Alabama,71,187,3,3,,"https://ratings-images-prod.pulse.ea.com/madden-nfl-26/portraits/1851.png?im=FaceCrop,padding=0.7",https://drop-assets.ea.com/images/7M46e9acznPLjtJlC7FaWV/ef5cfc9e8306cbdae723a5f7e809b0fd/18.png,92,87,84,81,66,73,84,22,23,75,77,79,80,88,73,10,17,46,84,82,15,18,73,28,10,75,73,31,19,20,6,16,10,12,29,75,48,32,26,Default,76,79,90,77,47,24,6,10,15,10,24,17,90,49,17
22853,John Michael,Schmitz Jr,Center,C,NY Giants,16,73,26,Minnesota,76,310,61,2,Power - C,"https://ratings-images-prod.pulse.ea.com/madden-nfl-26/portraits/2383.png?im=FaceCrop,padding=0.7",https://drop-assets.ea.com/images/5hloGwLNaCrg2IBn0CoWVb/b5996a802009a4252f992182bd9acf85/16.png,72,57,73,87,84,80,32,28,19,30,33,29,35,57,5,25,39,79,92,20,15,19,15,85,10,8,73,76,75,78,15,15,26,10,34,15,79,81,77,Long Stride Awkward,10,31,61,15,32,35,18,24,28,20,26,15,91,30,10
20530,Jonah,Williams,Right Tackle,RT,Arizona Cardinals,7,73,27,Alabama,77,312,73,6,Agile - OT,"https://ratings-images-prod.pulse.ea.com/madden-nfl-26/portraits/11000.png?im=FaceCrop,padding=0.7",https://drop-assets.ea.com/images/5NdzvrqrP3clJDBL6kdTmu/1f61914ff14c6f4be0240d71e622f9c6/7.png,71,66,70,89,85,87,30,30,12,15,43,20,34,54,5,38,44,82,88,28,16,14,10,83,15,5,73,77,78,75,6,29,31,10,42,35,75,75,75,Default Stride Awkward,15,25,69,15,33,39,6,6,6,6,30,6,87,35,20
14764,Jonah,Elliss,Left Edge,LEDG,Denver Broncos,4,73,22,Utah,74,246,52,1,Smaller Speed Rusher - DE,"https://ratings-images-prod.pulse.ea.com/madden-nfl-26/portraits/10066.png?im=FaceCrop,padding=0.7",https://drop-assets.ea.com/images/4AYKY9OcX1CYbyMFBnvM8/ac07a8ff525004f92014e3259708acdf/4.png,87,82,90,78,74,76,29,74,12,28,28,39,26,70,3,74,74,79,84,27,19,20,10,17,41,7,73,44,44,46,6,75,71,26,79,17,44,45,44,Default Stride Awkward,14,42,81,24,33,77,6,6,6,6,22,17,84,26,47
17711,Jonathan,Jones,Cornerback,CB,Washington Commanders,26,73,31,Auburn,70,190,31,9,Slot - CB,"https://ratings-images-prod.pulse.ea.com/madden-nfl-26/portraits/8085.png?im=FaceCrop,padding=0.7",https://drop-assets.ea.com/images/42h6FyIuthDAiH4cTWUXRH/bb952a9252013b5bfdf77ac3f4011601/RatingsteamcrestWashingtonCommanders256.png,90,85,87,92,63,70,60,56,15,55,60,60,74,86,11,41,67,44,83,68,17,18,60,14,70,16,73,33,34,33,6,69,35,76,73,27,34,34,33,Short Stride Loose,26,72,92,65,29,70,6,6,6,6,27,12,73,28,73
17656,Jonathan,Bullard,Defensive Tackle,DT,New Orleans Saints,27,73,31,Florida,75,290,98,9,,"https://ratings-images-prod.pulse.ea.com/madden-nfl-26/portraits/7921.png?im=FaceCrop,padding=0.7",https://drop-assets.ea.com/images/5beev0Bk7MVWyDSbEqr75u/837fe770a82d43aa3028a13988d8baf3/27.png,79,70,78,74,81,69,28,79,12,12,26,17,35,58,3,58,80,86,87,29,19,21,9,14,22,6,73,44,44,45,6,71,70,23,77,17,44,45,44,Default Stride Loose,13,20,71,25,31,87,6,6,6,6,22,16,87,38,29
15178,Jordan,Burch,Right Edge,REDG,Arizona Cardinals,7,73,23,Oregon,76,280,52,0,Power Rusher - DE,"https://ratings-images-prod.pulse.ea.com/madden-nfl-26/portraits/10509.png?im=FaceCrop,padding=0.7",https://drop-assets.ea.com/images/5NdzvrqrP3clJDBL6kdTmu/1f61914ff14c6f4be0240d71e622f9c6/7.png,85,81,88,83,81,72,43,75,12,32,52,29,52,72,5,66,82,81,85,51,23,21,35,25,38,10,73,45,45,45,15,68,73,35,79,15,45,45,45,Long Stride Default,17,43,83,39,40,82,9,10,15,10,29,15,83,32,45
20358,Josh,Oliver,Tight End,TE,Minnesota Vikings,31,73,28,San Jose St.,77,259,84,6,Possession - TE,"https://ratings-images-prod.pulse.ea.com/madden-nfl-26/portraits/9590.png?im=FaceCrop,padding=0.7",https://drop-assets.ea.com/images/bzuWJaOZo5LCC4SwdbVzx/f6dc0006f59641745e50721d0d8c9d38/31.png,84,78,82,83,75,68,67,48,18,59,76,77,84,68,56,32,46,73,87,60,15,20,39,78,17,61,73,61,60,59,6,33,26,23,49,65,71,62,69,Long Stride High and Tight,67,79,86,54,64,47,6,10,15,10,24,10,81,69,26
14873,Justin,Eboigbe,Defensive Tackle,DT,Los Angeles Chargers,8,73,24,Alabama,77,292,92,1,,"https://ratings-images-prod.pulse.ea.com/madden-nfl-26/portraits/10062.png?im=FaceCrop,padding=0.7",https://drop-assets.ea.com/images/1nyokQ4GLHKjmDL5IorxkB/29267d1765bd7f27730a007e1b070ec4/8.png,71,67,70,77,83,72,11,77,19,19,52,34,44,50,7,69,80,86,80,29,17,20,21,16,41,7,73,24,18,25,14,75,75,18,79,17,45,45,45,Long Stride Awkward,7,37,66,24,17,86,11,13,16,8,19,15,85,40,45
13322,Justin,Watson,Wide Receiver,WR,Houston Texans,32,73,30,Penn,74,215,84,7,Deep Threat - WR,"https://ratings-images-prod.pulse.ea.com/madden-nfl-26/portraits/9355.png?im=FaceCrop,padding=0.7",https://drop-assets.ea.com/images/4rWKgLRDGADEZ3pTbdrpW0/793a695de8ea5caf8f2e1b3973ae1b61/32.png,92,80,92,81,69,79,72,27,22,70,76,82,81,79,77,10,19,53,87,69,15,17,70,42,17,75,73,39,34,31,6,18,10,15,29,75,47,27,33,Long Stride Loose,77,83,90,62,60,30,6,10,15,10,26,25,86,57,25
22937,Keion,White,Right Edge,REDG,San Francisco 49ers,15,73,26,Georgia Tech,77,285,56,2,Power Rusher - DE,"https://ratings-images-prod.pulse.ea.com/madden-nfl-26/portraits/2474.png?im=FaceCrop,padding=0.7",https://drop-assets.ea.com/images/1SoIzWJtk28ygwNAPEMRnf/deaee9a60ace23f7eaeaf4275c2282b0/15.png,81,75,82,83,85,66,56,74,21,51,65,58,61,66,41,68,85,86,85,51,15,15,34,49,32,49,73,47,47,47,8,64,76,41,84,51,50,50,50,Long Stride Loose,53,66,82,44,52,84,5,6,7,15,20,9,81,54,41
22707,Kelee,Ringo,Cornerback,CB,Philadelphia Eagles,13,73,23,Georgia,74,207,7,2,Zone - CB,"https://ratings-images-prod.pulse.ea.com/madden-nfl-26/portraits/2369.png?im=FaceCrop,padding=0.7",https://drop-assets.ea.com/images/1Nt5pFCpjcBcADzHRbwfIk/ce90f9cb564aef7cc30cf1dd88c84150/13.png,95,84,81,88,58,68,70,44,16,63,62,58,71,83,41,44,64,47,92,68,22,19,54,15,69,35,73,35,35,35,6,66,35,75,67,49,35,35,35,Long Stride Loose,45,66,94,64,52,62,6,6,6,6,35,15,78,51,75
20682,Kevin,Givens,Defensive Tackle,DT,San Francisco 49ers,15,73,28,Penn State,73,285,90,6,,"https://ratings-images-prod.pulse.ea.com/madden-nfl-26/portraits/9472.png?im=FaceCrop,padding=0.7",https://drop-assets.ea.com/images/1SoIzWJtk28ygwNAPEMRnf/deaee9a60ace23f7eaeaf4275c2282b0/15.png,66,63,76,76,88,80,16,75,12,17,27,10,32,58,2,68,76,82,86,17,20,20,10,32,19,3,73,45,45,45,6,77,74,10,78,12,45,45,45,Long Stride Awkward,10,12,73,13,24,82,6,6,6,6,25,10,88,35,29
15361,Kevin,Winston Jr,Free Safety,FS,Tennessee Titans,30,73,21,Penn State,74,213,23,0,Run Support - S,"https://ratings-images-prod.pulse.ea.com/madden-nfl-26/portraits/10787.png?im=FaceCrop,padding=0.7",https://drop-assets.ea.com/images/2YxvlDMaJsJwNQ4lS7qdCQ/d850f60dcbdcd71fb162eb55a46c7969/30.png,94,84,86,84,64,69,71,58,14,56,62,52,66,81,12,40,82,55,87,65,17,20,79,25,62,14,73,35,35,35,6,68,38,70,82,21,35,35,35,Default Stride Loose,24,59,89,64,51,75,6,6,6,6,24,12,89,52,71
21891,Khyiris,Tonga,Defensive Tackle,DT,New England Patriots,22,73,29,BYU,76,338,95,4,,"https://ratings-images-prod.pulse.ea.com/madden-nfl-26/portraits/861.png?im=FaceCrop,padding=0.7",https://drop-assets.ea.com/images/6Z0rWjQfkWgvj8K58X0WfA/aaaaa7e6c313bdfc5e624309ba6dfc4e/22.png,75,56,74,78,91,71,39,80,12,21,39,28,30,54,12,65,75,86,88,33,28,27,5,49,18,16,73,48,47,52,6,69,76,13,78,27,51,46,50,Long Stride Default,22,29,68,33,43,80,6,6,6,6,23,10,85,52,24
11215,Kirk,Cousins,Quarterback,QB,Atlanta Falcons,14,73,37,Michigan St.,75,205,18,13,Field General - QB,"https://ratings-images-prod.pulse.ea.com/madden-nfl-26/portraits/5117.png?im=FaceCrop,padding=0.7",https://drop-assets.ea.com/images/3NTxf2X9VWdF6aL91pHAVu/6002a1f3e761a58c3b00f0e08bdccf5f/14.png,68,69,71,89,52,76,58,12,41,48,58,15,22,67,13,10,27,14,85,47,19,12,10,10,12,15,73,13,13,13,90,10,12,10,37,15,14,14,14,Default,15,15,69,45,31,38,80,81,87,84,85,83,93,28,12
14954,Kris,Abrams-Draine,Cornerback,CB,Denver Broncos,4,73,23,Missouri,71,178,31,1,Slot - CB,"https://ratings-images-prod.pulse.ea.com/madden-nfl-26/portraits/9993.png?im=FaceCrop,padding=0.7",https://drop-assets.ea.com/images/4AYKY9OcX1CYbyMFBnvM8/ac07a8ff525004f92014e3259708acdf/4.png,93,91,81,87,40,67,68,41,15,64,57,64,74,90,16,33,57,39,93,71,15,22,55,14,75,23,73,25,19,15,8,69,25,62,75,24,35,26,25,Default Stride Loose,33,68,91,66,34,67,10,12,14,6,31,8,76,29,73
15061,Kyle,Williams,Wide Receiver,WR,New England Patriots,22,73,22,Wash. St.,72,190,18,0,Deep Threat - WR,"https://ratings-images-prod.pulse.ea.com/madden-nfl-26/portraits/10781.png?im=FaceCrop,padding=0.7",https://drop-assets.ea.com/images/6Z0rWjQfkWgvj8K58X0WfA/aaaaa7e6c313bdfc5e624309ba6dfc4e/22.png,95,87,87,92,66,70,84,31,37,76,72,79,81,85,74,28,29,42,83,76,21,32,70,28,29,75,73,27,18,24,34,40,25,28,33,78,46,21,20,Default,75,77,94,71,66,29,38,43,48,41,59,32,85,60,36
15174,Landon,Jackson,Right Edge,REDG,Buffalo Bills,3,73,22,Arkansas,78,264,94,0,Run Stopper - DE,"https://ratings-images-prod.pulse.ea.com/madden-nfl-26/portraits/10608.png?im=FaceCrop,padding=0.7",https://drop-assets.ea.com/images/212FXcpkDUjs9ZJpZ038pM/676904f80719bc724267b7eb5609c6af/3.png,85,79,90,81,81,72,29,78,18,26,41,21,35,64,7,71,80,80,83,31,16,21,25,28,26,8,73,45,45,45,25,73,72,27,80,12,45,45,45,Long Stride Loose,15,21,83,28,29,81,9,14,16,25,17,27,84,29,35
20452,Lonnie,Johnson Jr,Free Safety,FS,Las Vegas Raiders,23,73,29,Kentucky,74,213,32,6,Hybrid - S,"https://ratings-images-prod.pulse.ea.com/madden-nfl-26/portraits/9535.png?im=FaceCrop,padding=0.7",https://drop-assets.ea.com/images/5ZrNmFWgR1vnwTOdqVmwYy/fe13aa7566120fb59130404e168c59ca/23.png,92,85,90,89,65,72,60,49,25,43,64,51,66,87,27,42,71,51,88,70,13,15,35,17,76,34,73,35,35,35,6,72,28,77,70,31,35,35,35,Default Stride Loose,39,60,92,64,10,56,8,14,18,22,29,14,85,25,73
21691,Malcolm,Koonce,Right Edge,REDG,Las Vegas Raiders,23,73,27,Buffalo,74,250,51,4,Smaller Speed Rusher - DE,"https://ratings-images-prod.pulse.ea.com/madden-nfl-26/portraits/1038.png?im=FaceCrop,padding=0.7",https://drop-assets.ea.com/images/5ZrNmFWgR1vnwTOdqVmwYy/fe13aa7566120fb59130404e168c59ca/23.png,82,81,82,72,75,75,45,76,12,29,52,42,47,69,18,78,78,78,88,43,17,20,15,28,38,24,73,45,45,45,6,73,72,28,82,29,45,45,45,Default Stride Loose,27,47,79,37,35,79,6,6,6,6,26,13,81,29,46
22566,Malik,Davis,Halfback,HB,Dallas Cowboys,11,73,26,Florida,70,202,43,3,Elusive Back - HB,"https://ratings-images-prod.pulse.ea.com/madden-nfl-26/portraits/2706.png?im=FaceCrop,padding=0.7",https://drop-assets.ea.com/images/4fzYNoreZSo04KbSHo3Sqn/0855e78441c821f956abac278f04abb7/11.png,92,82,90,83,64,78,82,31,22,77,89,63,69,83,50,10,33,44,91,81,10,14,64,30,12,60,73,55,37,34,10,16,10,12,38,44,30,17,15,Default,64,64,87,74,64,34,13,17,20,15,24,13,76,74,15
21145,Malik,Harrison,Mike Backer,MIKE,Pittsburgh Steelers,29,73,27,Ohio State,75,259,50,5,Run Stopper - MLB,"https://ratings-images-prod.pulse.ea.com/madden-nfl-26/portraits/332.png?im=FaceCrop,padding=0.7",https://drop-assets.ea.com/images/4k4tkEjxICBzmTan96wMKZ/1d5d9145ace8a359ac5423c8c3e5e2d8/29.png,86,84,86,82,75,73,44,74,40,36,55,42,58,73,16,61,83,79,87,55,46,55,33,14,56,21,73,45,45,45,21,72,71,55,83,20,45,45,45,Long Stride Loose,26,48,85,47,48,83,22,27,34,45,47,36,79,50,65
14665,Malik,Washington,Wide Receiver,WR,Miami Dolphins,12,73,24,Virginia,69,191,6,1,,"https://ratings-images-prod.pulse.ea.com/madden-nfl-26/portraits/10285.png?im=FaceCrop,padding=0.7",https://drop-assets.ea.com/images/1rcCzp9f3OyZFzRBRFJVpC/8dc08dce09c05a748587769908cd710c/12.png,92,88,87,87,59,74,80,20,27,72,68,79,87,86,72,10,26,35,88,81,15,19,85,22,18,73,73,24,33,38,18,16,10,15,28,67,39,24,16,Default,75,77,90,74,54,29,19,27,30,25,42,29,83,44,16
15350,Marques,Sigle,Strong Safety,SS,San Francisco 49ers,15,73,23,Kansas State,71,199,36,0,Zone - S,"https://ratings-images-prod.pulse.ea.com/madden-nfl-26/portraits/10726.png?im=FaceCrop,padding=0.7",https://drop-assets.ea.com/images/1SoIzWJtk28ygwNAPEMRnf/deaee9a60ace23f7eaeaf4275c2282b0/15.png,92,84,90,87,64,70,64,50,14,52,60,57,68,81,25,37,77,54,90,62,15,19,43,25,68,29,73,35,35,35,6,67,36,67,76,32,35,35,35,Default Stride Loose,34,60,92,56,42,75,6,6,6,6,24,12,88,44,72
12935,Matt,Haack,Punter,P,Arizona Cardinals,7,73,31,Arizona St.,72,205,39,8,Power - KP,"https://ratings-images-prod.pulse.ea.com/madden-nfl-26/portraits/9193.png?im=FaceCrop,padding=0.7",https://drop-assets.ea.com/images/5NdzvrqrP3clJDBL6kdTmu/1f61914ff14c6f4be0240d71e622f9c6/7.png,80,64,60,82,52,60,25,25,21,14,46,10,33,52,10,10,20,24,94,26,74,91,10,17,14,10,73,20,17,19,18,16,10,12,26,12,20,18,18,Default Stride Loose,10,12,81,17,13,31,28,31,38,44,57,22,68,18,19
20969,Mekhi,Becton Sr,Right Guard,RG,Los Angeles Chargers,8,73,26,Louisville,79,363,73,5,Power - G,"https://ratings-images-prod.pulse.ea.com/madden-nfl-26/portraits/90.png?im=FaceCrop,padding=0.7",https://drop-assets.ea.com/images/1nyokQ4GLHKjmDL5IorxkB/29267d1765bd7f27730a007e1b070ec4/8.png,72,54,80,73,93,78,15,31,12,25,40,12,35,54,5,10,20,92,74,10,20,20,10,79,12,5,73,72,67,74,6,15,10,10,12,12,76,77,73,Long Stride Awkward,12,12,71,10,25,42,6,6,6,6,25,15,85,39,15
13881,Mike,Ford Jr,Cornerback,CB,Atlanta Falcons,14,73,30,SE Missouri St.,72,195,28,7,Manto Man - CB,"https://ratings-images-prod.pulse.ea.com/madden-nfl-26/portraits/9774.png?im=FaceCrop,padding=0.7",https://drop-assets.ea.com/images/3NTxf2X9VWdF6aL91pHAVu/6002a1f3e761a58c3b00f0e08bdccf5f/14.png,92,92,93,87,58,71,68,51,15,55,62,56,69,87,29,45,57,45,85,75,15,21,60,15,75,36,73,35,35,35,6,70,40,71,74,44,35,35,35,Default Stride Loose,46,63,89,68,35,49,6,6,6,6,29,15,76,32,69
22914,Myles,Murphy,Left Edge,LEDG,Cincinnati Bengals,2,73,23,Clemson,77,275,99,2,Power Rusher - DE,"https://ratings-images-prod.pulse.ea.com/madden-nfl-26/portraits/2333.png?im=FaceCrop,padding=0.7",https://drop-assets.ea.com/images/5oemvWKqCFgBCkCI4h9A2U/0629c6d345fe01a14ba9f40554fd182e/2.png,90,77,76,84,82,67,45,73,31,25,45,28,40,74,7,65,85,88,93,39,14,15,10,33,28,8,73,40,40,40,15,65,76,31,79,16,45,45,45,Long Stride Loose,15,35,88,31,47,79,27,32,42,21,51,11,88,42,37
22495,Nazeeh,Johnson,Cornerback,CB,Kansas City Chiefs,9,73,27,Marshall,70,199,13,3,Zone - CB,"https://ratings-images-prod.pulse.ea.com/madden-nfl-26/portraits/2542.png?im=FaceCrop,padding=0.7",https://drop-assets.ea.com/images/3g9AewmTPjE4A7yc2tobiZ/20b6502896df3893414233cb5fe1b803/9.png,94,84,95,87,56,73,69,52,21,63,61,52,68,82,26,46,72,59,86,72,14,15,35,25,69,31,73,30,30,30,15,75,40,64,71,24,35,35,35,Default,36,58,93,64,48,55,10,10,15,15,25,12,86,52,73
20724,Nick,Allegretti,Right Guard,RG,Washington Commanders,26,73,29,Illinois,76,310,67,6,Agile - G,"https://ratings-images-prod.pulse.ea.com/madden-nfl-26/portraits/1390.png?im=FaceCrop,padding=0.7",https://drop-assets.ea.com/images/42h6FyIuthDAiH4cTWUXRH/bb952a9252013b5bfdf77ac3f4011601/RatingsteamcrestWashingtonCommanders256.png,68,64,73,82,83,85,14,31,12,6,40,10,42,55,5,17,35,82,91,12,17,22,14,80,12,5,73,76,74,78,6,27,22,10,35,12,76,79,73,Default Stride Awkward,19,12,67,11,38,41,6,6,6,6,23,12,86,25,12
20511,Noah,Fant,Tight End,TE,Cincinnati Bengals,2,73,27,Iowa,76,249,86,6,Vertical Threat - TE,"https://ratings-images-prod.pulse.ea.com/madden-nfl-26/portraits/9452.png?im=FaceCrop,padding=0.7",https://drop-assets.ea.com/images/5oemvWKqCFgBCkCI4h9A2U/0629c6d345fe01a14ba9f40554fd182e/2.png,91,87,87,87,72,67,80,38,18,67,76,77,84,76,61,19,26,60,90,72,12,17,10,47,16,64,73,59,58,56,10,28,16,19,38,71,59,59,56,Long Stride Loose,68,81,87,64,62,41,10,15,20,10,28,14,82,64,22
15293,Nohl,Williams,Cornerback,CB,Kansas City Chiefs,9,73,22,California,72,199,20,0,Manto Man - CB,"https://ratings-images-prod.pulse.ea.com/madden-nfl-26/portraits/10783.png?im=FaceCrop,padding=0.7",https://drop-assets.ea.com/images/3g9AewmTPjE4A7yc2tobiZ/20b6502896df3893414233cb5fe1b803/9.png,89,84,83,94,63,72,75,56,19,52,68,68,79,83,34,32,69,57,92,72,18,30,79,24,76,36,73,35,35,25,6,72,31,76,75,37,35,35,25,Default,39,74,89,65,38,64,6,6,6,6,25,7,92,38,76
20802,Olamide,Zaccheaus,Wide Receiver,WR,Chicago Bears,1,73,28,Virginia,68,193,14,6,,"https://ratings-images-prod.pulse.ea.com/madden-nfl-26/portraits/688.png?im=FaceCrop,padding=0.7",https://drop-assets.ea.com/images/6jaEsYrn1V45DziwibpsDk/ed66ad67e63f08a3a7c25ce951dbf5b9/1.png,89,85,85,85,54,77,79,35,24,75,72,79,84,85,76,23,25,44,88,82,15,13,72,31,15,76,73,35,19,19,13,30,15,10,39,72,45,17,23,Default Stride Loose,77,80,90,75,39,35,7,12,19,10,31,20,84,35,23
15049,Ollie,Gordon II,Halfback,HB,Miami Dolphins,12,73,21,Oklahoma St.,73,226,31,0,Power Back - HB,"https://ratings-images-prod.pulse.ea.com/madden-nfl-26/portraits/10563.png?im=FaceCrop,padding=0.7",https://drop-assets.ea.com/images/1rcCzp9f3OyZFzRBRFJVpC/8dc08dce09c05a748587769908cd710c/12.png,88,83,87,89,76,76,82,36,33,82,90,48,69,82,50,30,37,35,92,78,25,25,69,34,27,56,73,54,36,40,29,28,29,22,42,56,37,28,29,Long Stride Default,62,48,86,73,83,38,31,32,38,39,51,35,87,82,20
15180,Oluwafemi,Oladejo,Left Edge,LEDG,Tennessee Titans,30,73,21,UCLA,75,261,7,0,Smaller Speed Rusher - DE,"https://ratings-images-prod.pulse.ea.com/madden-nfl-26/portraits/10683.png?im=FaceCrop,padding=0.7",https://drop-assets.ea.com/images/2YxvlDMaJsJwNQ4lS7qdCQ/d850f60dcbdcd71fb162eb55a46c7969/30.png,87,83,86,83,81,72,40,75,13,32,51,47,55,74,5,72,81,81,90,37,24,27,28,23,49,10,73,45,45,45,6,72,73,41,80,16,45,45,45,Long Stride Loose,17,47,85,31,38,80,10,15,20,10,26,15,90,32,57
15125,Ozzy,Trapilo,Left Tackle,LT,Chicago Bears,1,73,23,Boston College,80,312,75,0,Agile - OT,"https://ratings-images-prod.pulse.ea.com/madden-nfl-26/portraits/10757.png?im=FaceCrop,padding=0.7",https://drop-assets.ea.com/images/6jaEsYrn1V45DziwibpsDk/ed66ad67e63f08a3a7c25ce951dbf5b9/1.png,74,61,74,86,87,74,10,28,13,6,34,17,24,57,5,23,24,83,84,15,27,22,10,83,14,5,73,79,78,77,6,22,29,10,26,21,77,78,77,Long Stride Awkward,15,20,65,10,12,21,6,6,6,6,14,14,83,29,16
20856,Patrick,Mekari,Right Guard,RG,Jacksonville Jaguars,17,73,28,California,76,305,65,6,Power - G,"https://ratings-images-prod.pulse.ea.com/madden-nfl-26/portraits/457.png?im=FaceCrop,padding=0.7",https://drop-assets.ea.com/images/4s3Xa9huMY7IrNAc9h1TDa/9eb764bbfbbb6a2f651e3d44cdcfa103/17.png,68,58,67,86,85,86,15,25,12,9,33,10,22,50,5,15,30,83,87,12,20,22,10,76,9,5,73,75,73,76,6,30,15,10,31,12,75,73,77,Default Stride Awkward,10,12,72,10,10,34,6,6,6,6,22,10,84,23,12
21688,Payton,Turner,Right Edge,REDG,Dallas Cowboys,11,73,26,Houston,78,270,98,4,Power Rusher - DE,"https://ratings-images-prod.pulse.ea.com/madden-nfl-26/portraits/1631.png?im=FaceCrop,padding=0.7",https://drop-assets.ea.com/images/4fzYNoreZSo04KbSHo3Sqn/0855e78441c821f956abac278f04abb7/11.png,84,83,85,74,82,68,27,73,12,16,39,19,37,72,4,66,86,86,84,36,15,15,10,17,23,7,73,45,45,45,6,63,75,16,82,16,45,45,45,Long Stride Loose,15,21,80,31,30,84,6,6,6,6,28,13,84,30,34
15313,Quincy,Riley,Cornerback,CB,New Orleans Saints,27,73,24,Louisville,71,194,29,0,Manto Man - CB,"https://ratings-images-prod.pulse.ea.com/madden-nfl-26/portraits/10706.png?im=FaceCrop,padding=0.7",https://drop-assets.ea.com/images/5beev0Bk7MVWyDSbEqr75u/837fe770a82d43aa3028a13988d8baf3/27.png,90,90,85,89,64,73,74,44,28,45,66,65,77,85,30,32,56,48,86,72,17,22,75,26,76,33,73,35,35,25,27,70,32,73,72,33,35,35,25,Short Stride Loose,32,71,90,66,35,48,12,12,20,25,28,29,85,33,75
15109,Robbie,Ouzts,Fullback,FB,Seattle Seahawks,28,73,22,Alabama,76,274,40,0,Blocking - FB,"https://ratings-images-prod.pulse.ea.com/madden-nfl-26/portraits/10685.png?im=FaceCrop,padding=0.7",https://drop-assets.ea.com/images/2WrGCB8Atuo0aZ4MbstBrI/bbe9263ce111287adcef479efbc72160/28.png,74,72,82,82,82,69,63,37,27,56,70,68,75,68,51,30,40,73,86,56,24,28,23,85,18,58,73,57,55,56,17,30,37,16,40,57,62,64,60,Long Stride Default,65,69,75,49,60,44,27,8,27,30,23,25,87,69,25
17897,Roy,Robertson-Harris,Defensive Tackle,DT,NY Giants,16,73,32,UTEP,77,290,95,9,,"https://ratings-images-prod.pulse.ea.com/madden-nfl-26/portraits/8196.png?im=FaceCrop,padding=0.7",https://drop-assets.ea.com/images/5hloGwLNaCrg2IBn0CoWVb/b5996a802009a4252f992182bd9acf85/16.png,72,71,84,79,82,87,25,75,12,16,21,10,40,62,2,65,76,79,86,25,30,30,10,10,30,3,73,45,45,45,6,85,73,28,78,12,45,45,45,Default Stride Awkward,10,15,77,25,54,77,6,6,6,6,34,12,85,46,45
14850,Ruke,Orhorhoro,Defensive Tackle,DT,Atlanta Falcons,14,73,23,Clemson,76,290,98,1,,"https://ratings-images-prod.pulse.ea.com/madden-nfl-26/portraits/10202.png?im=FaceCrop,padding=0.7",https://drop-assets.ea.com/images/3NTxf2X9VWdF6aL91pHAVu/6002a1f3e761a58c3b00f0e08bdccf5f/14.png,83,71,78,83,90,64,36,76,12,16,34,10,48,64,3,66,83,87,84,32,19,21,9,18,23,6,73,45,44,45,6,66,76,22,80,17,45,45,44,Default Stride Bread Loaf,13,12,76,27,36,80,6,6,6,6,22,15,88,33,29
22150,Sam,Williams,Right Edge,REDG,Dallas Cowboys,11,73,26,Ole Miss,76,261,54,3,Power Rusher - DE,"https://ratings-images-prod.pulse.ea.com/madden-nfl-26/portraits/2037.png?im=FaceCrop,padding=0.7",https://drop-assets.ea.com/images/4fzYNoreZSo04KbSHo3Sqn/0855e78441c821f956abac278f04abb7/11.png,90,82,86,74,79,68,27,67,19,19,35,34,42,70,5,64,79,85,88,27,14,12,10,21,30,7,73,45,45,45,6,65,74,24,82,13,45,45,45,Long Stride Loose,10,30,88,23,33,79,6,6,6,6,20,14,78,33,40
23078,Starling,Thomas V,Cornerback,CB,Arizona Cardinals,7,73,25,UAB,70,194,24,2,Manto Man - CB,"https://ratings-images-prod.pulse.ea.com/madden-nfl-26/portraits/10449.png?im=FaceCrop,padding=0.7",https://drop-assets.ea.com/images/5NdzvrqrP3clJDBL6kdTmu/1f61914ff14c6f4be0240d71e622f9c6/7.png,90,82,89,85,56,73,70,42,23,62,52,57,65,82,30,42,70,40,88,73,18,15,64,24,73,34,73,30,25,25,14,74,32,69,70,35,35,35,35,Default Stride Loose,39,61,93,70,35,63,19,24,29,28,31,12,79,33,71
15241,T.J.,Sanders,Defensive Tackle,DT,Buffalo Bills,3,73,22,South Carolina,76,297,98,0,,"https://ratings-images-prod.pulse.ea.com/madden-nfl-26/portraits/10719.png?im=FaceCrop,padding=0.7",https://drop-assets.ea.com/images/212FXcpkDUjs9ZJpZ038pM/676904f80719bc724267b7eb5609c6af/3.png,83,61,77,76,88,73,20,80,13,25,39,16,20,58,10,68,78,86,90,19,14,15,22,24,14,13,73,45,45,45,6,70,75,15,77,15,45,45,45,Long Stride Awkward,15,17,74,17,32,78,6,6,6,6,28,12,89,27,18
15072,Tez,Johnson,Wide Receiver,WR,Tampa Bay Buccaneers,6,73,23,Oregon,70,165,15,0,,"https://ratings-images-prod.pulse.ea.com/madden-nfl-26/portraits/10613.png?im=FaceCrop,padding=0.7",https://drop-assets.ea.com/images/1L5Fn21WqZN9jcLucGYg4c/ce29db9b9b4775d4e8fc337bf5c65027/6.png,91,93,88,85,58,66,81,22,32,71,75,77,83,90,75,17,18,43,88,83,22,27,77,29,21,74,73,22,15,22,29,37,18,21,19,66,48,12,14,Short Stride Default,75,76,89,78,36,19,44,43,49,47,63,39,78,29,28
12908,Thomas,Hennessy,Long Snapper,LS,NY Jets,18,73,31,Duke,74,246,42,8,Accurate - LS,"https://ratings-images-prod.pulse.ea.com/madden-nfl-26/portraits/9200.png?im=FaceCrop,padding=0.7",https://drop-assets.ea.com/images/7M46e9acznPLjtJlC7FaWV/ef5cfc9e8306cbdae723a5f7e809b0fd/18.png,73,67,73,77,67,60,25,48,10,15,63,49,61,67,34,10,60,72,94,30,13,13,10,58,25,39,73,59,40,50,6,37,10,15,48,30,45,35,40,Long Stride Loose,44,52,74,25,45,59,6,6,6,6,38,10,76,34,24
13123,Tim,Settle Jr,Defensive Tackle,DT,Houston Texans,32,73,28,Virginia Tech,75,313,98,7,,"https://ratings-images-prod.pulse.ea.com/madden-nfl-26/portraits/9055.png?im=FaceCrop,padding=0.7",https://drop-assets.ea.com/images/4rWKgLRDGADEZ3pTbdrpW0/793a695de8ea5caf8f2e1b3973ae1b61/32.png,66,56,65,80,88,74,23,76,12,16,27,15,26,50,3,72,79,89,93,25,15,15,10,33,18,7,73,45,45,45,6,77,78,14,78,15,45,45,45,Long Stride Awkward,15,15,69,14,33,83,6,6,6,6,16,15,89,39,27
15058,Tre',Harris,Wide Receiver,WR,Los Angeles Chargers,8,73,23,Ole Miss,75,210,9,0,Deep Threat - WR,"https://ratings-images-prod.pulse.ea.com/madden-nfl-26/portraits/10578.png?im=FaceCrop,padding=0.7",https://drop-assets.ea.com/images/1nyokQ4GLHKjmDL5IorxkB/29267d1765bd7f27730a007e1b070ec4/8.png,91,82,91,87,68,76,80,38,36,74,71,83,82,82,76,33,30,45,87,81,25,33,69,31,24,73,73,21,14,21,32,36,31,25,37,75,49,30,27,Long Stride Default,75,85,88,75,54,21,40,44,51,43,64,33,89,46,27
13645,Trent,Sieg,Long Snapper,LS,Dallas Cowboys,11,73,29,Colorado St.,75,240,44,7,Power - LS,"https://ratings-images-prod.pulse.ea.com/madden-nfl-26/portraits/9918.png?im=FaceCrop,padding=0.7",https://drop-assets.ea.com/images/4fzYNoreZSo04KbSHo3Sqn/0855e78441c821f956abac278f04abb7/11.png,68,76,71,80,72,64,41,46,18,25,58,42,47,60,20,26,45,67,89,52,20,17,35,49,24,26,73,53,49,54,6,46,24,16,49,27,50,49,46,Default Stride Loose,30,45,75,42,44,65,6,6,6,6,29,10,88,45,25
22069,Treylon,Burks,Wide Receiver,WR,Washington Commanders,26,73,25,Arkansas,74,225,13,3,,"https://ratings-images-prod.pulse.ea.com/madden-nfl-26/portraits/1226.png?im=FaceCrop,padding=0.7",https://drop-assets.ea.com/images/42h6FyIuthDAiH4cTWUXRH/bb952a9252013b5bfdf77ac3f4011601/RatingsteamcrestWashingtonCommanders256.png,91,89,85,83,74,69,86,42,35,78,77,82,81,86,70,17,40,50,83,82,16,19,77,32,26,72,73,34,27,30,23,33,12,24,46,65,46,31,29,Default,73,86,89,74,76,46,23,33,39,30,53,31,84,75,34
22062,Ty,Chandler,Halfback,HB,Minnesota Vikings,31,73,27,North Carolina,71,204,32,3,Elusive Back - HB,"https://ratings-images-prod.pulse.ea.com/madden-nfl-26/portraits/1267.png?im=FaceCrop,padding=0.7",https://drop-assets.ea.com/images/bzuWJaOZo5LCC4SwdbVzx/f6dc0006f59641745e50721d0d8c9d38/31.png,95,81,77,87,65,76,80,25,19,77,90,56,67,79,51,10,26,36,92,79,17,22,76,41,11,57,73,45,35,30,18,11,10,10,35,51,46,32,25,Default,64,57,93,71,69,32,15,20,25,16,28,14,88,76,18
14701,Tyler,Guyton,Left Tackle,LT,Dallas Cowboys,11,73,23,Oklahoma,79,327,60,1,Power - OT,"https://ratings-images-prod.pulse.ea.com/madden-nfl-26/portraits/10092.png?im=FaceCrop,padding=0.7",https://drop-assets.ea.com/images/4fzYNoreZSo04KbSHo3Sqn/0855e78441c821f956abac278f04abb7/11.png,75,71,83,85,85,81,19,29,12,18,39,22,33,59,15,24,33,87,91,41,8,9,10,82,16,17,73,77,73,77,7,33,23,13,39,15,77,79,75,Long Stride Awkward,21,25,67,35,32,28,7,9,12,5,25,7,84,25,14
17644,Tyler,Higbee,Tight End,TE,Los Angeles Rams,24,73,32,W. Kentucky,78,255,89,9,Possession - TE,"https://ratings-images-prod.pulse.ea.com/madden-nfl-26/portraits/8050.png?im=FaceCrop,padding=0.7",https://drop-assets.ea.com/images/wS8JnLBEBj9eq68rO1qTb/b7b5285ad842936bc21bb149eb8c31b8/24.png,78,81,83,92,79,74,78,32,12,68,78,81,85,69,60,17,27,65,91,68,19,21,18,50,14,62,73,60,56,59,10,22,17,17,33,71,64,63,59,Long Stride Default,68,83,81,58,72,34,16,18,22,21,26,16,90,73,21
13232,Tyquan,Lewis,Left Edge,LEDG,Indianapolis Colts,10,73,30,Ohio State,75,277,94,7,Power Rusher - DE,"https://ratings-images-prod.pulse.ea.com/madden-nfl-26/portraits/8973.png?im=FaceCrop,padding=0.7",https://drop-assets.ea.com/images/5yTvAS7xG5Z8qw65gMLzSU/037cfcd90e26ee06666a24d762791f65/10.png,87,74,85,76,83,69,36,78,13,25,28,27,33,66,4,62,81,81,82,29,13,17,10,17,29,8,73,45,45,45,6,70,76,21,81,13,45,45,45,Long Stride Default,15,24,80,21,28,82,6,6,6,6,20,15,88,26,38
22973,Tyree,Wilson,Right Edge,REDG,Las Vegas Raiders,23,73,25,Texas Tech,78,271,9,2,Power Rusher - DE,"https://ratings-images-prod.pulse.ea.com/madden-nfl-26/portraits/2482.png?im=FaceCrop,padding=0.7",https://drop-assets.ea.com/images/5ZrNmFWgR1vnwTOdqVmwYy/fe13aa7566120fb59130404e168c59ca/23.png,87,76,82,75,85,71,38,74,12,26,45,44,49,70,5,61,87,82,87,40,17,15,10,33,35,8,73,40,40,40,6,71,74,44,80,12,45,45,45,Long Stride Loose,10,47,81,32,62,81,6,6,6,6,22,17,90,48,45
20623,Ugo,Amadi,Cornerback,CB,New Orleans Saints,27,73,28,Oregon,69,201,0,6,Slot - CB,"https://ratings-images-prod.pulse.ea.com/madden-nfl-26/portraits/9368.png?im=FaceCrop,padding=0.7",https://drop-assets.ea.com/images/5beev0Bk7MVWyDSbEqr75u/837fe770a82d43aa3028a13988d8baf3/27.png,88,82,82,90,62,71,69,53,19,51,62,56,69,84,20,48,75,56,90,72,20,20,81,17,74,25,73,35,35,35,20,71,42,76,74,25,35,35,35,Default Stride Loose,35,62,90,63,48,69,17,20,25,21,30,23,92,44,77
22908,Warren,McClendon Jr,Right Tackle,RT,Los Angeles Rams,24,73,24,Georgia,76,317,71,2,Power - OT,"https://ratings-images-prod.pulse.ea.com/madden-nfl-26/portraits/2302.png?im=FaceCrop,padding=0.7",https://drop-assets.ea.com/images/wS8JnLBEBj9eq68rO1qTb/b7b5285ad842936bc21bb149eb8c31b8/24.png,77,53,65,83,88,72,13,35,12,13,24,21,25,50,10,33,39,84,89,10,12,12,10,72,10,15,73,75,72,78,5,23,41,10,42,17,80,83,77,Long Stride Awkward,20,22,69,10,10,40,5,5,5,5,10,7,89,10,10
13392,Will,Dissly,Tight End,TE,Los Angeles Chargers,8,73,29,Washington,76,265,89,7,Possession - TE,"https://ratings-images-prod.pulse.ea.com/madden-nfl-26/portraits/8871.png?im=FaceCrop,padding=0.7",https://drop-assets.ea.com/images/1nyokQ4GLHKjmDL5IorxkB/29267d1765bd7f27730a007e1b070ec4/8.png,79,77,76,85,78,67,74,45,18,72,74,80,83,70,58,41,43,72,88,73,14,15,25,59,14,62,73,65,58,63,12,32,39,10,51,67,70,69,72,Default Stride Loose,65,80,82,67,57,45,12,18,27,10,25,10,85,74,19
22769,Xavier,Hutchinson,Wide Receiver,WR,Houston Texans,32,73,25,Iowa State,75,205,19,2,Slot - WR,"https://ratings-images-prod.pulse.ea.com/madden-nfl-26/portraits/4419.png?im=FaceCrop,padding=0.7",https://drop-assets.ea.com/images/4rWKgLRDGADEZ3pTbdrpW0/793a695de8ea5caf8f2e1b3973ae1b61/32.png,89,86,86,86,62,77,85,25,30,75,71,82,86,83,73,10,29,40,92,75,15,19,29,20,14,74,73,26,22,19,30,17,10,18,38,69,45,20,25,Default,75,83,88,68,57,32,38,42,47,45,57,35,91,52,19
22920,Zach,Harrison,Defensive Tackle,DT,Atlanta Falcons,14,73,24,Ohio State,78,272,96,2,Power Rusher - DT,"https://ratings-images-prod.pulse.ea.com/madden-nfl-26/portraits/2182.png?im=FaceCrop,padding=0.7",https://drop-assets.ea.com/images/3NTxf2X9VWdF6aL91pHAVu/6002a1f3e761a58c3b00f0e08bdccf5f/14.png,87,73,83,72,81,74,46,76,26,34,35,41,46,61,24,69,85,85,89,44,12,15,10,32,35,26,73,40,40,40,5,71,78,44,76,32,45,45,45,Long Stride Loose,29,49,83,37,64,81,13,14,20,22,23,12,83,45,44
22340,Zamir,White,Halfback,HB,Las Vegas Raiders,23,73,25,Georgia,72,215,3,3,Elusive Back - HB,"https://ratings-images-prod.pulse.ea.com/madden-nfl-26/portraits/2030.png?im=FaceCrop,padding=0.7",https://drop-assets.ea.com/images/5ZrNmFWgR1vnwTOdqVmwYy/fe13aa7566120fb59130404e168c59ca/23.png,91,84,80,87,78,75,81,37,20,80,89,46,62,82,34,10,35,40,86,80,17,21,70,25,11,43,73,52,23,28,14,13,10,14,43,43,39,26,32,Default Stride High and Tight,49,43,91,73,78,36,10,15,20,19,31,15,86,84,14
14769,Adisa,Isaac,Right Edge,REDG,Baltimore Ravens,25,72,23,Penn State,76,254,50,1,Smaller Speed Rusher - DE,"https://ratings-images-prod.pulse.ea.com/madden-nfl-26/portraits/10114.png?im=FaceCrop,padding=0.7",https://drop-assets.ea.com/images/3zZnTQ4izXUrnVi3ryTBcm/a12a28ccd2af4c0a0930b58db73552a7/25.png,86,77,83,78,72,73,24,71,14,13,24,21,25,71,5,75,74,78,83,41,21,22,10,20,42,7,72,49,51,48,6,71,71,42,80,12,49,50,45,Long Stride Bread Loaf,10,22,81,35,34,79,6,6,6,6,19,10,83,26,49
21160,Akeem,Davis-Gaither,Mike Backer,MIKE,Arizona Cardinals,7,72,27,Appalach. St.,74,228,27,5,Field General - MLB,"https://ratings-images-prod.pulse.ea.com/madden-nfl-26/portraits/245.png?im=FaceCrop,padding=0.7",https://drop-assets.ea.com/images/5NdzvrqrP3clJDBL6kdTmu/1f61914ff14c6f4be0240d71e622f9c6/7.png,91,85,86,84,70,73,52,67,15,38,62,45,63,78,18,58,82,76,85,63,19,25,40,17,60,28,72,40,35,35,15,73,52,60,83,15,35,35,35,Default,33,60,87,60,46,82,10,10,15,15,30,10,88,54,67
22313,Alex,Wright,Left Edge,LEDG,Cleveland Browns,5,72,24,UAB,77,267,91,3,Power Rusher - DE,"https://ratings-images-prod.pulse.ea.com/madden-nfl-26/portraits/2057.png?im=FaceCrop,padding=0.7",https://drop-assets.ea.com/images/4qbblHggBjaH9o46kyGeFo/27cab0f308b54edbd469e9b20cb506f7/5.png,84,70,74,73,73,78,40,77,12,30,44,39,42,66,27,67,76,86,88,40,15,15,10,19,22,30,72,45,45,45,6,77,76,25,81,31,45,45,45,Long Stride Default,35,41,79,32,42,82,6,6,6,6,15,10,87,32,31
15206,Alfred,Collins,Defensive Tackle,DT,San Francisco 49ers,15,72,23,Texas,78,332,95,0,,"https://ratings-images-prod.pulse.ea.com/madden-nfl-26/portraits/10521.png?im=FaceCrop,padding=0.7",https://drop-assets.ea.com/images/1SoIzWJtk28ygwNAPEMRnf/deaee9a60ace23f7eaeaf4275c2282b0/15.png,79,69,75,77,92,73,27,72,17,27,45,35,42,52,10,59,78,89,91,22,21,20,23,26,11,13,72,45,45,45,12,73,74,10,78,16,45,45,45,Long Stride Awkward,15,36,73,17,30,78,7,10,15,10,24,13,91,33,15
2402,Ameer,Abdullah,Halfback,HB,Indianapolis Colts,10,72,32,Nebraska,69,203,26,10,Elusive Back - HB,"https://ratings-images-prod.pulse.ea.com/madden-nfl-26/portraits/6981.png?im=FaceCrop,padding=0.7",https://drop-assets.ea.com/images/5yTvAS7xG5Z8qw65gMLzSU/037cfcd90e26ee06666a24d762791f65/10.png,91,86,90,84,68,76,76,30,26,74,83,56,72,86,45,5,21,22,91,84,21,23,87,24,10,55,72,54,44,48,10,23,5,25,17,53,37,18,19,Default Stride High and Tight,63,52,89,75,66,42,15,25,30,10,35,17,82,57,19
22893,Anthony,Bradford,Right Guard,RG,Seattle Seahawks,28,72,24,LSU,77,345,75,2,Power - G,"https://ratings-images-prod.pulse.ea.com/madden-nfl-26/portraits/1705.png?im=FaceCrop,padding=0.7",https://drop-assets.ea.com/images/2WrGCB8Atuo0aZ4MbstBrI/bbe9263ce111287adcef479efbc72160/28.png,84,56,74,83,92,74,11,25,12,9,31,16,24,52,7,10,20,86,87,10,16,15,10,70,11,9,72,69,65,72,5,21,10,10,22,11,77,74,79,Long Stride Awkward,11,14,70,10,10,30,6,7,10,6,12,7,85,14,12
20649,Ashton,Dulin,Wide Receiver,WR,Indianapolis Colts,10,72,28,Malone University,73,215,16,6,Deep Threat - WR,"https://ratings-images-prod.pulse.ea.com/madden-nfl-26/portraits/9444.png?im=FaceCrop,padding=0.7",https://drop-assets.ea.com/images/5yTvAS7xG5Z8qw65gMLzSU/037cfcd90e26ee06666a24d762791f65/10.png,92,88,88,85,61,74,80,28,20,73,74,80,83,81,74,10,27,44,88,78,14,18,83,23,10,71,72,33,22,26,16,15,10,15,43,71,42,22,25,Default,72,79,92,74,49,41,12,16,22,21,35,20,83,47,18
17742,Austin,Johnson,Defensive Tackle,DT,Jacksonville Jaguars,17,72,31,Penn State,76,314,99,9,,"https://ratings-images-prod.pulse.ea.com/madden-nfl-26/portraits/8075.png?im=FaceCrop,padding=0.7",https://drop-assets.ea.com/images/4s3Xa9huMY7IrNAc9h1TDa/9eb764bbfbbb6a2f651e3d44cdcfa103/17.png,63,56,66,80,89,73,24,74,12,10,32,14,29,52,3,56,80,83,94,17,17,17,9,19,22,6,72,45,45,44,6,76,72,13,77,15,45,45,45,Long Stride High and Tight,13,16,72,17,25,83,6,6,6,6,23,12,89,29,29
21100,Ben,Bartch,Left Guard,LG,San Francisco 49ers,15,72,27,St. John's,78,315,78,5,Agile - G,"https://ratings-images-prod.pulse.ea.com/madden-nfl-26/portraits/84.png?im=FaceCrop,padding=0.7",https://drop-assets.ea.com/images/1SoIzWJtk28ygwNAPEMRnf/deaee9a60ace23f7eaeaf4275c2282b0/15.png,61,68,70,86,85,75,33,15,12,40,56,40,54,52,24,10,35,83,87,36,27,37,10,84,12,33,72,72,74,71,6,15,15,10,22,34,76,78,74,Long Stride Default,40,44,67,30,27,29,6,6,6,6,25,5,92,46,15
22701,BJ,Ojulari,Left Edge,LEDG,Arizona Cardinals,7,72,23,LSU,74,248,9,2,Smaller Speed Rusher - DE,"https://ratings-images-prod.pulse.ea.com/madden-nfl-26/portraits/2341.png?im=FaceCrop,padding=0.7",https://drop-assets.ea.com/images/5NdzvrqrP3clJDBL6kdTmu/1f61914ff14c6f4be0240d71e622f9c6/7.png,91,84,81,78,75,61,24,68,14,13,30,21,29,73,5,74,84,71,85,41,21,22,10,45,41,7,72,49,51,48,6,62,66,42,84,12,49,50,45,Default Stride Bread Loaf,10,22,86,35,34,76,6,6,6,6,19,10,76,26,50
24423,Blake,Brandel,Right Guard,RG,Minnesota Vikings,31,72,28,Oregon State,79,315,64,5,Power - G,"https://ratings-images-prod.pulse.ea.com/madden-nfl-26/portraits/834.png?im=FaceCrop,padding=0.7",https://drop-assets.ea.com/images/bzuWJaOZo5LCC4SwdbVzx/f6dc0006f59641745e50721d0d8c9d38/31.png,63,52,76,79,87,81,10,15,12,5,29,10,23,47,5,10,35,83,88,10,27,37,10,81,12,5,72,75,71,79,6,15,15,10,22,12,74,77,71,Default Stride Awkward,10,12,69,10,10,29,6,6,6,6,25,5,92,15,15
22084,Bo,Melton,Wide Receiver,WR,Green Bay Packers,20,72,26,Rutgers,71,189,16,3,,"https://ratings-images-prod.pulse.ea.com/madden-nfl-26/portraits/1850.png?im=FaceCrop,padding=0.7",https://drop-assets.ea.com/images/4ztQk5XogdkrJe6reVd3h8/16ecf8a0f4caf228c6e54ad0f8e17425/20.png,93,90,88,82,65,63,78,42,29,75,68,78,81,91,74,30,53,49,87,79,20,20,74,33,64,72,72,28,20,24,15,60,25,63,61,69,50,33,27,Short Stride Default,73,80,94,71,63,55,10,15,20,25,32,24,80,60,69
14631,Braelon,Allen,Halfback,HB,NY Jets,18,72,21,Wisconsin,73,235,0,1,Elusive Back - HB,"https://ratings-images-prod.pulse.ea.com/madden-nfl-26/portraits/9996.png?im=FaceCrop,padding=0.7",https://drop-assets.ea.com/images/7M46e9acznPLjtJlC7FaWV/ef5cfc9e8306cbdae723a5f7e809b0fd/18.png,89,83,78,86,79,77,79,48,37,79,87,51,64,85,50,29,55,49,85,82,12,17,65,46,34,55,72,58,36,39,30,33,38,34,44,54,44,34,38,Long Stride Default,62,51,88,74,76,45,21,28,34,40,43,29,84,85,42
13377,Braxton,Berrios,Wide Receiver,WR,Houston Texans,32,72,29,Miami,69,190,17,7,Slot - WR,"https://ratings-images-prod.pulse.ea.com/madden-nfl-26/portraits/8820.png?im=FaceCrop,padding=0.7",https://drop-assets.ea.com/images/4rWKgLRDGADEZ3pTbdrpW0/793a695de8ea5caf8f2e1b3973ae1b61/32.png,89,90,86,86,55,72,81,29,27,71,72,79,84,86,72,10,15,39,89,79,13,18,81,21,18,75,72,34,16,16,6,18,10,10,34,68,36,7,14,Short Stride Loose,77,76,90,73,39,25,6,10,15,10,19,20,77,34,25
2109,Brent,Urban,Defensive Tackle,DT,Baltimore Ravens,25,72,34,Virginia,79,309,97,11,,"https://ratings-images-prod.pulse.ea.com/madden-nfl-26/portraits/6620.png?im=FaceCrop,padding=0.7",https://drop-assets.ea.com/images/3zZnTQ4izXUrnVi3ryTBcm/a12a28ccd2af4c0a0930b58db73552a7/25.png,73,65,69,74,81,78,40,76,12,22,48,25,34,53,2,56,78,81,74,45,25,17,10,18,25,3,72,45,45,45,6,81,71,12,77,15,45,45,45,Default Stride Awkward,10,30,71,36,40,82,6,6,6,6,25,14,79,50,29
2532,Bud,Dupree,Right Edge,REDG,Los Angeles Chargers,8,72,32,Kentucky,76,269,48,10,Power Rusher - DE,"https://ratings-images-prod.pulse.ea.com/madden-nfl-26/portraits/7095.png?im=FaceCrop,padding=0.7",https://drop-assets.ea.com/images/1nyokQ4GLHKjmDL5IorxkB/29267d1765bd7f27730a007e1b070ec4/8.png,85,75,93,80,76,75,39,75,12,15,50,26,62,66,5,65,88,82,81,46,20,25,10,19,43,5,72,45,45,45,6,76,75,56,84,30,45,45,45,Default,15,36,83,45,43,79,6,6,6,6,33,14,84,40,56
14945,Caelen,Carson,Cornerback,CB,Dallas Cowboys,11,72,23,Wake Forest,72,193,21,1,Zone - CB,"https://ratings-images-prod.pulse.ea.com/madden-nfl-26/portraits/10029.png?im=FaceCrop,padding=0.7",https://drop-assets.ea.com/images/4fzYNoreZSo04KbSHo3Sqn/0855e78441c821f956abac278f04abb7/11.png,93,89,85,86,52,71,62,52,22,59,54,57,68,88,14,27,69,45,93,70,17,18,45,15,66,16,72,15,11,12,7,72,33,73,76,27,25,22,16,Default Stride Loose,26,56,88,67,44,66,6,11,19,15,27,11,84,26,73
13341,Chase,Edmonds,Halfback,HB,Washington Commanders,26,72,29,Fordham,69,205,38,7,Elusive Back - HB,"https://ratings-images-prod.pulse.ea.com/madden-nfl-26/portraits/8873.png?im=FaceCrop,padding=0.7",https://drop-assets.ea.com/images/42h6FyIuthDAiH4cTWUXRH/bb952a9252013b5bfdf77ac3f4011601/RatingsteamcrestWashingtonCommanders256.png,90,88,82,85,64,69,79,23,22,76,87,61,73,86,59,5,18,28,81,83,12,18,70,27,10,61,72,53,33,27,16,16,5,14,39,61,29,18,23,Default,72,57,90,75,67,31,12,16,22,17,26,17,84,51,17
17628,Chris,Moore,Wide Receiver,WR,Washington Commanders,26,72,32,Cincinnati,73,200,19,8,Slot - WR,"https://ratings-images-prod.pulse.ea.com/madden-nfl-26/portraits/8153.png?im=FaceCrop,padding=0.7",https://drop-assets.ea.com/images/42h6FyIuthDAiH4cTWUXRH/bb952a9252013b5bfdf77ac3f4011601/RatingsteamcrestWashingtonCommanders256.png,88,86,87,80,58,75,77,24,22,72,73,82,84,81,74,11,15,46,88,77,22,23,77,26,16,77,72,40,19,21,6,21,11,16,29,68,52,17,24,Default,76,82,88,74,48,26,12,15,18,10,26,19,77,32,24
12586,Chris,Wormley,Defensive Tackle,DT,Indianapolis Colts,10,72,31,Michigan,77,300,96,8,,"https://ratings-images-prod.pulse.ea.com/madden-nfl-26/portraits/8790.png?im=FaceCrop,padding=0.7",https://drop-assets.ea.com/images/5yTvAS7xG5Z8qw65gMLzSU/037cfcd90e26ee06666a24d762791f65/10.png,83,76,77,78,83,64,27,77,12,14,27,22,31,59,3,61,80,88,88,27,13,10,10,14,21,6,72,45,45,45,6,62,72,17,79,16,45,45,45,Long Stride Loose,13,18,76,15,33,86,6,6,6,6,21,13,85,39,29
22737,Chris,Rodriguez Jr,Halfback,HB,Washington Commanders,26,72,24,Kentucky,71,224,36,2,Power Back - HB,"https://ratings-images-prod.pulse.ea.com/madden-nfl-26/portraits/4910.png?im=FaceCrop,padding=0.7",https://drop-assets.ea.com/images/42h6FyIuthDAiH4cTWUXRH/bb952a9252013b5bfdf77ac3f4011601/RatingsteamcrestWashingtonCommanders256.png,91,79,85,82,74,78,81,35,33,80,90,51,60,79,37,12,49,50,92,76,12,14,60,45,30,44,72,57,54,55,10,40,11,32,46,40,45,45,45,Default Stride High and Tight,51,52,89,70,76,39,14,20,24,10,27,17,90,84,37
14709,Christian,Mahogany,Left Guard,LG,Detroit Lions,19,72,24,Boston College,75,314,73,1,Power - G,"https://ratings-images-prod.pulse.ea.com/madden-nfl-26/portraits/10164.png?im=FaceCrop,padding=0.7",https://drop-assets.ea.com/images/7cuE4tZcli1uQyZbvXWMrd/a2df9decdab28170691ca6631dd62139/19.png,76,60,79,85,89,65,24,32,9,23,21,21,28,63,9,23,38,85,87,22,12,19,10,82,8,11,72,74,73,75,7,24,34,10,25,14,77,77,78,Default Stride Awkward,15,22,68,16,25,27,5,6,7,5,26,8,93,31,9
14707,Christian,Haynes,Right Guard,RG,Seattle Seahawks,28,72,25,Connecticut,75,317,64,1,Power - G,"https://ratings-images-prod.pulse.ea.com/madden-nfl-26/portraits/10105.png?im=FaceCrop,padding=0.7",https://drop-assets.ea.com/images/2WrGCB8Atuo0aZ4MbstBrI/bbe9263ce111287adcef479efbc72160/28.png,75,68,80,86,87,76,33,20,7,32,33,31,29,56,10,10,38,83,95,27,15,15,10,82,12,11,72,73,72,75,11,23,10,10,29,21,72,72,71,Default Stride Awkward,19,32,71,23,44,33,13,15,21,9,23,7,93,35,15
22405,Christian,Harris,Weak Backer,WILL,Houston Texans,32,72,24,Alabama,73,226,48,3,Run Stopper - OLB,"https://ratings-images-prod.pulse.ea.com/madden-nfl-26/portraits/1756.png?im=FaceCrop,padding=0.7",https://drop-assets.ea.com/images/4rWKgLRDGADEZ3pTbdrpW0/793a695de8ea5caf8f2e1b3973ae1b61/32.png,93,84,83,84,69,72,51,67,15,37,55,50,69,82,29,62,86,81,90,57,24,22,39,26,65,31,72,45,45,45,6,73,55,58,84,37,45,45,45,Default Stride Loose,35,62,90,46,44,78,6,6,6,6,25,10,80,45,65
21932,Cole,Van Lanen,Left Tackle,LT,Jacksonville Jaguars,17,72,27,Wisconsin,76,312,70,4,Power - OT,"https://ratings-images-prod.pulse.ea.com/madden-nfl-26/portraits/1590.png?im=FaceCrop,padding=0.7",https://drop-assets.ea.com/images/4s3Xa9huMY7IrNAc9h1TDa/9eb764bbfbbb6a2f651e3d44cdcfa103/17.png,79,72,74,80,79,70,10,35,12,8,22,15,22,59,5,15,22,82,90,10,10,14,10,84,13,5,72,76,72,78,6,21,25,10,29,14,77,76,80,Default Stride Awkward,15,15,68,10,19,26,6,6,6,6,30,12,87,23,15
2500,D.J.,Humphries,Left Tackle,LT,Los Angeles Rams,24,72,31,Florida,77,307,72,10,Power - OT,"https://ratings-images-prod.pulse.ea.com/madden-nfl-26/portraits/7177.png?im=FaceCrop,padding=0.7",https://drop-assets.ea.com/images/wS8JnLBEBj9eq68rO1qTb/b7b5285ad842936bc21bb149eb8c31b8/24.png,63,55,76,91,87,75,15,35,12,5,40,10,35,52,5,10,25,84,83,10,6,13,10,75,18,5,72,77,72,79,6,25,10,10,32,12,73,72,76,Default Stride Awkward,10,12,65,10,10,45,6,6,6,6,10,12,87,21,12
15000,Dadrion,Taylor-Demerson,Free Safety,FS,Arizona Cardinals,7,72,24,Texas Tech,70,197,42,1,Hybrid - S,"https://ratings-images-prod.pulse.ea.com/madden-nfl-26/portraits/10260.png?im=FaceCrop,padding=0.7",https://drop-assets.ea.com/images/5NdzvrqrP3clJDBL6kdTmu/1f61914ff14c6f4be0240d71e622f9c6/7.png,93,85,90,85,57,67,79,51,22,74,71,66,70,86,39,32,74,49,89,78,11,12,55,19,69,45,72,22,15,14,9,69,27,67,75,44,25,19,15,Default Stride Loose,52,64,92,72,48,69,14,20,25,21,31,8,84,54,73
15214,Darius,Alexander,Defensive Tackle,DT,NY Giants,16,72,25,Toledo,76,305,91,0,,"https://ratings-images-prod.pulse.ea.com/madden-nfl-26/portraits/10474.png?im=FaceCrop,padding=0.7",https://drop-assets.ea.com/images/5hloGwLNaCrg2IBn0CoWVb/b5996a802009a4252f992182bd9acf85/16.png,79,73,78,86,86,68,49,81,13,37,50,34,50,63,10,74,76,85,89,39,21,23,26,24,31,13,72,45,45,45,10,68,78,17,75,14,45,45,45,Long Stride Loose,16,44,74,31,49,77,6,6,9,10,22,7,89,42,37
21006,Darnay,Holmes,Cornerback,CB,Las Vegas Raiders,23,72,27,UCLA,70,195,30,5,Manto Man - CB,"https://ratings-images-prod.pulse.ea.com/madden-nfl-26/portraits/365.png?im=FaceCrop,padding=0.7",https://drop-assets.ea.com/images/5ZrNmFWgR1vnwTOdqVmwYy/fe13aa7566120fb59130404e168c59ca/23.png,89,89,87,89,56,73,66,47,10,48,62,62,75,88,47,45,57,44,88,74,14,16,78,18,73,51,72,35,35,35,6,72,36,71,73,40,35,35,35,Short Stride Loose,55,72,90,68,42,53,6,6,6,6,29,10,87,33,72
20458,Darnell,Savage,Free Safety,FS,Buffalo Bills,3,72,28,Maryland,71,198,25,6,Hybrid - S,"https://ratings-images-prod.pulse.ea.com/madden-nfl-26/portraits/9621.png?im=FaceCrop,padding=0.7",https://drop-assets.ea.com/images/212FXcpkDUjs9ZJpZ038pM/676904f80719bc724267b7eb5609c6af/3.png,90,85,93,90,59,75,73,52,15,54,70,60,74,84,17,54,79,59,92,77,15,25,63,14,74,22,72,35,35,35,15,72,35,65,71,22,35,35,35,Default,34,68,92,71,40,59,10,10,15,15,20,10,84,38,71
22311,David,Ojabo,Right Edge,REDG,Baltimore Ravens,25,72,25,Michigan,76,255,90,3,Smaller Speed Rusher - DE,"https://ratings-images-prod.pulse.ea.com/madden-nfl-26/portraits/1867.png?im=FaceCrop,padding=0.7",https://drop-assets.ea.com/images/3zZnTQ4izXUrnVi3ryTBcm/a12a28ccd2af4c0a0930b58db73552a7/25.png,90,84,85,73,78,64,27,68,12,17,32,16,32,71,2,72,82,78,83,35,17,17,10,15,34,3,72,45,45,45,6,61,61,32,77,13,45,45,45,Default Stride Loose,10,17,87,29,26,80,6,6,6,6,20,11,85,27,42
17677,Deion,Jones,Mike Backer,MIKE,Tampa Bay Buccaneers,6,72,30,LSU,73,222,45,9,Pass Coverage - MLB,"https://ratings-images-prod.pulse.ea.com/madden-nfl-26/portraits/8084.png?im=FaceCrop,padding=0.7",https://drop-assets.ea.com/images/1L5Fn21WqZN9jcLucGYg4c/ce29db9b9b4775d4e8fc337bf5c65027/6.png,88,83,85,86,73,74,32,64,12,14,56,45,71,79,5,58,83,87,87,38,19,19,10,25,66,5,72,45,43,44,6,72,51,51,83,18,45,44,44,Default,15,60,87,32,26,77,6,6,6,6,25,10,78,27,70
15242,Deone,Walker,Defensive Tackle,DT,Buffalo Bills,3,72,21,Kentucky,79,331,96,0,,"https://ratings-images-prod.pulse.ea.com/madden-nfl-26/portraits/11002.png?im=FaceCrop,padding=0.7",https://drop-assets.ea.com/images/212FXcpkDUjs9ZJpZ038pM/676904f80719bc724267b7eb5609c6af/3.png,73,70,64,88,82,76,32,78,20,24,42,18,30,62,12,74,81,77,85,31,18,18,24,23,17,14,72,45,45,45,14,75,77,14,76,16,45,45,45,Long Stride Loose,16,18,61,23,29,84,10,11,12,18,22,17,86,26,22
14835,Devin,Neal,Halfback,HB,New Orleans Saints,27,72,22,Kansas,71,213,24,0,Elusive Back - HB,"https://ratings-images-prod.pulse.ea.com/madden-nfl-26/portraits/10676.png?im=FaceCrop,padding=0.7",https://drop-assets.ea.com/images/5beev0Bk7MVWyDSbEqr75u/837fe770a82d43aa3028a13988d8baf3/27.png,89,81,89,90,71,69,83,34,31,79,91,54,68,84,49,30,36,42,93,83,18,23,68,38,26,55,72,49,42,43,28,36,28,25,40,53,40,31,30,Default,60,53,87,79,67,40,23,29,36,34,45,31,89,74,30
21657,Dillon,Radunz,Left Guard,LG,New Orleans Saints,27,72,27,North Dakota St.,78,301,77,4,Agile - G,"https://ratings-images-prod.pulse.ea.com/madden-nfl-26/portraits/811.png?im=FaceCrop,padding=0.7",https://drop-assets.ea.com/images/5beev0Bk7MVWyDSbEqr75u/837fe770a82d43aa3028a13988d8baf3/27.png,73,74,78,83,84,81,16,32,11,8,29,25,28,57,5,20,35,86,84,19,18,18,10,79,13,5,72,73,71,75,6,18,25,15,29,20,76,78,74,Default Stride Awkward,15,15,69,11,21,31,6,6,6,6,19,14,94,25,15
14731,DJ,Glaze,Right Tackle,RT,Las Vegas Raiders,23,72,23,Maryland,76,315,71,1,Power - OT,"https://ratings-images-prod.pulse.ea.com/madden-nfl-26/portraits/10083.png?im=FaceCrop,padding=0.7",https://drop-assets.ea.com/images/5ZrNmFWgR1vnwTOdqVmwYy/fe13aa7566120fb59130404e168c59ca/23.png,73,56,65,86,88,76,31,32,11,32,31,22,29,51,11,10,38,83,90,24,10,12,10,84,10,12,72,74,71,76,9,15,10,10,29,15,76,75,77,Short Stride Awkward,13,21,65,23,44,33,6,7,9,5,27,5,85,39,15
15295,Dorian,Strong,Cornerback,CB,Buffalo Bills,3,72,23,Virginia Tech,73,185,43,0,Slot - CB,"https://ratings-images-prod.pulse.ea.com/madden-nfl-26/portraits/10744.png?im=FaceCrop,padding=0.7",https://drop-assets.ea.com/images/212FXcpkDUjs9ZJpZ038pM/676904f80719bc724267b7eb5609c6af/3.png,91,96,86,87,60,67,71,49,25,45,58,61,73,92,27,29,69,52,87,70,17,18,82,25,68,27,72,35,35,25,31,66,29,72,74,31,35,35,25,Default,29,66,89,63,34,67,9,14,17,11,18,32,87,23,73
15168,Dylan,Fairchild,Left Guard,LG,Cincinnati Bengals,2,72,22,Georgia,77,318,63,0,Power - G,"https://ratings-images-prod.pulse.ea.com/madden-nfl-26/portraits/10548.png?im=FaceCrop,padding=0.7",https://drop-assets.ea.com/images/5oemvWKqCFgBCkCI4h9A2U/0629c6d345fe01a14ba9f40554fd182e/2.png,78,60,69,89,86,75,17,43,12,18,39,13,27,54,10,34,43,82,90,16,12,19,10,81,11,12,72,75,74,76,6,25,37,10,30,12,74,74,75,Long Stride Awkward,14,25,71,13,15,18,6,6,6,6,23,10,88,26,10
14934,Ennis,Rakestraw Jr,Cornerback,CB,Detroit Lions,19,72,23,Missouri,72,183,9,1,Manto Man - CB,"https://ratings-images-prod.pulse.ea.com/madden-nfl-26/portraits/10218.png?im=FaceCrop,padding=0.7",https://drop-assets.ea.com/images/7cuE4tZcli1uQyZbvXWMrd/a2df9decdab28170691ca6631dd62139/19.png,93,87,85,87,57,69,66,45,18,65,53,51,58,85,10,37,61,44,83,72,10,11,55,15,74,14,72,35,23,21,7,70,29,69,68,25,35,25,27,Default Stride Loose,16,54,89,68,40,66,11,14,21,6,26,10,79,32,72
12644,Ethan,Pocic,Center,C,Cleveland Browns,5,72,30,LSU,78,320,55,8,Agile - C,"https://ratings-images-prod.pulse.ea.com/madden-nfl-26/portraits/8689.png?im=FaceCrop,padding=0.7",https://drop-assets.ea.com/images/4qbblHggBjaH9o46kyGeFo/27cab0f308b54edbd469e9b20cb506f7/5.png,64,56,68,87,88,74,15,33,12,7,28,14,34,50,7,10,40,83,86,20,12,12,10,88,12,13,72,75,73,75,6,32,10,10,27,16,80,82,77,Default Stride Awkward,23,17,71,15,27,36,6,6,6,6,24,11,87,34,12
12724,Fabian,Moreau,Cornerback,CB,Minnesota Vikings,31,72,31,UCLA,72,204,23,8,Zone - CB,"https://ratings-images-prod.pulse.ea.com/madden-nfl-26/portraits/8665.png?im=FaceCrop,padding=0.7",https://drop-assets.ea.com/images/bzuWJaOZo5LCC4SwdbVzx/f6dc0006f59641745e50721d0d8c9d38/31.png,92,84,90,93,65,72,68,47,13,53,59,61,72,83,11,38,67,46,85,72,16,15,40,16,67,18,72,35,35,35,6,70,31,74,63,22,35,35,35,Short Stride Loose,28,63,91,68,37,62,6,6,6,6,25,14,77,29,73
22916,Felix,Anudike-Uzomah,Right Edge,REDG,Kansas City Chiefs,9,72,23,Kansas State,76,255,91,2,Smaller Speed Rusher - DE,"https://ratings-images-prod.pulse.ea.com/madden-nfl-26/portraits/958.png?im=FaceCrop,padding=0.7",https://drop-assets.ea.com/images/3g9AewmTPjE4A7yc2tobiZ/20b6502896df3893414233cb5fe1b803/9.png,82,85,82,77,72,71,31,73,12,33,34,21,32,72,5,74,86,79,90,36,29,34,10,15,24,7,72,35,35,35,6,68,72,32,84,13,40,40,40,Short Stride Loose,10,27,81,29,42,78,6,6,6,6,20,11,82,35,29
20393,Foster,Moreau,Tight End,TE,New Orleans Saints,27,72,28,LSU,76,250,87,6,Possession - TE,"https://ratings-images-prod.pulse.ea.com/madden-nfl-26/portraits/9579.png?im=FaceCrop,padding=0.7",https://drop-assets.ea.com/images/5beev0Bk7MVWyDSbEqr75u/837fe770a82d43aa3028a13988d8baf3/27.png,85,80,86,87,76,72,70,37,20,61,75,79,86,79,57,10,31,68,92,59,13,17,40,57,12,61,72,61,60,59,10,15,10,15,42,66,62,61,62,Long Stride Default,66,79,82,51,63,33,10,15,20,10,25,10,84,71,15
22755,Hunter,Luepke,Fullback,FB,Dallas Cowboys,11,72,25,North Dakota St.,73,230,40,2,Utility - FB,"https://ratings-images-prod.pulse.ea.com/madden-nfl-26/portraits/2291.png?im=FaceCrop,padding=0.7",https://drop-assets.ea.com/images/4fzYNoreZSo04KbSHo3Sqn/0855e78441c821f956abac278f04abb7/11.png,91,83,87,78,69,70,72,49,32,53,74,68,76,72,58,35,55,63,87,68,21,20,67,69,21,64,72,57,54,52,15,35,44,18,57,55,60,56,59,Default Stride High and Tight,66,62,86,61,68,49,23,31,35,28,43,13,87,71,28
13245,Isaac,Yiadom,Cornerback,CB,New Orleans Saints,27,72,29,Boston College,73,188,27,7,Zone - CB,"https://ratings-images-prod.pulse.ea.com/madden-nfl-26/portraits/9128.png?im=FaceCrop,padding=0.7",https://drop-assets.ea.com/images/5beev0Bk7MVWyDSbEqr75u/837fe770a82d43aa3028a13988d8baf3/27.png,90,85,83,86,54,74,56,53,15,51,61,55,66,86,20,40,73,59,86,70,12,19,40,19,71,26,72,35,35,35,6,74,28,77,73,38,35,35,35,Default,31,61,89,64,37,56,6,6,6,6,22,13,76,32,76
22971,Isaiah,McGuire,Left Edge,LEDG,Cleveland Browns,5,72,24,Missouri,76,271,57,2,Power Rusher - DE,"https://ratings-images-prod.pulse.ea.com/madden-nfl-26/portraits/2305.png?im=FaceCrop,padding=0.7",https://drop-assets.ea.com/images/4qbblHggBjaH9o46kyGeFo/27cab0f308b54edbd469e9b20cb506f7/5.png,88,75,86,76,79,71,34,77,12,20,35,21,34,66,6,65,87,82,92,38,15,16,10,18,29,9,72,45,45,45,6,70,76,40,79,13,45,45,45,Long Stride High and Tight,15,32,79,33,50,79,6,6,6,6,20,10,84,35,42
13105,Isaiah,Oliver,Strong Safety,SS,NY Jets,18,72,28,Colorado,72,210,26,7,Hybrid - S,"https://ratings-images-prod.pulse.ea.com/madden-nfl-26/portraits/9013.png?im=FaceCrop,padding=0.7",https://drop-assets.ea.com/images/7M46e9acznPLjtJlC7FaWV/ef5cfc9e8306cbdae723a5f7e809b0fd/18.png,88,84,93,91,59,73,71,39,17,61,73,66,76,87,42,31,46,43,85,77,13,19,77,18,74,48,72,35,35,35,6,71,22,77,74,49,35,35,35,Default Stride Loose,54,71,89,69,25,61,6,6,6,6,40,16,85,23,71
1248,Ja'Marcus,Ingram,Cornerback,CB,Houston Texans,32,72,27,Buffalo,74,190,42,2,Zone - CB,"https://ratings-images-prod.pulse.ea.com/madden-nfl-26/portraits/10916.png?im=FaceCrop,padding=0.7",https://drop-assets.ea.com/images/4rWKgLRDGADEZ3pTbdrpW0/793a695de8ea5caf8f2e1b3973ae1b61/32.png,93,82,86,85,68,75,67,52,12,62,60,57,64,83,29,42,70,54,86,69,16,21,30,13,68,33,72,35,35,35,6,72,35,73,72,37,38,35,35,Default Stride Loose,38,64,90,63,49,67,6,10,15,10,27,10,82,40,72
15055,Jack,Bech,Wide Receiver,WR,Las Vegas Raiders,23,72,22,TCU,73,214,18,0,Slot - WR,"https://ratings-images-prod.pulse.ea.com/madden-nfl-26/portraits/10872.png?im=FaceCrop,padding=0.7",https://drop-assets.ea.com/images/5ZrNmFWgR1vnwTOdqVmwYy/fe13aa7566120fb59130404e168c59ca/23.png,92,89,83,82,67,69,81,42,21,72,74,80,83,84,72,36,44,53,85,74,19,21,78,37,27,77,72,24,16,24,23,25,34,21,40,79,53,27,28,Long Stride Default,77,79,89,65,62,36,21,16,24,14,29,27,87,55,39
15172,Jack,Sawyer,Left Edge,LEDG,Pittsburgh Steelers,29,72,23,Ohio State,76,260,33,0,Power Rusher - DE,"https://ratings-images-prod.pulse.ea.com/madden-nfl-26/portraits/10723.png?im=FaceCrop,padding=0.7",https://drop-assets.ea.com/images/4k4tkEjxICBzmTan96wMKZ/1d5d9145ace8a359ac5423c8c3e5e2d8/29.png,86,71,82,83,77,76,38,77,12,33,50,37,49,63,5,65,83,80,92,33,25,32,33,28,37,10,72,45,45,45,10,74,74,33,84,12,45,45,45,Long Stride Loose,15,44,80,30,35,80,8,10,11,15,17,12,90,33,48
4728,Jack,Westover,Fullback,FB,New England Patriots,22,72,26,Washington,74,245,37,1,Utility - FB,"https://ratings-images-prod.pulse.ea.com/madden-nfl-26/portraits/10291.png?im=FaceCrop,padding=0.7",https://drop-assets.ea.com/images/6Z0rWjQfkWgvj8K58X0WfA/aaaaa7e6c313bdfc5e624309ba6dfc4e/22.png,85,81,83,84,78,59,71,41,16,61,73,63,73,74,57,10,39,67,89,63,16,21,30,79,12,63,72,64,54,52,21,25,14,17,45,63,64,61,55,Long Stride Default,67,68,80,56,66,43,10,15,20,22,38,15,86,66,14
22678,Jack,Gibbens,Weak Backer,WILL,New England Patriots,22,72,26,Minnesota,75,242,51,3,Run Stopper - OLB,"https://ratings-images-prod.pulse.ea.com/madden-nfl-26/portraits/3232.png?im=FaceCrop,padding=0.7",https://drop-assets.ea.com/images/6Z0rWjQfkWgvj8K58X0WfA/aaaaa7e6c313bdfc5e624309ba6dfc4e/22.png,85,79,82,87,68,72,51,70,15,23,52,41,58,78,5,47,82,82,91,38,14,12,10,35,59,9,72,40,35,35,6,73,56,43,82,15,45,40,40,Default Stride High and Tight,15,45,86,26,35,86,6,7,9,7,23,5,89,39,69
22619,Jake,Tonges,Tight End,TE,San Francisco 49ers,15,72,26,California,76,240,88,3,Vertical Threat - TE,"https://ratings-images-prod.pulse.ea.com/madden-nfl-26/portraits/10469.png?im=FaceCrop,padding=0.7",https://drop-assets.ea.com/images/1SoIzWJtk28ygwNAPEMRnf/deaee9a60ace23f7eaeaf4275c2282b0/15.png,88,81,85,77,72,77,71,29,40,50,75,77,83,72,61,17,38,56,90,68,22,20,40,61,15,65,72,58,55,57,34,26,15,15,38,67,59,58,54,Default,69,79,86,64,55,35,29,33,37,35,36,32,75,65,20
22406,James,Houston IV,Left Edge,LEDG,Dallas Cowboys,11,72,26,Jackson St.,73,248,53,3,Power Rusher - DE,"https://ratings-images-prod.pulse.ea.com/madden-nfl-26/portraits/2534.png?im=FaceCrop,padding=0.7",https://drop-assets.ea.com/images/4fzYNoreZSo04KbSHo3Sqn/0855e78441c821f956abac278f04abb7/11.png,91,70,92,76,72,72,42,69,22,29,35,29,32,67,5,71,84,80,91,45,15,17,10,20,27,5,72,45,45,45,10,69,78,31,83,15,45,45,45,Default Stride Loose,15,30,84,40,39,78,12,17,22,15,21,14,82,34,34
15170,Jared,Wilson,Left Guard,LG,New England Patriots,22,72,22,Georgia,75,310,58,0,Agile - G,"https://ratings-images-prod.pulse.ea.com/madden-nfl-26/portraits/10786.png?im=FaceCrop,padding=0.7",https://drop-assets.ea.com/images/6Z0rWjQfkWgvj8K58X0WfA/aaaaa7e6c313bdfc5e624309ba6dfc4e/22.png,79,70,78,81,86,69,12,25,10,6,34,16,28,62,5,14,16,80,89,13,13,16,10,80,11,5,72,76,78,74,6,24,13,10,20,14,74,76,73,Default Stride Awkward,11,18,78,11,13,28,6,6,6,6,18,8,86,20,14
14822,Jarquez,Hunter,Halfback,HB,Los Angeles Rams,24,72,22,Auburn,69,204,27,0,Power Back - HB,"https://ratings-images-prod.pulse.ea.com/madden-nfl-26/portraits/10598.png?im=FaceCrop,padding=0.7",https://drop-assets.ea.com/images/wS8JnLBEBj9eq68rO1qTb/b7b5285ad842936bc21bb149eb8c31b8/24.png,91,78,86,86,73,74,77,42,31,82,88,49,65,77,40,31,41,37,93,76,21,21,82,36,40,52,72,48,36,38,26,46,29,44,49,47,39,29,32,Default,57,49,91,70,82,42,22,29,33,30,54,33,87,85,47
21133,Javon,Kinlaw,Defensive Tackle,DT,Washington Commanders,26,72,27,South Carolina,77,330,99,5,,"https://ratings-images-prod.pulse.ea.com/madden-nfl-26/portraits/415.png?im=FaceCrop,padding=0.7",https://drop-assets.ea.com/images/42h6FyIuthDAiH4cTWUXRH/bb952a9252013b5bfdf77ac3f4011601/RatingsteamcrestWashingtonCommanders256.png,77,72,76,75,86,75,24,74,12,16,34,16,31,62,3,71,80,85,75,29,12,19,10,33,17,7,72,45,45,45,6,72,76,16,78,17,45,45,45,Long Stride Loose,15,17,73,24,31,81,6,6,6,6,24,17,86,32,25
13710,Jonathan,Owens,Strong Safety,SS,Chicago Bears,1,72,30,Missouri W State,71,204,36,6,Zone - S,"https://ratings-images-prod.pulse.ea.com/madden-nfl-26/portraits/1497.png?im=FaceCrop,padding=0.7",https://drop-assets.ea.com/images/6jaEsYrn1V45DziwibpsDk/ed66ad67e63f08a3a7c25ce951dbf5b9/1.png,91,83,93,91,66,72,62,48,17,47,67,56,72,85,29,30,75,59,86,70,22,17,30,14,62,33,72,12,35,35,6,70,26,65,79,34,16,35,35,Default Stride Loose,37,63,91,62,42,70,6,6,6,6,18,10,84,41,68
22624,Jordan,Meredith,Center,C,Las Vegas Raiders,23,72,27,W. Kentucky,75,300,61,4,Power - C,"https://ratings-images-prod.pulse.ea.com/madden-nfl-26/portraits/10423.png?im=FaceCrop,padding=0.7",https://drop-assets.ea.com/images/5ZrNmFWgR1vnwTOdqVmwYy/fe13aa7566120fb59130404e168c59ca/23.png,74,70,78,78,83,79,16,26,12,12,26,21,24,56,5,10,40,83,91,14,9,11,10,84,12,5,72,77,74,78,6,10,10,10,28,10,77,79,75,Default Stride Awkward,12,19,68,12,23,37,6,6,6,6,22,10,82,25,12
14674,Jordan,Whittington,Wide Receiver,WR,Los Angeles Rams,24,72,24,Texas,73,205,88,1,,"https://ratings-images-prod.pulse.ea.com/madden-nfl-26/portraits/10292.png?im=FaceCrop,padding=0.7",https://drop-assets.ea.com/images/wS8JnLBEBj9eq68rO1qTb/b7b5285ad842936bc21bb149eb8c31b8/24.png,90,90,86,82,64,73,79,28,24,77,73,76,86,87,71,10,16,53,81,79,15,19,70,34,13,74,72,34,22,28,6,17,10,15,34,71,51,26,31,Short Stride Default,74,78,89,69,57,28,15,15,20,15,22,20,77,54,18
15048,Jordan,James,Halfback,HB,San Francisco 49ers,15,72,21,Oregon,70,208,29,0,Elusive Back - HB,"https://ratings-images-prod.pulse.ea.com/madden-nfl-26/portraits/10609.png?im=FaceCrop,padding=0.7",https://drop-assets.ea.com/images/1SoIzWJtk28ygwNAPEMRnf/deaee9a60ace23f7eaeaf4275c2282b0/15.png,92,85,80,84,72,62,80,33,16,78,92,58,62,84,48,30,30,33,93,82,14,17,78,28,20,54,72,48,37,38,31,28,27,22,35,49,34,25,28,Default,59,55,89,82,70,34,8,25,14,22,20,21,86,75,28
15163,Josh,Conerly Jr,Right Tackle,RT,Washington Commanders,26,72,21,Oregon,77,311,72,0,Agile - OT,"https://ratings-images-prod.pulse.ea.com/madden-nfl-26/portraits/10523.png?im=FaceCrop,padding=0.7",https://drop-assets.ea.com/images/42h6FyIuthDAiH4cTWUXRH/bb952a9252013b5bfdf77ac3f4011601/RatingsteamcrestWashingtonCommanders256.png,80,70,83,87,82,73,24,35,11,15,31,18,30,59,10,26,28,82,89,10,17,26,10,84,13,11,72,76,77,74,6,22,24,24,28,17,77,79,76,Long Stride Awkward,16,17,71,10,27,26,6,6,6,11,21,30,88,26,15
21654,Josh,Myers,Center,C,NY Jets,18,72,27,Ohio State,77,310,71,4,Power - C,"https://ratings-images-prod.pulse.ea.com/madden-nfl-26/portraits/767.png?im=FaceCrop,padding=0.7",https://drop-assets.ea.com/images/7M46e9acznPLjtJlC7FaWV/ef5cfc9e8306cbdae723a5f7e809b0fd/18.png,57,60,68,84,89,80,12,31,12,10,28,14,31,49,5,24,31,86,86,12,12,18,10,83,12,6,72,75,73,78,6,21,29,10,35,15,75,76,73,Default Stride Awkward,11,16,62,11,14,31,6,6,6,6,26,10,84,27,12
15005,Joshua,Karty,Kicker,K,Arizona Cardinals,7,72,23,Stanford,74,207,98,1,Power - KP,"https://ratings-images-prod.pulse.ea.com/madden-nfl-26/portraits/10138.png?im=FaceCrop,padding=0.7",https://drop-assets.ea.com/images/5NdzvrqrP3clJDBL6kdTmu/1f61914ff14c6f4be0240d71e622f9c6/7.png,80,64,68,83,45,55,23,11,14,14,26,14,32,56,12,10,21,14,92,21,79,94,10,10,11,15,72,20,17,17,20,15,10,9,25,16,20,16,16,Default Stride Awkward,19,19,75,15,10,24,20,21,31,24,34,15,78,12,14
23062,JuJu,Brents,Cornerback,CB,Miami Dolphins,12,72,25,Kansas State,75,198,32,2,Zone - CB,"https://ratings-images-prod.pulse.ea.com/madden-nfl-26/portraits/1759.png?im=FaceCrop,padding=0.7",https://drop-assets.ea.com/images/1rcCzp9f3OyZFzRBRFJVpC/8dc08dce09c05a748587769908cd710c/12.png,95,94,96,88,52,66,65,49,15,61,61,60,67,89,10,47,66,51,93,73,15,21,49,22,68,10,72,35,35,35,15,65,41,82,74,15,35,35,35,Long Stride Loose,20,67,88,65,70,63,15,18,24,14,22,16,86,48,72
21560,Justin,Fields,Quarterback,QB,NY Jets,18,72,26,Ohio State,75,228,7,4,Scrambler - QB,"https://ratings-images-prod.pulse.ea.com/madden-nfl-26/portraits/1366.png?im=FaceCrop,padding=0.7",https://drop-assets.ea.com/images/7M46e9acznPLjtJlC7FaWV/ef5cfc9e8306cbdae723a5f7e809b0fd/18.png,96,91,84,89,65,55,89,20,83,79,58,16,32,91,14,10,14,25,91,87,18,19,62,21,17,15,72,16,10,10,82,18,10,10,26,17,29,17,14,Default Stride Loose,19,16,92,81,53,24,79,80,85,78,91,76,94,49,19
22257,Kaiir,Elam,Cornerback,CB,Tennessee Titans,30,72,24,Florida,73,191,35,3,Zone - CB,"https://ratings-images-prod.pulse.ea.com/madden-nfl-26/portraits/1561.png?im=FaceCrop,padding=0.7",https://drop-assets.ea.com/images/2YxvlDMaJsJwNQ4lS7qdCQ/d850f60dcbdcd71fb162eb55a46c7969/30.png,90,85,89,88,60,70,63,45,23,51,56,57,76,86,28,39,52,48,85,73,17,17,55,19,69,31,72,35,35,35,6,68,31,75,64,37,35,35,35,Long Stride Loose,35,65,93,64,48,66,17,20,24,21,27,14,71,49,73
11673,Kelvin,Beachum,Left Tackle,LT,Arizona Cardinals,7,72,36,SMU,75,308,68,13,Power - OT,"https://ratings-images-prod.pulse.ea.com/madden-nfl-26/portraits/5038.png?im=FaceCrop,padding=0.7",https://drop-assets.ea.com/images/5NdzvrqrP3clJDBL6kdTmu/1f61914ff14c6f4be0240d71e622f9c6/7.png,61,57,70,86,87,88,15,40,12,12,30,10,42,44,5,30,25,84,94,20,17,12,10,73,15,5,72,77,74,79,6,15,30,10,30,15,74,76,72,Long Stride Awkward,10,15,63,25,17,45,6,6,6,6,12,14,71,24,25
21166,Kindle,Vildor,Cornerback,CB,Tampa Bay Buccaneers,6,72,27,Ga. Southern,70,189,22,5,Zone - CB,"https://ratings-images-prod.pulse.ea.com/madden-nfl-26/portraits/638.png?im=FaceCrop,padding=0.7",https://drop-assets.ea.com/images/1L5Fn21WqZN9jcLucGYg4c/ce29db9b9b4775d4e8fc337bf5c65027/6.png,88,89,93,89,56,78,68,50,21,49,58,49,68,88,20,38,53,48,92,77,37,40,60,15,66,26,72,35,35,35,29,76,34,73,73,30,35,35,35,Short Stride Loose,32,67,89,71,30,59,17,22,33,30,37,27,80,16,73
21870,Kingsley,Enagbare,Right Edge,REDG,Green Bay Packers,20,72,25,South Carolina,76,258,55,3,Run Stopper - DE,"https://ratings-images-prod.pulse.ea.com/madden-nfl-26/portraits/1567.png?im=FaceCrop,padding=0.7",https://drop-assets.ea.com/images/4ztQk5XogdkrJe6reVd3h8/16ecf8a0f4caf228c6e54ad0f8e17425/20.png,83,67,87,78,83,73,27,77,15,21,31,22,28,63,5,66,83,86,87,35,21,19,10,20,28,7,72,45,45,45,6,70,74,28,80,20,45,45,45,Default Stride Loose,14,27,77,33,42,82,6,6,6,6,20,11,88,38,43
23040,Kyu Blu,Kelly,Cornerback,CB,Las Vegas Raiders,23,72,24,Stanford,72,192,36,2,Zone - CB,"https://ratings-images-prod.pulse.ea.com/madden-nfl-26/portraits/2276.png?im=FaceCrop,padding=0.7",https://drop-assets.ea.com/images/5ZrNmFWgR1vnwTOdqVmwYy/fe13aa7566120fb59130404e168c59ca/23.png,94,86,86,87,54,75,66,42,12,44,57,64,73,83,12,42,57,40,91,72,17,20,52,11,70,15,72,28,22,22,6,68,28,76,67,22,34,35,34,Default Stride Loose,21,69,88,65,45,51,6,10,15,10,31,10,83,32,75
12973,Lucas,Patrick,Left Guard,LG,Cincinnati Bengals,2,72,32,Duke,75,313,62,9,Agile - G,"https://ratings-images-prod.pulse.ea.com/madden-nfl-26/portraits/9262.png?im=FaceCrop,padding=0.7",https://drop-assets.ea.com/images/5oemvWKqCFgBCkCI4h9A2U/0629c6d345fe01a14ba9f40554fd182e/2.png,81,59,72,87,84,72,18,20,12,8,26,20,24,51,5,10,35,80,88,17,21,16,14,82,12,5,72,76,77,75,6,14,10,10,23,12,76,78,74,Default Stride Awkward,13,16,70,12,29,34,6,6,6,6,21,13,86,31,12
14666,Luke,McCaffrey,Wide Receiver,WR,Washington Commanders,26,72,24,Rice,74,198,11,1,Slot - WR,"https://ratings-images-prod.pulse.ea.com/madden-nfl-26/portraits/10166.png?im=FaceCrop,padding=0.7",https://drop-assets.ea.com/images/42h6FyIuthDAiH4cTWUXRH/bb952a9252013b5bfdf77ac3f4011601/RatingsteamcrestWashingtonCommanders256.png,91,92,86,86,55,62,80,30,50,72,76,84,83,90,71,10,30,40,89,77,16,21,78,29,13,75,72,28,18,20,47,16,10,10,37,65,38,26,20,Default,76,78,90,71,46,32,43,45,53,46,58,51,83,55,19
21341,Malcolm,Roach,Defensive Tackle,DT,Denver Broncos,4,72,27,Texas,75,290,97,5,,"https://ratings-images-prod.pulse.ea.com/madden-nfl-26/portraits/549.png?im=FaceCrop,padding=0.7",https://drop-assets.ea.com/images/4AYKY9OcX1CYbyMFBnvM8/ac07a8ff525004f92014e3259708acdf/4.png,80,64,74,73,83,78,33,77,12,25,40,33,49,50,19,75,78,82,80,21,25,25,11,14,27,28,72,50,45,45,6,77,68,10,76,28,48,45,45,Default Stride Awkward,31,41,74,17,35,78,6,6,6,6,26,15,80,28,32
19983,Marcus,Mariota,Quarterback,QB,Washington Commanders,26,72,31,Oregon,76,222,8,10,Scrambler - QB,"https://ratings-images-prod.pulse.ea.com/madden-nfl-26/portraits/6979.png?im=FaceCrop,padding=0.7",https://drop-assets.ea.com/images/42h6FyIuthDAiH4cTWUXRH/bb952a9252013b5bfdf77ac3f4011601/RatingsteamcrestWashingtonCommanders256.png,88,85,84,74,60,73,86,25,78,73,64,26,62,82,19,10,25,43,79,73,35,37,10,29,10,29,72,20,15,15,81,30,10,10,35,23,28,20,20,Default,39,31,87,72,62,28,76,82,86,81,86,79,90,41,24
2537,Mario,Edwards Jr,Defensive Tackle,DT,Houston Texans,32,72,31,Florida State,75,280,97,10,Power Rusher - DT,"https://ratings-images-prod.pulse.ea.com/madden-nfl-26/portraits/7099.png?im=FaceCrop,padding=0.7",https://drop-assets.ea.com/images/4rWKgLRDGADEZ3pTbdrpW0/793a695de8ea5caf8f2e1b3973ae1b61/32.png,70,66,79,75,88,73,15,76,12,10,45,15,47,59,4,64,88,89,86,15,25,21,10,17,24,8,72,45,45,45,6,72,76,15,76,15,45,45,45,Default Stride Awkward,15,15,75,15,25,81,6,6,6,6,33,15,75,25,29
22229,Markquese,Bell,Strong Safety,SS,Dallas Cowboys,11,72,26,Florida AM,75,205,14,3,Run Support - S,"https://ratings-images-prod.pulse.ea.com/madden-nfl-26/portraits/1170.png?im=FaceCrop,padding=0.7",https://drop-assets.ea.com/images/4fzYNoreZSo04KbSHo3Sqn/0855e78441c821f956abac278f04abb7/11.png,94,77,87,85,68,70,61,67,31,52,57,53,66,79,29,54,85,63,90,64,11,13,35,23,62,31,72,34,34,34,26,68,44,64,77,27,35,35,35,Long Stride Loose,34,61,92,58,44,76,28,31,33,34,36,26,81,43,69
14628,MarShawn,Lloyd,Halfback,HB,Green Bay Packers,20,72,24,USC,69,215,32,1,Elusive Back - HB,"https://ratings-images-prod.pulse.ea.com/madden-nfl-26/portraits/10161.png?im=FaceCrop,padding=0.7",https://drop-assets.ea.com/images/4ztQk5XogdkrJe6reVd3h8/16ecf8a0f4caf228c6e54ad0f8e17425/20.png,92,88,86,85,73,73,77,25,22,79,81,50,63,87,52,10,24,32,78,79,12,18,55,27,10,55,72,53,29,32,16,16,10,14,33,50,29,18,23,Default,60,49,90,79,77,30,12,16,22,17,26,17,78,71,17
22697,Michael,Mayer,Tight End,TE,Las Vegas Raiders,23,72,24,Notre Dame,76,265,87,2,Possession - TE,"https://ratings-images-prod.pulse.ea.com/madden-nfl-26/portraits/2299.png?im=FaceCrop,padding=0.7",https://drop-assets.ea.com/images/5ZrNmFWgR1vnwTOdqVmwYy/fe13aa7566120fb59130404e168c59ca/23.png,86,76,85,88,79,63,73,52,18,63,72,81,81,71,58,43,55,73,93,70,14,15,25,61,23,63,72,59,57,60,12,35,39,29,56,63,64,63,64,Long Stride Default,69,81,82,61,73,54,6,10,15,10,25,10,93,70,34
14608,Michael,Penix Jr,Quarterback,QB,Atlanta Falcons,14,72,25,Washington,74,216,9,1,Field General - QB,"https://ratings-images-prod.pulse.ea.com/madden-nfl-26/portraits/10207.png?im=FaceCrop,padding=0.7",https://drop-assets.ea.com/images/3NTxf2X9VWdF6aL91pHAVu/6002a1f3e761a58c3b00f0e08bdccf5f/14.png,89,78,86,89,57,70,72,18,73,50,68,15,30,73,12,10,12,12,83,58,21,22,10,10,12,14,72,15,15,15,83,17,10,10,28,15,12,12,12,Default Stride Loose,15,15,84,54,39,18,78,83,86,74,92,75,81,29,15
14865,Mike,Hall Jr,Defensive Tackle,DT,Cleveland Browns,5,72,22,Ohio State,74,300,51,1,,"https://ratings-images-prod.pulse.ea.com/madden-nfl-26/portraits/10095.png?im=FaceCrop,padding=0.7",https://drop-assets.ea.com/images/4qbblHggBjaH9o46kyGeFo/27cab0f308b54edbd469e9b20cb506f7/5.png,85,67,80,77,79,73,33,78,12,24,36,28,33,58,3,73,80,83,88,34,12,16,10,18,21,5,72,45,45,45,6,72,75,13,77,12,45,45,45,Default Stride Loose,10,27,81,34,46,83,6,6,6,6,30,17,87,49,27
20563,Neville,Gallimore,Defensive Tackle,DT,Indianapolis Colts,10,72,28,Oklahoma,74,302,92,5,Speed Rusher - DT,"https://ratings-images-prod.pulse.ea.com/madden-nfl-26/portraits/288.png?im=FaceCrop,padding=0.7",https://drop-assets.ea.com/images/5yTvAS7xG5Z8qw65gMLzSU/037cfcd90e26ee06666a24d762791f65/10.png,82,71,75,73,80,74,26,73,12,12,38,23,34,63,5,77,78,84,88,29,15,20,10,35,16,7,72,45,45,45,6,71,71,15,77,17,45,45,45,Long Stride Loose,15,25,80,24,26,84,6,6,6,6,29,10,86,27,24
13090,Ogbo,Okoronkwo,Left Edge,LEDG,Philadelphia Eagles,13,72,30,Oklahoma,74,250,45,7,Smaller Speed Rusher - DE,"https://ratings-images-prod.pulse.ea.com/madden-nfl-26/portraits/9012.png?im=FaceCrop,padding=0.7",https://drop-assets.ea.com/images/1Nt5pFCpjcBcADzHRbwfIk/ce90f9cb564aef7cc30cf1dd88c84150/13.png,83,78,90,74,83,77,36,76,13,39,40,25,41,69,15,73,75,83,85,39,10,15,10,25,45,15,72,45,45,45,5,74,67,30,84,15,45,45,45,Short Stride Default,15,15,81,35,10,77,5,5,5,5,19,16,85,25,51
15074,Pat,Bryant II,Wide Receiver,WR,Denver Broncos,4,72,22,Illinois,74,204,13,0,Deep Threat - WR,"https://ratings-images-prod.pulse.ea.com/madden-nfl-26/portraits/10507.png?im=FaceCrop,padding=0.7",https://drop-assets.ea.com/images/4AYKY9OcX1CYbyMFBnvM8/ac07a8ff525004f92014e3259708acdf/4.png,88,84,90,88,69,75,76,36,25,74,74,82,83,86,70,31,26,55,90,77,25,18,73,37,32,75,72,23,15,24,30,29,28,22,45,80,54,27,28,Long Stride Default,73,81,89,70,51,37,11,19,23,21,10,35,90,51,38
21690,Patrick,Jones II,Left Edge,LEDG,Carolina Panthers,21,72,26,Pittsburgh,76,264,91,4,Power Rusher - DE,"https://ratings-images-prod.pulse.ea.com/madden-nfl-26/portraits/884.png?im=FaceCrop,padding=0.7",https://drop-assets.ea.com/images/4Klf6KKhbnVi5RaARK1OiL/13a917c75c0fbc4edb0eb018cb757d8d/21.png,86,72,78,78,78,77,28,75,12,23,41,22,38,65,5,67,76,82,89,37,12,17,10,16,30,5,72,45,45,45,6,75,75,26,80,12,45,45,45,Long Stride Loose,10,23,77,33,31,79,6,6,6,6,18,16,82,27,39
15177,Princely,Umanmielen,Right Edge,REDG,Carolina Panthers,21,72,23,Ole Miss,76,244,3,0,Smaller Speed Rusher - DE,"https://ratings-images-prod.pulse.ea.com/madden-nfl-26/portraits/10698.png?im=FaceCrop,padding=0.7",https://drop-assets.ea.com/images/4Klf6KKhbnVi5RaARK1OiL/13a917c75c0fbc4edb0eb018cb757d8d/21.png,89,80,89,80,79,68,31,79,22,24,39,23,32,69,7,77,78,76,88,39,23,22,28,25,46,8,72,45,45,45,6,64,70,39,78,15,45,45,45,Long Stride Loose,15,22,82,33,31,76,6,10,19,6,25,10,86,25,52
21637,Riley,Patterson,Kicker,K,Miami Dolphins,12,72,25,Memphis,72,190,47,4,Power - KP,"https://ratings-images-prod.pulse.ea.com/madden-nfl-26/portraits/2110.png?im=FaceCrop,padding=0.7",https://drop-assets.ea.com/images/1rcCzp9f3OyZFzRBRFJVpC/8dc08dce09c05a748587769908cd710c/12.png,78,63,71,83,40,55,26,14,14,16,41,10,38,56,10,10,22,16,91,21,84,92,10,15,15,10,72,10,14,16,20,17,10,10,34,10,15,16,16,Short Stride Awkward,10,15,76,17,12,32,20,24,31,22,31,16,76,15,15
20451,Rock,Ya-Sin,Cornerback,CB,Detroit Lions,19,72,29,Temple,71,192,23,6,Manto Man - CB,"https://ratings-images-prod.pulse.ea.com/madden-nfl-26/portraits/9694.png?im=FaceCrop,padding=0.7",https://drop-assets.ea.com/images/7cuE4tZcli1uQyZbvXWMrd/a2df9decdab28170691ca6631dd62139/19.png,88,85,93,88,68,67,64,51,13,55,59,59,69,83,10,36,55,52,89,71,18,20,58,10,77,12,72,35,35,35,6,63,24,83,75,17,35,35,35,Long Stride Loose,22,63,90,63,29,52,6,6,6,6,27,10,87,25,75
21400,Ross,Matiscik,Long Snapper,LS,Jacksonville Jaguars,17,72,28,Baylor,72,240,46,5,Power - LS,"https://ratings-images-prod.pulse.ea.com/madden-nfl-26/portraits/1482.png?im=FaceCrop,padding=0.7",https://drop-assets.ea.com/images/4s3Xa9huMY7IrNAc9h1TDa/9eb764bbfbbb6a2f651e3d44cdcfa103/17.png,67,68,71,79,73,66,17,62,10,15,60,45,55,59,38,47,73,70,92,20,36,22,10,40,47,42,72,55,40,47,11,56,52,30,72,40,47,35,40,Default Stride Loose,46,49,71,10,10,62,11,11,11,11,33,12,84,35,50
21929,Roy,Lopez,Defensive Tackle,DT,Detroit Lions,19,72,28,Arizona,74,318,51,4,,"https://ratings-images-prod.pulse.ea.com/madden-nfl-26/portraits/1623.png?im=FaceCrop,padding=0.7",https://drop-assets.ea.com/images/7cuE4tZcli1uQyZbvXWMrd/a2df9decdab28170691ca6631dd62139/19.png,68,69,76,78,90,74,14,76,12,20,23,13,22,60,5,67,74,82,90,17,13,17,15,29,12,8,72,45,45,45,6,78,75,11,75,12,45,45,45,Long Stride Awkward,10,12,66,16,27,78,6,6,6,6,21,16,86,30,19
15205,Shemar,Turner,Defensive Tackle,DT,Chicago Bears,1,72,22,Texas AM,75,290,95,0,Power Rusher - DT,"https://ratings-images-prod.pulse.ea.com/madden-nfl-26/portraits/10761.png?im=FaceCrop,padding=0.7",https://drop-assets.ea.com/images/6jaEsYrn1V45DziwibpsDk/ed66ad67e63f08a3a7c25ce951dbf5b9/1.png,85,72,79,84,88,75,34,77,17,29,41,22,29,62,10,63,80,76,86,30,19,27,27,25,15,13,72,45,45,45,14,70,74,20,73,12,45,45,45,Long Stride Loose,15,24,80,25,31,76,8,10,15,15,27,13,93,39,20
23003,SirVocea,Dennis,Weak Backer,WILL,Tampa Bay Buccaneers,6,72,25,Pittsburgh,72,230,8,2,Run Stopper - OLB,"https://ratings-images-prod.pulse.ea.com/madden-nfl-26/portraits/2107.png?im=FaceCrop,padding=0.7",https://drop-assets.ea.com/images/1L5Fn21WqZN9jcLucGYg4c/ce29db9b9b4775d4e8fc337bf5c65027/6.png,89,81,93,85,66,76,64,72,53,55,61,55,63,75,9,74,77,67,90,63,12,14,30,36,55,11,72,45,45,45,45,76,64,65,82,25,45,45,45,Default Stride High and Tight,15,61,85,56,52,84,42,44,46,53,48,33,84,44,65
22362,Skyy,Moore,Wide Receiver,WR,San Francisco 49ers,15,72,24,W. Michigan,70,195,9,3,,"https://ratings-images-prod.pulse.ea.com/madden-nfl-26/portraits/1858.png?im=FaceCrop,padding=0.7",https://drop-assets.ea.com/images/1SoIzWJtk28ygwNAPEMRnf/deaee9a60ace23f7eaeaf4275c2282b0/15.png,95,86,86,85,69,68,85,31,32,77,79,76,83,89,73,10,27,41,84,83,18,20,83,25,25,71,72,31,23,20,30,28,10,24,34,76,44,31,25,Short Stride Default,73,78,89,74,57,30,34,35,42,42,55,32,80,60,32
12526,Solomon,Thomas,Defensive Tackle,DT,Dallas Cowboys,11,72,30,Stanford,75,295,90,8,,"https://ratings-images-prod.pulse.ea.com/madden-nfl-26/portraits/8750.png?im=FaceCrop,padding=0.7",https://drop-assets.ea.com/images/4fzYNoreZSo04KbSHo3Sqn/0855e78441c821f956abac278f04abb7/11.png,83,77,84,79,87,65,18,73,12,10,40,25,32,59,14,74,81,87,91,32,11,16,10,14,29,18,72,45,45,45,6,66,61,34,78,20,45,45,45,Long Stride Default,25,25,82,23,27,82,6,6,6,6,18,17,88,30,43
23081,Sydney,Brown,Strong Safety,SS,Philadelphia Eagles,13,72,25,Illinois,70,211,21,2,Hybrid - S,"https://ratings-images-prod.pulse.ea.com/madden-nfl-26/portraits/1901.png?im=FaceCrop,padding=0.7",https://drop-assets.ea.com/images/1Nt5pFCpjcBcADzHRbwfIk/ce90f9cb564aef7cc30cf1dd88c84150/13.png,95,83,94,90,69,71,70,58,17,63,65,65,76,79,24,48,85,51,88,72,31,32,62,20,71,33,72,25,25,25,16,69,39,71,75,35,35,35,35,Default Stride Loose,37,69,90,63,45,64,24,28,34,27,42,17,83,44,66
21150,Terrell,Burgess,Strong Safety,SS,New Orleans Saints,27,72,26,Utah,71,202,26,5,Hybrid - S,"https://ratings-images-prod.pulse.ea.com/madden-nfl-26/portraits/197.png?im=FaceCrop,padding=0.7",https://drop-assets.ea.com/images/5beev0Bk7MVWyDSbEqr75u/837fe770a82d43aa3028a13988d8baf3/27.png,89,87,81,87,62,72,65,56,11,44,62,55,64,87,30,50,71,58,87,74,20,20,65,15,72,36,72,35,35,35,6,69,40,71,74,35,35,35,35,Default Stride Loose,43,60,89,67,39,68,6,6,6,6,35,11,88,33,68
21777,Tommy,Tremble,Tight End,TE,Carolina Panthers,21,72,25,Notre Dame,76,250,82,4,Possession - TE,"https://ratings-images-prod.pulse.ea.com/madden-nfl-26/portraits/1376.png?im=FaceCrop,padding=0.7",https://drop-assets.ea.com/images/4Klf6KKhbnVi5RaARK1OiL/13a917c75c0fbc4edb0eb018cb757d8d/21.png,89,80,83,85,75,75,68,37,16,55,74,78,79,73,61,10,26,71,89,67,14,18,27,62,15,64,72,58,54,57,6,23,10,21,36,63,62,62,58,Default,69,77,86,63,64,34,6,10,15,10,26,10,82,66,22
13336,Tyler,Conklin,Tight End,TE,Los Angeles Chargers,8,72,30,Central Michigan,75,248,83,7,Vertical Threat - TE,"https://ratings-images-prod.pulse.ea.com/madden-nfl-26/portraits/8852.png?im=FaceCrop,padding=0.7",https://drop-assets.ea.com/images/1nyokQ4GLHKjmDL5IorxkB/29267d1765bd7f27730a007e1b070ec4/8.png,84,78,88,91,66,74,73,24,18,70,74,81,87,76,54,18,27,66,94,67,17,19,10,50,15,58,72,59,56,58,10,12,20,10,26,67,63,61,58,Default Stride Loose,66,82,83,62,61,28,10,15,20,10,30,14,84,74,17
21072,Van,Jefferson,Wide Receiver,WR,Tennessee Titans,30,72,29,Florida,73,200,11,5,Slot - WR,"https://ratings-images-prod.pulse.ea.com/madden-nfl-26/portraits/386.png?im=FaceCrop,padding=0.7",https://drop-assets.ea.com/images/2YxvlDMaJsJwNQ4lS7qdCQ/d850f60dcbdcd71fb162eb55a46c7969/30.png,92,84,85,87,59,76,78,34,24,68,77,82,81,80,73,10,23,43,89,75,14,18,73,20,16,75,72,41,22,28,21,15,10,14,38,75,33,22,28,Long Stride Loose,77,83,89,72,57,34,22,27,32,28,36,25,85,34,23
20466,Will,Harris,Free Safety,FS,Washington Commanders,26,72,29,Boston College,73,207,3,6,Zone - S,"https://ratings-images-prod.pulse.ea.com/madden-nfl-26/portraits/9492.png?im=FaceCrop,padding=0.7",https://drop-assets.ea.com/images/42h6FyIuthDAiH4cTWUXRH/bb952a9252013b5bfdf77ac3f4011601/RatingsteamcrestWashingtonCommanders256.png,90,83,87,85,65,74,64,52,14,56,68,52,68,82,28,33,77,56,90,72,11,15,45,15,65,32,72,35,35,35,15,72,27,65,73,39,35,35,35,Default Stride Loose,37,65,89,64,35,69,10,10,15,15,23,14,86,35,72
14630,Will,Shipley,Halfback,HB,Philadelphia Eagles,13,72,23,Clemson,71,210,28,1,Elusive Back - HB,"https://ratings-images-prod.pulse.ea.com/madden-nfl-26/portraits/10244.png?im=FaceCrop,padding=0.7",https://drop-assets.ea.com/images/1Nt5pFCpjcBcADzHRbwfIk/ce90f9cb564aef7cc30cf1dd88c84150/13.png,91,87,90,90,68,71,80,25,25,74,83,52,64,89,55,10,26,32,83,83,17,22,79,29,11,62,72,48,35,30,18,17,10,10,35,58,30,32,25,Default Stride Loose,67,53,91,74,73,32,15,22,28,24,36,22,83,76,18
21001,Willie,Gay Jr,Sam Backer,SAM,Miami Dolphins,12,72,27,Mississippi St.,73,243,40,5,Run Stopper - OLB,"https://ratings-images-prod.pulse.ea.com/madden-nfl-26/portraits/295.png?im=FaceCrop,padding=0.7",https://drop-assets.ea.com/images/1rcCzp9f3OyZFzRBRFJVpC/8dc08dce09c05a748587769908cd710c/12.png,90,80,90,84,73,67,58,70,12,54,56,46,68,75,24,58,86,79,85,64,18,28,14,24,58,30,72,45,45,45,6,66,50,56,85,31,45,45,45,Default Stride Loose,35,64,87,57,45,84,6,6,6,6,25,16,84,43,62
21092,Adam,Trautman,Tight End,TE,Denver Broncos,4,71,28,Dayton,77,253,82,5,Possession - TE,"https://ratings-images-prod.pulse.ea.com/madden-nfl-26/portraits/622.png?im=FaceCrop,padding=0.7",https://drop-assets.ea.com/images/4AYKY9OcX1CYbyMFBnvM8/ac07a8ff525004f92014e3259708acdf/4.png,83,84,84,85,74,60,73,31,48,63,77,80,83,73,56,10,31,68,89,66,20,27,35,54,13,62,71,63,63,60,48,16,10,17,34,66,66,67,63,Default,67,80,82,66,70,33,47,55,61,56,65,47,89,69,19
15128,Aireontae,Ersery,Left Tackle,LT,Houston Texans,32,71,23,Minnesota,78,331,79,0,Power - OT,"https://ratings-images-prod.pulse.ea.com/madden-nfl-26/portraits/10544.png?im=FaceCrop,padding=0.7",https://drop-assets.ea.com/images/4rWKgLRDGADEZ3pTbdrpW0/793a695de8ea5caf8f2e1b3973ae1b61/32.png,76,58,73,88,85,74,19,45,11,16,30,18,19,50,5,26,32,82,89,10,28,15,10,82,11,5,71,76,74,78,6,20,31,10,21,13,73,72,75,Long Stride Awkward,15,18,72,10,36,32,6,6,6,6,18,10,88,31,12
22208,Akayleb,Evans,Cornerback,CB,Carolina Panthers,21,71,26,Missouri,74,198,29,3,Zone - CB,"https://ratings-images-prod.pulse.ea.com/madden-nfl-26/portraits/1568.png?im=FaceCrop,padding=0.7",https://drop-assets.ea.com/images/4Klf6KKhbnVi5RaARK1OiL/13a917c75c0fbc4edb0eb018cb757d8d/21.png,93,81,86,86,65,69,54,49,21,45,55,48,59,86,17,40,66,55,85,65,13,14,40,26,66,23,71,33,33,33,11,68,35,78,70,27,35,35,35,Long Stride Default,28,52,90,60,33,56,10,10,15,19,24,11,83,38,76
13297,Alex,Cappa,Right Guard,RG,Las Vegas Raiders,23,71,30,Humboldt State,78,310,65,7,Power - G,"https://ratings-images-prod.pulse.ea.com/madden-nfl-26/portraits/8836.png?im=FaceCrop,padding=0.7",https://drop-assets.ea.com/images/5ZrNmFWgR1vnwTOdqVmwYy/fe13aa7566120fb59130404e168c59ca/23.png,62,58,67,93,85,83,39,39,12,35,46,39,51,51,16,39,35,79,89,32,18,21,11,79,12,24,71,71,68,74,6,34,43,10,28,40,74,72,76,Default Stride Awkward,34,37,68,30,40,43,6,6,6,6,16,16,96,40,12
4705,Andre,Szmyt,Kicker,K,Cleveland Browns,5,71,26,Syracuse,72,200,25,0,Power - KP,"https://ratings-images-prod.pulse.ea.com/madden-nfl-26/portraits/11066.png?im=FaceCrop,padding=0.7",https://drop-assets.ea.com/images/4qbblHggBjaH9o46kyGeFo/27cab0f308b54edbd469e9b20cb506f7/5.png,71,64,55,83,41,55,22,15,25,11,64,10,29,52,10,10,12,10,88,10,76,94,10,10,12,10,71,16,10,10,10,12,10,10,19,12,14,10,10,Default Stride Awkward,10,12,73,15,10,13,27,28,37,18,29,13,65,13,12
22854,Andrew,Vorhees,Left Guard,LG,Baltimore Ravens,25,71,26,USC,78,310,72,2,Power - G,"https://ratings-images-prod.pulse.ea.com/madden-nfl-26/portraits/2446.png?im=FaceCrop,padding=0.7",https://drop-assets.ea.com/images/3zZnTQ4izXUrnVi3ryTBcm/a12a28ccd2af4c0a0930b58db73552a7/25.png,74,51,72,80,97,72,15,35,6,15,32,24,30,48,14,25,39,81,81,10,10,11,10,77,8,16,71,72,69,74,5,23,40,8,21,15,75,77,72,Long Stride Awkward,22,25,65,10,32,29,5,5,5,5,15,7,89,25,9
2498,Andrus,Peat,Left Tackle,LT,Pittsburgh Steelers,29,71,31,Stanford,79,316,71,10,Power - OT,"https://ratings-images-prod.pulse.ea.com/madden-nfl-26/portraits/7272.png?im=FaceCrop,padding=0.7",https://drop-assets.ea.com/images/4k4tkEjxICBzmTan96wMKZ/1d5d9145ace8a359ac5423c8c3e5e2d8/29.png,63,59,76,83,87,77,10,15,12,9,40,10,30,51,10,10,20,81,78,10,22,24,10,78,12,10,71,72,70,75,6,10,10,10,23,12,76,75,77,Default Stride Awkward,10,12,68,10,25,34,6,6,6,6,25,13,85,25,15
14722,Beaux,Limmer,Right Guard,RG,Los Angeles Rams,24,71,24,Arkansas,77,307,50,1,Agile - G,"https://ratings-images-prod.pulse.ea.com/madden-nfl-26/portraits/10158.png?im=FaceCrop,padding=0.7",https://drop-assets.ea.com/images/wS8JnLBEBj9eq68rO1qTb/b7b5285ad842936bc21bb149eb8c31b8/24.png,75,67,86,82,85,75,16,35,9,5,20,15,24,59,5,10,29,81,90,13,21,20,10,83,8,5,71,71,72,70,7,17,10,8,22,15,77,79,75,Default Stride Awkward,15,15,65,10,27,30,6,6,7,6,21,14,92,25,7
13133,Bradley,Bozeman,Center,C,Los Angeles Chargers,8,71,30,Alabama,77,325,75,7,Power - C,"https://ratings-images-prod.pulse.ea.com/madden-nfl-26/portraits/9327.png?im=FaceCrop,padding=0.7",https://drop-assets.ea.com/images/1nyokQ4GLHKjmDL5IorxkB/29267d1765bd7f27730a007e1b070ec4/8.png,56,52,62,88,85,82,10,15,12,14,20,15,12,36,5,10,12,81,95,10,16,19,10,83,10,5,71,71,69,73,6,10,10,10,19,10,75,73,77,Long Stride Awkward,10,10,71,10,10,20,6,6,6,6,17,12,90,10,11
14754,Bralen,Trice,Right Edge,REDG,Atlanta Falcons,14,71,24,Washington,76,274,48,1,Smaller Speed Rusher - DE,"https://ratings-images-prod.pulse.ea.com/madden-nfl-26/portraits/10270.png?im=FaceCrop,padding=0.7",https://drop-assets.ea.com/images/3NTxf2X9VWdF6aL91pHAVu/6002a1f3e761a58c3b00f0e08bdccf5f/14.png,85,77,78,79,76,70,32,74,12,16,30,21,28,68,4,75,76,80,88,26,19,22,10,19,43,8,71,45,45,45,6,69,72,24,79,23,45,45,45,Long Stride Awkward,15,30,82,20,32,78,6,6,6,6,27,16,85,35,49
14730,Brandon,Coleman,Left Guard,LG,Washington Commanders,26,71,24,TCU,77,313,74,1,Power - G,"https://ratings-images-prod.pulse.ea.com/madden-nfl-26/portraits/10037.png?im=FaceCrop,padding=0.7",https://drop-assets.ea.com/images/42h6FyIuthDAiH4cTWUXRH/bb952a9252013b5bfdf77ac3f4011601/RatingsteamcrestWashingtonCommanders256.png,77,71,82,84,85,72,34,35,12,28,27,22,26,60,7,31,42,85,91,20,11,17,10,82,10,11,71,75,72,78,5,21,35,9,41,19,74,75,71,Long Stride Awkward,12,26,73,15,37,27,7,10,11,5,23,7,82,35,10
21339,Broderick,Washington,Defensive Tackle,DT,Baltimore Ravens,25,71,28,Texas Tech,74,314,96,5,,"https://ratings-images-prod.pulse.ea.com/madden-nfl-26/portraits/649.png?im=FaceCrop,padding=0.7",https://drop-assets.ea.com/images/3zZnTQ4izXUrnVi3ryTBcm/a12a28ccd2af4c0a0930b58db73552a7/25.png,73,61,65,73,83,76,19,75,12,11,34,10,23,52,2,63,79,85,89,13,13,17,10,54,19,3,71,55,52,55,6,79,73,10,77,12,57,54,56,Long Stride Loose,10,12,70,11,26,79,6,6,6,6,27,16,88,31,26
22849,Broderick,Jones,Left Tackle,LT,Pittsburgh Steelers,29,71,24,Georgia,77,311,77,2,Agile - OT,"https://ratings-images-prod.pulse.ea.com/madden-nfl-26/portraits/2243.png?im=FaceCrop,padding=0.7",https://drop-assets.ea.com/images/4k4tkEjxICBzmTan96wMKZ/1d5d9145ace8a359ac5423c8c3e5e2d8/29.png,83,76,74,88,86,74,10,55,12,15,35,24,34,59,5,43,66,86,92,10,16,14,10,84,12,9,71,74,75,73,6,57,58,10,61,15,74,76,72,Long Stride Awkward,15,26,73,10,10,54,6,6,6,6,24,11,86,15,15
21687,Cam,Sample,Left Edge,LEDG,Cincinnati Bengals,2,71,25,Tulane,75,272,96,4,Power Rusher - DE,"https://ratings-images-prod.pulse.ea.com/madden-nfl-26/portraits/929.png?im=FaceCrop,padding=0.7",https://drop-assets.ea.com/images/5oemvWKqCFgBCkCI4h9A2U/0629c6d345fe01a14ba9f40554fd182e/2.png,81,70,86,80,78,70,25,76,12,15,36,24,35,65,3,67,80,83,88,35,30,30,6,18,38,6,71,45,45,45,6,73,75,36,82,13,45,45,45,Default Stride Loose,14,24,77,27,28,84,6,6,6,6,27,10,82,25,47
13165,Cedrick,Wilson Jr,Wide Receiver,WR,Miami Dolphins,12,71,29,Boise State,74,197,19,7,,"https://ratings-images-prod.pulse.ea.com/madden-nfl-26/portraits/9119.png?im=FaceCrop,padding=0.7",https://drop-assets.ea.com/images/1rcCzp9f3OyZFzRBRFJVpC/8dc08dce09c05a748587769908cd710c/12.png,89,84,88,84,51,70,83,24,28,70,71,82,84,82,73,10,18,43,88,84,11,16,78,19,16,73,71,29,23,27,38,19,10,10,34,69,39,22,28,Long Stride Default,74,84,88,70,50,28,46,50,55,54,69,42,81,29,22
12426,Chris,Manhertz,Tight End,TE,NY Giants,16,71,33,Canisius,78,235,85,10,Blocking - TE,"https://ratings-images-prod.pulse.ea.com/madden-nfl-26/portraits/8375.png?im=FaceCrop,padding=0.7",https://drop-assets.ea.com/images/5hloGwLNaCrg2IBn0CoWVb/b5996a802009a4252f992182bd9acf85/16.png,83,81,84,83,77,68,61,29,19,59,65,72,72,73,47,17,27,69,95,66,19,21,18,73,14,52,71,66,61,66,6,22,17,17,37,62,72,70,72,Long Stride Default,57,73,78,69,66,33,6,6,6,6,30,10,79,63,21
2308,Cornelius,Lucas III,Left Tackle,LT,Cleveland Browns,5,71,34,Kansas State,80,327,71,11,Power - OT,"https://ratings-images-prod.pulse.ea.com/madden-nfl-26/portraits/6498.png?im=FaceCrop,padding=0.7",https://drop-assets.ea.com/images/4qbblHggBjaH9o46kyGeFo/27cab0f308b54edbd469e9b20cb506f7/5.png,55,59,65,85,83,80,10,25,12,5,40,15,27,42,5,10,20,84,91,10,11,21,10,82,12,5,71,76,74,78,6,10,10,10,21,15,74,72,76,Default Stride Awkward,15,15,69,10,10,26,6,6,6,6,33,10,65,25,12
22203,D'Marco,Jackson,Weak Backer,WILL,Chicago Bears,1,71,27,Appalach. St.,73,233,48,3,Run Stopper - OLB,"https://ratings-images-prod.pulse.ea.com/madden-nfl-26/portraits/1775.png?im=FaceCrop,padding=0.7",https://drop-assets.ea.com/images/6jaEsYrn1V45DziwibpsDk/ed66ad67e63f08a3a7c25ce951dbf5b9/1.png,92,77,80,84,69,68,64,66,20,51,53,46,62,75,17,52,78,85,87,55,15,14,10,27,61,23,71,45,45,45,6,70,58,41,83,27,45,45,45,Default,27,44,87,49,48,83,6,6,6,6,25,13,88,54,67
22236,Damarri,Mathis,Cornerback,CB,Carolina Panthers,21,71,26,Pittsburgh,71,195,28,3,Zone - CB,"https://ratings-images-prod.pulse.ea.com/madden-nfl-26/portraits/1825.png?im=FaceCrop,padding=0.7",https://drop-assets.ea.com/images/4Klf6KKhbnVi5RaARK1OiL/13a917c75c0fbc4edb0eb018cb757d8d/21.png,93,84,97,91,61,70,64,47,14,53,55,56,67,83,20,40,68,47,87,73,11,13,50,15,68,25,71,30,30,30,6,69,34,75,67,32,35,35,35,Default Stride Loose,30,63,93,65,36,48,6,6,6,6,29,10,86,33,72
22185,Damone,Clark,Weak Backer,WILL,Houston Texans,32,71,25,LSU,75,240,31,3,Run Stopper - OLB,"https://ratings-images-prod.pulse.ea.com/madden-nfl-26/portraits/1272.png?im=FaceCrop,padding=0.7",https://drop-assets.ea.com/images/4rWKgLRDGADEZ3pTbdrpW0/793a695de8ea5caf8f2e1b3973ae1b61/32.png,89,80,87,85,67,67,52,68,21,44,58,48,57,74,25,46,81,81,83,61,15,16,10,32,65,29,71,45,45,45,11,63,49,46,81,31,45,45,45,Default,32,52,90,52,42,91,10,13,19,19,24,12,84,40,65
21163,Dane,Jackson,Cornerback,CB,Buffalo Bills,3,71,28,Pittsburgh,71,180,23,5,Manto Man - CB,"https://ratings-images-prod.pulse.ea.com/madden-nfl-26/portraits/383.png?im=FaceCrop,padding=0.7",https://drop-assets.ea.com/images/212FXcpkDUjs9ZJpZ038pM/676904f80719bc724267b7eb5609c6af/3.png,88,86,84,90,54,75,70,52,40,56,65,49,65,88,24,40,54,51,90,73,34,44,50,14,73,30,71,35,35,35,27,74,37,72,73,35,35,35,35,Default Stride Loose,34,65,88,67,39,52,35,32,36,34,50,33,85,35,76
13552,Daniel,Ekuale,Defensive Tackle,DT,Pittsburgh Steelers,29,71,31,Wash. St.,75,305,96,7,,"https://ratings-images-prod.pulse.ea.com/madden-nfl-26/portraits/9765.png?im=FaceCrop,padding=0.7",https://drop-assets.ea.com/images/4k4tkEjxICBzmTan96wMKZ/1d5d9145ace8a359ac5423c8c3e5e2d8/29.png,68,64,77,72,81,73,10,76,12,15,37,15,35,50,2,59,80,82,84,35,20,21,10,12,15,3,71,45,45,45,6,74,72,25,77,26,45,45,45,Default Stride Awkward,10,15,67,25,10,88,6,6,6,6,10,10,79,25,25
22102,Daniel,Bellinger,Tight End,TE,NY Giants,16,71,24,San Diego St.,77,253,82,3,Possession - TE,"https://ratings-images-prod.pulse.ea.com/madden-nfl-26/portraits/1168.png?im=FaceCrop,padding=0.7",https://drop-assets.ea.com/images/5hloGwLNaCrg2IBn0CoWVb/b5996a802009a4252f992182bd9acf85/16.png,89,79,84,88,79,75,69,49,15,56,74,77,84,70,54,31,40,65,91,63,16,16,30,61,23,59,71,61,61,57,6,39,34,24,55,66,62,59,61,Long Stride Default,67,77,85,57,62,44,6,10,15,10,25,10,88,64,31
22960,Dante,Stills,Defensive Tackle,DT,Arizona Cardinals,7,71,25,West Virginia,76,300,55,2,,"https://ratings-images-prod.pulse.ea.com/madden-nfl-26/portraits/2412.png?im=FaceCrop,padding=0.7",https://drop-assets.ea.com/images/5NdzvrqrP3clJDBL6kdTmu/1f61914ff14c6f4be0240d71e622f9c6/7.png,83,71,71,81,80,74,25,78,21,22,40,39,44,60,12,68,78,71,91,35,8,10,10,24,23,14,71,35,35,35,9,71,74,20,77,15,40,40,40,Default Stride Awkward,15,39,76,30,30,78,10,15,19,15,25,12,84,35,28
12859,David,Moore,Wide Receiver,WR,Carolina Panthers,21,71,30,East Central Univ.,72,219,83,8,Deep Threat - WR,"https://ratings-images-prod.pulse.ea.com/madden-nfl-26/portraits/9243.png?im=FaceCrop,padding=0.7",https://drop-assets.ea.com/images/4Klf6KKhbnVi5RaARK1OiL/13a917c75c0fbc4edb0eb018cb757d8d/21.png,86,82,86,80,74,78,78,33,22,76,72,82,85,76,74,10,28,55,86,77,25,33,70,33,18,75,71,56,29,30,15,25,10,33,40,73,54,17,24,Default Stride High and Tight,74,85,88,63,71,37,15,25,29,22,35,19,85,56,25
12596,Dawuane,Smoot,Right Edge,REDG,Jacksonville Jaguars,17,71,30,Illinois,75,264,98,8,Smaller Speed Rusher - DE,"https://ratings-images-prod.pulse.ea.com/madden-nfl-26/portraits/8732.png?im=FaceCrop,padding=0.7",https://drop-assets.ea.com/images/4s3Xa9huMY7IrNAc9h1TDa/9eb764bbfbbb6a2f651e3d44cdcfa103/17.png,77,79,73,81,82,78,34,75,12,18,28,20,35,61,2,74,80,85,90,41,15,20,6,10,26,3,71,45,45,45,6,77,64,24,80,12,45,45,45,Long Stride Loose,10,22,79,22,37,77,6,6,6,6,20,14,89,30,35
17731,Dean,Lowry,Defensive Tackle,DT,Pittsburgh Steelers,29,71,31,Northwestern,78,296,94,9,,"https://ratings-images-prod.pulse.ea.com/madden-nfl-26/portraits/8119.png?im=FaceCrop,padding=0.7",https://drop-assets.ea.com/images/4k4tkEjxICBzmTan96wMKZ/1d5d9145ace8a359ac5423c8c3e5e2d8/29.png,76,69,79,82,86,71,36,72,12,16,47,37,48,56,3,61,79,81,94,32,19,21,9,18,23,6,71,45,44,45,6,69,73,22,77,17,45,45,44,Long Stride Default,13,33,76,27,36,86,6,6,6,6,22,15,89,33,29
13859,DeAndre,Carter,Wide Receiver,WR,Cleveland Browns,5,71,32,Sacramento State,68,188,2,9,Slot - WR,"https://ratings-images-prod.pulse.ea.com/madden-nfl-26/portraits/9728.png?im=FaceCrop,padding=0.7",https://drop-assets.ea.com/images/4qbblHggBjaH9o46kyGeFo/27cab0f308b54edbd469e9b20cb506f7/5.png,92,91,87,84,60,70,73,34,24,64,69,77,85,89,73,23,25,42,88,80,15,13,80,31,15,75,71,28,19,19,13,22,15,10,39,70,33,17,23,Short Stride Loose,74,78,88,75,39,35,7,12,19,10,31,20,78,35,23
15297,Denzel,Burke,Cornerback,CB,Arizona Cardinals,7,71,22,Ohio State,71,190,29,0,Zone - CB,"https://ratings-images-prod.pulse.ea.com/madden-nfl-26/portraits/10511.png?im=FaceCrop,padding=0.7",https://drop-assets.ea.com/images/5NdzvrqrP3clJDBL6kdTmu/1f61914ff14c6f4be0240d71e622f9c6/7.png,92,84,85,90,61,73,69,52,18,49,56,59,71,82,28,35,68,53,85,71,25,33,77,24,71,27,71,35,35,25,18,72,32,67,75,33,35,35,25,Default,28,66,90,64,41,51,13,17,21,10,22,13,83,29,75
14653,Devontez,Walker,Wide Receiver,WR,Baltimore Ravens,25,71,24,North Carolina,74,193,81,1,Deep Threat - WR,"https://ratings-images-prod.pulse.ea.com/madden-nfl-26/portraits/10281.png?im=FaceCrop,padding=0.7",https://drop-assets.ea.com/images/3zZnTQ4izXUrnVi3ryTBcm/a12a28ccd2af4c0a0930b58db73552a7/25.png,93,87,94,81,63,60,77,31,22,75,70,81,80,84,75,10,28,49,89,78,16,20,42,31,12,74,71,38,20,20,6,17,10,10,29,73,49,32,25,Long Stride Default,73,85,94,75,56,33,6,10,15,10,23,19,81,52,20
22975,Drew,Sanders,Mike Backer,MIKE,Denver Broncos,4,71,23,Arkansas,77,233,41,2,Run Stopper - MLB,"https://ratings-images-prod.pulse.ea.com/madden-nfl-26/portraits/2382.png?im=FaceCrop,padding=0.7",https://drop-assets.ea.com/images/4AYKY9OcX1CYbyMFBnvM8/ac07a8ff525004f92014e3259708acdf/4.png,89,81,88,89,72,73,53,73,52,52,67,58,64,74,4,71,83,85,88,51,15,17,10,34,70,8,71,35,35,35,44,75,73,69,85,12,40,40,40,Long Stride Loose,10,59,84,43,51,76,40,45,51,47,52,33,84,51,62
13291,Durham,Smythe,Tight End,TE,Chicago Bears,1,71,30,Notre Dame,77,248,81,7,Possession - TE,"https://ratings-images-prod.pulse.ea.com/madden-nfl-26/portraits/9064.png?im=FaceCrop,padding=0.7",https://drop-assets.ea.com/images/6jaEsYrn1V45DziwibpsDk/ed66ad67e63f08a3a7c25ce951dbf5b9/1.png,83,75,76,86,75,77,63,19,18,62,75,74,86,73,56,10,12,71,90,68,14,19,10,58,10,62,71,60,59,56,6,21,10,10,25,65,62,62,57,Default Stride Loose,66,76,81,50,67,28,6,10,15,10,25,14,86,71,13
1074,Elijah,Jones,Cornerback,CB,Arizona Cardinals,7,71,25,Boston College,73,185,28,1,Manto Man - CB,"https://ratings-images-prod.pulse.ea.com/madden-nfl-26/portraits/10132.png?im=FaceCrop,padding=0.7",https://drop-assets.ea.com/images/5NdzvrqrP3clJDBL6kdTmu/1f61914ff14c6f4be0240d71e622f9c6/7.png,93,82,96,85,48,61,70,43,21,65,57,65,77,86,10,35,63,55,88,71,10,11,35,14,73,16,71,26,19,15,14,60,29,74,74,15,34,26,25,Default Stride Loose,23,72,91,66,47,65,15,19,21,23,23,12,84,33,68
13028,Elijah,Wilkinson,Right Tackle,RT,Atlanta Falcons,14,71,30,Massachusetts,76,329,71,8,Agile - OT,"https://ratings-images-prod.pulse.ea.com/madden-nfl-26/portraits/9312.png?im=FaceCrop,padding=0.7",https://drop-assets.ea.com/images/3NTxf2X9VWdF6aL91pHAVu/6002a1f3e761a58c3b00f0e08bdccf5f/14.png,56,60,71,83,85,79,24,33,12,10,20,15,26,45,5,20,35,80,86,30,22,25,10,75,10,5,71,73,75,71,6,24,30,10,38,12,77,79,75,Long Stride Awkward,10,20,70,25,36,37,6,6,6,6,32,12,83,33,12
15164,Emery,Jones Jr,Left Guard,LG,Baltimore Ravens,25,71,21,LSU,77,315,51,0,Power - G,"https://ratings-images-prod.pulse.ea.com/madden-nfl-26/portraits/10615.png?im=FaceCrop,padding=0.7",https://drop-assets.ea.com/images/3zZnTQ4izXUrnVi3ryTBcm/a12a28ccd2af4c0a0930b58db73552a7/25.png,74,57,71,87,88,68,14,35,12,13,33,22,21,54,5,23,33,85,88,10,16,14,10,81,11,5,71,75,74,76,6,26,42,10,33,13,73,72,74,Long Stride Awkward,20,21,70,10,10,31,6,6,6,6,20,10,88,30,12
20937,Isaiah,Hodgins,Wide Receiver,WR,NY Giants,16,71,26,Oregon State,75,201,89,5,Slot - WR,"https://ratings-images-prod.pulse.ea.com/madden-nfl-26/portraits/358.png?im=FaceCrop,padding=0.7",https://drop-assets.ea.com/images/5hloGwLNaCrg2IBn0CoWVb/b5996a802009a4252f992182bd9acf85/16.png,89,84,86,87,60,74,77,36,21,70,75,84,86,86,71,10,30,45,87,73,15,19,48,30,24,74,71,33,17,20,6,29,10,27,42,71,50,21,31,Long Stride Default,73,83,87,64,65,38,15,15,20,15,26,17,80,45,34
22241,Isaiah,Pola-Mao,Free Safety,FS,Las Vegas Raiders,23,71,26,USC,76,211,20,3,Hybrid - S,"https://ratings-images-prod.pulse.ea.com/madden-nfl-26/portraits/4878.png?im=FaceCrop,padding=0.7",https://drop-assets.ea.com/images/5ZrNmFWgR1vnwTOdqVmwYy/fe13aa7566120fb59130404e168c59ca/23.png,91,88,76,81,57,68,63,44,13,45,62,57,70,80,10,35,64,47,87,69,23,25,35,24,71,17,71,35,35,35,11,70,28,75,73,25,35,35,35,Long Stride Loose,21,64,89,63,52,67,12,13,19,11,27,11,66,35,72
14610,J.J.,McCarthy,Quarterback,QB,Minnesota Vikings,31,71,22,Michigan,75,219,9,1,Scrambler - QB,"https://ratings-images-prod.pulse.ea.com/madden-nfl-26/portraits/10167.png?im=FaceCrop,padding=0.7",https://drop-assets.ea.com/images/bzuWJaOZo5LCC4SwdbVzx/f6dc0006f59641745e50721d0d8c9d38/31.png,88,88,81,91,68,59,81,24,78,67,63,10,36,83,12,10,23,27,79,69,29,31,14,16,12,14,71,15,14,18,77,15,10,10,33,15,23,16,22,Long Stride Loose,15,12,85,65,51,29,82,81,85,80,91,78,80,56,14
22283,Ja'Sir,Taylor,Cornerback,CB,NY Jets,18,71,26,Wake Forest,70,185,36,3,Manto Man - CB,"https://ratings-images-prod.pulse.ea.com/madden-nfl-26/portraits/2641.png?im=FaceCrop,padding=0.7",https://drop-assets.ea.com/images/7M46e9acznPLjtJlC7FaWV/ef5cfc9e8306cbdae723a5f7e809b0fd/18.png,93,89,88,88,53,73,70,43,17,59,60,55,65,86,16,39,50,40,90,74,18,19,70,14,71,23,71,35,35,35,6,72,34,64,66,24,35,35,35,Default,33,58,92,67,34,50,6,6,6,6,28,10,74,37,66
22195,Jack,Sanborn,Mike Backer,MIKE,Dallas Cowboys,11,71,25,Wisconsin,74,234,57,3,Run Stopper - MLB,"https://ratings-images-prod.pulse.ea.com/madden-nfl-26/portraits/1936.png?im=FaceCrop,padding=0.7",https://drop-assets.ea.com/images/4fzYNoreZSo04KbSHo3Sqn/0855e78441c821f956abac278f04abb7/11.png,87,79,83,85,72,78,53,72,15,47,63,50,65,71,24,45,83,85,92,54,21,22,12,35,53,30,71,35,35,35,6,77,62,37,85,25,40,40,40,Default,32,53,80,46,49,78,6,6,6,6,25,12,90,48,62
14663,Jacob,Cowing,Wide Receiver,WR,San Francisco 49ers,15,71,24,Arizona,68,168,19,1,,"https://ratings-images-prod.pulse.ea.com/madden-nfl-26/portraits/10044.png?im=FaceCrop,padding=0.7",https://drop-assets.ea.com/images/1SoIzWJtk28ygwNAPEMRnf/deaee9a60ace23f7eaeaf4275c2282b0/15.png,93,83,86,84,52,52,81,24,19,73,71,77,79,85,76,10,21,34,91,81,19,19,67,21,17,76,71,25,12,12,6,17,10,15,27,74,36,22,17,Default,77,77,93,75,44,26,15,20,25,18,25,15,85,49,25
23117,Jake,Andrews,Center,C,Houston Texans,32,71,25,Troy,75,305,60,2,Power - C,"https://ratings-images-prod.pulse.ea.com/madden-nfl-26/portraits/957.png?im=FaceCrop,padding=0.7",https://drop-assets.ea.com/images/4rWKgLRDGADEZ3pTbdrpW0/793a695de8ea5caf8f2e1b3973ae1b61/32.png,72,56,66,88,87,75,32,47,11,30,35,32,41,54,5,41,50,74,93,21,13,21,10,79,14,5,71,76,73,78,10,46,48,10,53,13,76,73,77,Default Stride Awkward,10,33,67,15,25,42,15,14,21,11,26,15,87,35,18
23347,Jaleel,McLaughlin,Halfback,HB,Denver Broncos,4,71,24,Youngstown St.,67,187,38,2,Elusive Back - HB,"https://ratings-images-prod.pulse.ea.com/madden-nfl-26/portraits/10419.png?im=FaceCrop,padding=0.7",https://drop-assets.ea.com/images/4AYKY9OcX1CYbyMFBnvM8/ac07a8ff525004f92014e3259708acdf/4.png,92,78,78,83,66,66,80,32,28,77,92,48,70,83,51,13,27,35,88,84,13,18,76,26,15,55,71,52,30,27,16,18,19,15,34,54,31,21,26,Short Stride Default,62,52,92,75,68,29,17,21,27,28,31,23,84,60,21
15056,Jalen,Royals,Wide Receiver,WR,Kansas City Chiefs,9,71,22,Utah State,72,205,11,0,Slot - WR,"https://ratings-images-prod.pulse.ea.com/madden-nfl-26/portraits/10714.png?im=FaceCrop,padding=0.7",https://drop-assets.ea.com/images/3g9AewmTPjE4A7yc2tobiZ/20b6502896df3893414233cb5fe1b803/9.png,93,85,86,83,64,73,84,43,27,74,75,81,81,83,71,36,45,40,87,75,29,19,79,26,29,72,71,27,19,28,28,23,34,19,42,71,46,25,25,Default,75,80,92,69,52,23,20,25,29,31,43,30,86,48,31
15211,Jamaree,Caldwell,Defensive Tackle,DT,Los Angeles Chargers,8,71,25,Oregon,73,340,99,0,,"https://ratings-images-prod.pulse.ea.com/madden-nfl-26/portraits/10513.png?im=FaceCrop,padding=0.7",https://drop-assets.ea.com/images/1nyokQ4GLHKjmDL5IorxkB/29267d1765bd7f27730a007e1b070ec4/8.png,72,67,68,75,87,74,24,76,17,25,36,18,19,61,10,58,80,89,89,19,26,24,29,26,12,13,71,45,45,45,15,73,74,16,78,16,45,45,45,Long Stride Awkward,16,18,67,18,33,78,6,8,14,16,25,18,90,34,14
19982,Jameis,Winston,Quarterback,QB,NY Giants,16,71,31,Florida State,76,231,19,10,Strong Arm - QB,"https://ratings-images-prod.pulse.ea.com/madden-nfl-26/portraits/6980.png?im=FaceCrop,padding=0.7",https://drop-assets.ea.com/images/5hloGwLNaCrg2IBn0CoWVb/b5996a802009a4252f992182bd9acf85/16.png,72,76,75,87,72,66,76,45,85,71,59,15,54,73,12,10,28,20,87,66,26,30,10,33,12,16,71,15,15,15,80,19,10,10,50,15,37,27,30,Default,31,20,76,72,76,45,82,80,85,82,90,77,95,64,13
20794,Jamie,Gillan,Punter,P,NY Giants,16,71,28,Arkansas P.B.,73,207,12,6,Power - KP,"https://ratings-images-prod.pulse.ea.com/madden-nfl-26/portraits/125.png?im=FaceCrop,padding=0.7",https://drop-assets.ea.com/images/5hloGwLNaCrg2IBn0CoWVb/b5996a802009a4252f992182bd9acf85/16.png,74,64,87,84,69,56,34,28,22,25,40,14,37,56,15,10,64,21,87,36,75,91,10,14,13,15,71,18,18,18,17,23,10,10,50,16,17,17,17,Short Stride Loose,15,15,76,22,23,53,26,35,43,27,51,17,88,23,18
14641,Jawhar,Jordan,Halfback,HB,Houston Texans,32,71,26,Louisville,70,185,26,1,Elusive Back - HB,"https://ratings-images-prod.pulse.ea.com/madden-nfl-26/portraits/10136.png?im=FaceCrop,padding=0.7",https://drop-assets.ea.com/images/4rWKgLRDGADEZ3pTbdrpW0/793a695de8ea5caf8f2e1b3973ae1b61/32.png,90,85,87,83,63,72,81,27,24,76,90,48,65,81,39,10,23,30,83,79,10,16,82,26,10,49,71,50,23,25,17,13,10,14,34,45,28,24,18,Default,56,48,88,73,66,31,10,15,20,21,24,19,81,68,16
21656,Jaylon,Moore,Right Tackle,RT,Kansas City Chiefs,9,71,27,W. Michigan,76,311,77,4,Agile - OT,"https://ratings-images-prod.pulse.ea.com/madden-nfl-26/portraits/778.png?im=FaceCrop,padding=0.7",https://drop-assets.ea.com/images/3g9AewmTPjE4A7yc2tobiZ/20b6502896df3893414233cb5fe1b803/9.png,67,58,75,82,84,75,33,34,12,22,46,38,38,52,9,37,41,81,91,20,11,16,10,77,12,16,71,79,82,76,6,36,39,10,40,24,73,74,73,Default Stride Awkward,27,36,63,15,20,44,6,6,6,6,13,10,73,35,13
21010,Jeff,Okudah,Cornerback,CB,Minnesota Vikings,31,71,26,Ohio State,73,202,8,5,Manto Man - CB,"https://ratings-images-prod.pulse.ea.com/madden-nfl-26/portraits/489.png?im=FaceCrop,padding=0.7",https://drop-assets.ea.com/images/bzuWJaOZo5LCC4SwdbVzx/f6dc0006f59641745e50721d0d8c9d38/31.png,89,88,91,89,66,69,65,51,33,54,64,52,62,85,27,38,58,55,83,71,12,15,50,16,71,33,71,23,35,35,21,68,32,77,71,39,27,35,35,Long Stride Loose,36,63,90,64,39,62,7,11,16,22,21,14,75,33,74
20554,Jerry,Tillery,Defensive Tackle,DT,Kansas City Chiefs,9,71,28,Notre Dame,78,295,99,6,,"https://ratings-images-prod.pulse.ea.com/madden-nfl-26/portraits/9657.png?im=FaceCrop,padding=0.7",https://drop-assets.ea.com/images/3g9AewmTPjE4A7yc2tobiZ/20b6502896df3893414233cb5fe1b803/9.png,78,72,78,82,85,72,24,74,12,19,35,21,30,66,2,63,83,88,90,25,24,27,10,45,22,3,71,52,53,50,6,69,72,10,76,12,51,47,51,Long Stride Loose,10,18,75,15,32,82,6,6,6,6,19,10,81,20,28
22770,Jonathan,Mingo,Wide Receiver,WR,Dallas Cowboys,11,71,24,Ole Miss,74,220,81,2,Deep Threat - WR,"https://ratings-images-prod.pulse.ea.com/madden-nfl-26/portraits/2314.png?im=FaceCrop,padding=0.7",https://drop-assets.ea.com/images/4fzYNoreZSo04KbSHo3Sqn/0855e78441c821f956abac278f04abb7/11.png,92,82,89,87,71,72,82,39,22,74,71,80,80,81,76,10,38,49,88,72,18,25,57,27,26,75,71,32,17,23,6,27,10,28,45,74,50,31,24,Default Stride Loose,76,82,90,67,60,43,6,10,15,10,30,20,85,58,36
2548,Jordan,Phillips,Defensive Tackle,DT,Buffalo Bills,3,71,32,Oklahoma,78,341,52,10,Power Rusher - DT,"https://ratings-images-prod.pulse.ea.com/madden-nfl-26/portraits/7279.png?im=FaceCrop,padding=0.7",https://drop-assets.ea.com/images/212FXcpkDUjs9ZJpZ038pM/676904f80719bc724267b7eb5609c6af/3.png,68,60,74,73,87,80,38,73,12,21,47,23,38,51,4,63,86,88,80,26,11,17,10,36,37,8,71,45,45,45,6,79,75,10,77,15,45,45,45,Default Stride Awkward,16,27,72,17,24,78,6,6,6,6,14,11,73,42,45
15244,Jordan,Phillips,Defensive Tackle,DT,Miami Dolphins,12,71,21,Maryland,74,313,94,0,,"https://ratings-images-prod.pulse.ea.com/madden-nfl-26/portraits/10692.png?im=FaceCrop,padding=0.7",https://drop-assets.ea.com/images/1rcCzp9f3OyZFzRBRFJVpC/8dc08dce09c05a748587769908cd710c/12.png,81,59,76,75,89,66,21,75,14,22,38,18,23,56,11,66,75,87,88,22,18,21,26,24,9,14,71,45,45,45,16,65,71,12,75,16,45,45,45,Long Stride Awkward,17,18,72,16,30,84,14,17,27,8,15,12,88,29,11
14940,Josh,Newton,Cornerback,CB,Cincinnati Bengals,2,71,24,TCU,71,190,28,1,Manto Man - CB,"https://ratings-images-prod.pulse.ea.com/madden-nfl-26/portraits/10194.png?im=FaceCrop,padding=0.7",https://drop-assets.ea.com/images/5oemvWKqCFgBCkCI4h9A2U/0629c6d345fe01a14ba9f40554fd182e/2.png,90,85,82,86,61,68,74,43,23,65,63,67,76,89,51,38,61,54,95,75,18,15,64,24,74,56,71,30,25,25,14,64,32,75,70,57,35,35,35,Default Stride Loose,55,72,89,72,44,55,19,24,29,28,31,12,79,33,69
21114,Josh,Jones,Right Tackle,RT,Seattle Seahawks,28,71,28,Houston,79,310,74,5,Power - OT,"https://ratings-images-prod.pulse.ea.com/madden-nfl-26/portraits/405.png?im=FaceCrop,padding=0.7",https://drop-assets.ea.com/images/2WrGCB8Atuo0aZ4MbstBrI/bbe9263ce111287adcef479efbc72160/28.png,67,59,71,86,85,72,10,20,12,6,40,15,36,52,5,10,20,85,90,10,25,25,10,83,12,5,71,79,80,78,6,15,10,10,28,15,75,75,76,Long Stride Awkward,15,15,67,10,30,35,6,6,6,6,30,13,85,20,15
15240,Joshua,Farmer,Defensive Tackle,DT,New England Patriots,22,71,22,Florida State,75,305,92,0,,"https://ratings-images-prod.pulse.ea.com/madden-nfl-26/portraits/10895.png?im=FaceCrop,padding=0.7",https://drop-assets.ea.com/images/6Z0rWjQfkWgvj8K58X0WfA/aaaaa7e6c313bdfc5e624309ba6dfc4e/22.png,74,67,72,78,88,68,48,76,15,40,55,36,40,59,28,58,79,84,89,36,22,27,25,24,20,33,71,45,45,45,31,68,73,16,75,38,45,45,45,Default Stride Awkward,39,39,69,30,43,81,25,15,27,11,20,12,86,40,16
14905,Junior,Colson,Mike Backer,MIKE,Los Angeles Chargers,8,71,22,Michigan,75,247,25,1,Field General - MLB,"https://ratings-images-prod.pulse.ea.com/madden-nfl-26/portraits/10040.png?im=FaceCrop,padding=0.7",https://drop-assets.ea.com/images/1nyokQ4GLHKjmDL5IorxkB/29267d1765bd7f27730a007e1b070ec4/8.png,90,77,81,84,75,65,55,76,22,41,57,52,55,75,5,45,83,83,89,63,15,20,35,48,65,9,71,40,39,37,15,60,54,69,83,15,45,45,45,Default Stride High and Tight,15,55,86,57,48,83,11,21,24,14,25,15,94,51,69
15320,Justin,Walley,Cornerback,CB,Indianapolis Colts,10,71,22,Minnesota,70,190,27,0,Manto Man - CB,"https://ratings-images-prod.pulse.ea.com/madden-nfl-26/portraits/10767.png?im=FaceCrop,padding=0.7",https://drop-assets.ea.com/images/5yTvAS7xG5Z8qw65gMLzSU/037cfcd90e26ee06666a24d762791f65/10.png,91,83,78,91,55,66,78,44,15,57,65,64,74,82,18,39,56,42,91,70,25,30,48,24,72,19,71,35,35,25,6,67,22,75,69,22,35,35,25,Default,23,70,92,66,31,56,6,6,6,6,21,8,94,41,76
21676,K.J.,Britt,Weak Backer,WILL,Miami Dolphins,12,71,26,Auburn,72,235,3,4,Run Stopper - OLB,"https://ratings-images-prod.pulse.ea.com/madden-nfl-26/portraits/982.png?im=FaceCrop,padding=0.7",https://drop-assets.ea.com/images/1rcCzp9f3OyZFzRBRFJVpC/8dc08dce09c05a748587769908cd710c/12.png,82,72,79,82,74,75,33,67,12,21,55,28,49,69,5,49,87,82,88,35,20,20,10,29,61,5,71,45,45,45,6,75,52,47,84,15,45,45,45,Default Stride Awkward,15,25,81,34,42,82,6,6,6,6,30,15,88,42,67
13441,Kentavius,Street,Defensive Tackle,DT,Atlanta Falcons,14,71,29,N.C. State,74,287,93,7,,"https://ratings-images-prod.pulse.ea.com/madden-nfl-26/portraits/9069.png?im=FaceCrop,padding=0.7",https://drop-assets.ea.com/images/3NTxf2X9VWdF6aL91pHAVu/6002a1f3e761a58c3b00f0e08bdccf5f/14.png,80,72,79,81,89,69,41,74,12,26,49,37,45,57,27,72,82,84,89,41,15,16,12,33,25,31,71,45,45,45,6,66,63,21,75,35,45,45,45,Long Stride Loose,35,40,77,32,42,78,6,6,6,6,26,11,86,42,30
13870,KhaDarel,Hodge,Wide Receiver,WR,Atlanta Falcons,14,71,30,P. View AM,74,208,4,7,Deep Threat - WR,"https://ratings-images-prod.pulse.ea.com/madden-nfl-26/portraits/130.png?im=FaceCrop,padding=0.7",https://drop-assets.ea.com/images/3NTxf2X9VWdF6aL91pHAVu/6002a1f3e761a58c3b00f0e08bdccf5f/14.png,88,83,88,82,60,76,74,29,41,73,72,79,83,80,76,10,51,44,88,81,16,20,67,21,13,74,71,35,17,10,39,18,10,18,38,70,46,7,16,Default Stride Loose,75,83,90,75,47,31,36,41,45,48,57,32,83,40,25
15085,Konata,Mumpfield,Wide Receiver,WR,Los Angeles Rams,24,71,22,Pittsburgh,71,186,15,0,Deep Threat - WR,"https://ratings-images-prod.pulse.ea.com/madden-nfl-26/portraits/10674.png?im=FaceCrop,padding=0.7",https://drop-assets.ea.com/images/wS8JnLBEBj9eq68rO1qTb/b7b5285ad842936bc21bb149eb8c31b8/24.png,88,90,85,89,63,72,77,33,30,68,70,78,83,88,74,26,31,33,90,74,28,22,74,27,50,75,71,22,16,22,16,37,23,25,39,74,41,16,18,Default Stride Loose,75,79,86,71,41,39,15,19,19,9,22,20,88,40,41
15052,LeQuint,Allen,Halfback,HB,Jacksonville Jaguars,17,71,21,Syracuse,72,204,36,0,Elusive Back - HB,"https://ratings-images-prod.pulse.ea.com/madden-nfl-26/portraits/10476.png?im=FaceCrop,padding=0.7",https://drop-assets.ea.com/images/4s3Xa9huMY7IrNAc9h1TDa/9eb764bbfbbb6a2f651e3d44cdcfa103/17.png,92,86,85,91,72,66,78,58,27,80,90,61,69,86,57,45,52,34,90,78,22,18,75,37,48,62,71,55,36,38,28,30,33,43,65,61,40,23,27,Long Stride Default,67,59,89,76,77,55,20,27,32,30,51,30,88,79,53
22425,Luke,Fortner,Center,C,New Orleans Saints,27,71,27,Kentucky,78,307,79,3,Agile - C,"https://ratings-images-prod.pulse.ea.com/madden-nfl-26/portraits/1647.png?im=FaceCrop,padding=0.7",https://drop-assets.ea.com/images/5beev0Bk7MVWyDSbEqr75u/837fe770a82d43aa3028a13988d8baf3/27.png,73,60,72,89,87,75,15,25,11,9,25,10,24,49,5,17,26,79,91,10,14,17,10,86,10,5,71,78,80,76,6,20,19,10,27,14,72,75,69,Default Stride Awkward,12,15,65,9,17,30,6,6,6,6,17,14,87,21,10
15318,Mac,McWilliams,Cornerback,CB,Philadelphia Eagles,13,71,23,UCF,70,191,22,0,Manto Man - CB,"https://ratings-images-prod.pulse.ea.com/madden-nfl-26/portraits/10658.png?im=FaceCrop,padding=0.7",https://drop-assets.ea.com/images/1Nt5pFCpjcBcADzHRbwfIk/ce90f9cb564aef7cc30cf1dd88c84150/13.png,93,86,82,88,59,67,71,46,30,49,56,51,67,86,30,26,55,51,81,74,28,24,75,26,72,31,71,35,35,25,21,69,29,69,73,30,35,35,25,Short Stride Default,29,64,92,65,41,51,23,27,19,7,25,21,80,30,73
15345,Malachi,Moore,Free Safety,FS,NY Jets,18,71,23,Alabama,71,197,27,0,Zone - S,"https://ratings-images-prod.pulse.ea.com/madden-nfl-26/portraits/10669.png?im=FaceCrop,padding=0.7",https://drop-assets.ea.com/images/7M46e9acznPLjtJlC7FaWV/ef5cfc9e8306cbdae723a5f7e809b0fd/18.png,89,80,82,89,61,72,65,51,14,53,61,58,70,83,26,33,78,58,88,64,16,20,42,25,67,30,71,35,35,35,6,69,35,66,74,33,35,35,35,Default Stride Loose,35,61,87,57,43,68,6,6,6,6,25,12,86,46,74
22048,Malik,Willis,Quarterback,QB,Green Bay Packers,20,71,26,Liberty,73,219,2,3,Scrambler - QB,"https://ratings-images-prod.pulse.ea.com/madden-nfl-26/portraits/2039.png?im=FaceCrop,padding=0.7",https://drop-assets.ea.com/images/4ztQk5XogdkrJe6reVd3h8/16ecf8a0f4caf228c6e54ad0f8e17425/20.png,93,92,83,84,72,59,88,29,78,77,67,39,58,89,17,10,30,35,92,84,20,23,48,24,22,26,71,20,18,16,82,16,10,16,41,22,26,15,19,Default,33,43,90,80,73,35,77,74,81,79,93,79,94,69,28
15311,Marcus,Harris,Cornerback,CB,Tennessee Titans,30,71,24,California,71,188,26,0,Manto Man - CB,"https://ratings-images-prod.pulse.ea.com/madden-nfl-26/portraits/10576.png?im=FaceCrop,padding=0.7",https://drop-assets.ea.com/images/2YxvlDMaJsJwNQ4lS7qdCQ/d850f60dcbdcd71fb162eb55a46c7969/30.png,92,79,87,92,59,63,73,48,26,44,60,61,74,86,29,26,57,50,90,67,23,23,81,21,73,30,71,35,35,25,21,62,27,68,73,31,33,35,25,Default,31,67,93,60,33,71,7,12,16,19,13,27,90,25,69
14906,Marist,Liufau,Weak Backer,WILL,Dallas Cowboys,11,71,24,Notre Dame,74,234,35,1,Run Stopper - OLB,"https://ratings-images-prod.pulse.ea.com/madden-nfl-26/portraits/10160.png?im=FaceCrop,padding=0.7",https://drop-assets.ea.com/images/4fzYNoreZSo04KbSHo3Sqn/0855e78441c821f956abac278f04abb7/11.png,88,78,74,83,73,68,51,75,24,28,62,49,60,78,24,61,88,78,90,57,24,28,10,42,68,29,71,40,40,41,13,67,72,63,83,29,45,45,45,Default Stride High and Tight,31,54,84,53,48,76,19,21,23,21,26,19,90,53,66
23262,Marte,Mapu,Mike Backer,MIKE,New England Patriots,22,71,25,Sacramento State,75,230,15,2,Pass Coverage - MLB,"https://ratings-images-prod.pulse.ea.com/madden-nfl-26/portraits/4670.png?im=FaceCrop,padding=0.7",https://drop-assets.ea.com/images/6Z0rWjQfkWgvj8K58X0WfA/aaaaa7e6c313bdfc5e624309ba6dfc4e/22.png,88,83,82,87,68,68,72,64,50,62,63,62,73,80,34,58,85,64,88,67,21,22,45,34,70,38,71,35,35,35,35,66,41,66,81,44,35,35,35,Default Stride Loose,42,64,88,63,55,81,39,41,46,46,54,31,84,55,68
21568,Michael,Carter,Halfback,HB,Arizona Cardinals,7,71,26,North Carolina,68,201,22,4,Elusive Back - HB,"https://ratings-images-prod.pulse.ea.com/madden-nfl-26/portraits/1356.png?im=FaceCrop,padding=0.7",https://drop-assets.ea.com/images/5NdzvrqrP3clJDBL6kdTmu/1f61914ff14c6f4be0240d71e622f9c6/7.png,85,88,82,87,66,64,80,24,31,79,89,53,69,90,49,10,22,34,88,85,16,20,80,31,10,58,71,52,38,34,21,17,10,16,32,45,33,24,18,Default,65,54,87,78,79,27,27,31,36,32,39,21,84,80,16
13007,Michael,Davis,Cornerback,CB,New Orleans Saints,27,71,30,BYU,74,196,43,8,Zone - CB,"https://ratings-images-prod.pulse.ea.com/madden-nfl-26/portraits/9172.png?im=FaceCrop,padding=0.7",https://drop-assets.ea.com/images/5beev0Bk7MVWyDSbEqr75u/837fe770a82d43aa3028a13988d8baf3/27.png,88,81,81,91,63,74,63,52,11,61,58,60,69,80,10,51,64,48,88,73,10,10,45,18,70,12,71,25,35,35,6,71,45,76,69,16,25,35,35,Default Stride Loose,22,62,91,69,44,59,6,6,6,6,26,17,86,40,76
22162,Micheal,Clemons,Right Edge,REDG,NY Jets,18,71,28,Texas AM,77,281,72,3,Power Rusher - DE,"https://ratings-images-prod.pulse.ea.com/madden-nfl-26/portraits/1278.png?im=FaceCrop,padding=0.7",https://drop-assets.ea.com/images/7M46e9acznPLjtJlC7FaWV/ef5cfc9e8306cbdae723a5f7e809b0fd/18.png,84,74,84,73,80,74,29,77,19,23,28,20,30,65,4,60,81,84,86,27,12,15,10,18,20,8,71,45,45,45,6,72,74,26,82,12,45,45,45,Long Stride Awkward,10,26,77,29,31,79,10,15,20,10,23,12,87,27,28
2276,Mike,Pennel,Defensive Tackle,DT,Kansas City Chiefs,9,71,34,CSU-Pueblo,76,332,69,12,,"https://ratings-images-prod.pulse.ea.com/madden-nfl-26/portraits/6548.png?im=FaceCrop,padding=0.7",https://drop-assets.ea.com/images/3g9AewmTPjE4A7yc2tobiZ/20b6502896df3893414233cb5fe1b803/9.png,67,54,71,72,85,71,15,77,12,10,40,15,32,47,3,48,75,88,88,15,16,15,10,36,15,7,71,45,45,45,6,74,70,16,76,15,45,45,45,Default Stride Awkward,15,15,67,12,27,84,6,6,6,6,20,10,75,25,20
22787,Mitchell,Tinsley,Wide Receiver,WR,Cincinnati Bengals,2,71,25,Penn State,73,205,82,2,Slot - WR,"https://ratings-images-prod.pulse.ea.com/madden-nfl-26/portraits/10976.png?im=FaceCrop,padding=0.7",https://drop-assets.ea.com/images/5oemvWKqCFgBCkCI4h9A2U/0629c6d345fe01a14ba9f40554fd182e/2.png,89,91,85,84,60,75,80,33,28,68,73,83,81,87,66,10,32,50,92,75,18,18,64,28,18,69,71,27,17,20,21,26,10,17,41,64,53,45,39,Default Stride Loose,72,81,86,71,54,31,22,25,29,15,35,19,87,53,26
13872,Mo,Alie-Cox,Tight End,TE,Indianapolis Colts,10,71,31,Virginia Commonwealth,77,267,81,7,Possession - TE,"https://ratings-images-prod.pulse.ea.com/madden-nfl-26/portraits/9697.png?im=FaceCrop,padding=0.7",https://drop-assets.ea.com/images/5yTvAS7xG5Z8qw65gMLzSU/037cfcd90e26ee06666a24d762791f65/10.png,81,73,87,86,70,67,63,19,18,62,72,81,83,64,61,10,12,65,89,62,14,19,10,54,10,64,71,64,60,63,6,21,10,10,25,71,66,61,65,Long Stride Loose,68,84,82,54,64,28,6,10,15,10,25,14,86,66,13
21992,Nick,McCloud,Cornerback,CB,Chicago Bears,1,71,27,Notre Dame,73,191,24,4,Zone - CB,"https://ratings-images-prod.pulse.ea.com/madden-nfl-26/portraits/976.png?im=FaceCrop,padding=0.7",https://drop-assets.ea.com/images/6jaEsYrn1V45DziwibpsDk/ed66ad67e63f08a3a7c25ce951dbf5b9/1.png,92,88,82,83,58,71,55,51,15,43,52,53,67,85,16,34,58,50,90,70,15,15,50,23,68,21,71,35,35,35,6,69,26,71,69,24,35,35,35,Default Stride Loose,24,66,90,61,33,60,6,6,6,6,31,15,79,34,73
15274,Nick,Martin,Weak Backer,WILL,San Francisco 49ers,15,71,22,Oklahoma St.,72,221,45,0,Run Stopper - OLB,"https://ratings-images-prod.pulse.ea.com/madden-nfl-26/portraits/10647.png?im=FaceCrop,padding=0.7",https://drop-assets.ea.com/images/1SoIzWJtk28ygwNAPEMRnf/deaee9a60ace23f7eaeaf4275c2282b0/15.png,93,79,90,87,74,73,57,70,22,43,68,52,60,82,23,61,76,73,88,61,21,23,10,29,58,26,71,45,45,45,6,71,55,48,82,27,45,45,45,Default Stride Loose,29,54,88,55,51,78,6,6,6,6,22,12,88,47,63
21013,Noah,Igbinoghene,Cornerback,CB,Washington Commanders,26,71,25,Auburn,71,197,6,5,Manto Man - CB,"https://ratings-images-prod.pulse.ea.com/madden-nfl-26/portraits/375.png?im=FaceCrop,padding=0.7",https://drop-assets.ea.com/images/42h6FyIuthDAiH4cTWUXRH/bb952a9252013b5bfdf77ac3f4011601/RatingsteamcrestWashingtonCommanders256.png,91,88,93,87,61,68,74,49,17,58,65,49,64,87,47,37,57,48,83,78,14,18,82,17,71,53,71,35,35,35,6,67,28,75,73,44,35,35,35,Default Stride Loose,58,67,91,71,41,56,6,6,6,6,28,17,82,33,69
15224,Omarr,Norman-Lott,Defensive Tackle,DT,Kansas City Chiefs,9,71,23,Tennessee,74,303,55,0,,"https://ratings-images-prod.pulse.ea.com/madden-nfl-26/portraits/10682.png?im=FaceCrop,padding=0.7",https://drop-assets.ea.com/images/3g9AewmTPjE4A7yc2tobiZ/20b6502896df3893414233cb5fe1b803/9.png,82,71,77,72,85,71,25,78,16,28,40,19,24,61,10,69,83,84,83,19,15,21,19,26,10,13,71,45,45,45,8,68,75,10,76,15,45,45,45,Long Stride Awkward,19,19,67,19,31,77,6,10,15,10,24,13,81,27,13
22450,Percy,Butler,Strong Safety,SS,Washington Commanders,26,71,25,UL Lafayette,72,191,35,3,Hybrid - S,"https://ratings-images-prod.pulse.ea.com/madden-nfl-26/portraits/1239.png?im=FaceCrop,padding=0.7",https://drop-assets.ea.com/images/42h6FyIuthDAiH4cTWUXRH/bb952a9252013b5bfdf77ac3f4011601/RatingsteamcrestWashingtonCommanders256.png,95,83,84,88,57,72,58,51,19,46,59,53,60,84,26,37,77,48,87,72,15,20,35,21,72,31,71,34,34,34,7,72,30,60,73,26,34,34,34,Default Stride Loose,35,57,92,65,33,58,10,13,16,16,26,8,73,36,69
13039,Reid,Ferguson,Long Snapper,LS,Buffalo Bills,3,71,31,LSU,74,235,69,9,Accurate - LS,"https://ratings-images-prod.pulse.ea.com/madden-nfl-26/portraits/9183.png?im=FaceCrop,padding=0.7",https://drop-assets.ea.com/images/212FXcpkDUjs9ZJpZ038pM/676904f80719bc724267b7eb5609c6af/3.png,70,63,69,79,65,68,45,39,11,43,54,54,57,62,42,17,27,46,94,51,19,21,18,35,14,47,71,54,40,50,17,22,17,17,48,48,50,42,47,Long Stride Loose,51,51,73,47,52,33,13,16,18,19,27,10,83,46,21
14661,Roman,Wilson,Wide Receiver,WR,Pittsburgh Steelers,29,71,24,Michigan,72,185,10,1,Deep Threat - WR,"https://ratings-images-prod.pulse.ea.com/madden-nfl-26/portraits/10303.png?im=FaceCrop,padding=0.7",https://drop-assets.ea.com/images/4k4tkEjxICBzmTan96wMKZ/1d5d9145ace8a359ac5423c8c3e5e2d8/29.png,94,86,89,82,56,63,81,26,21,71,74,80,82,92,73,10,25,46,85,74,15,19,70,31,12,71,71,32,17,20,6,15,10,17,32,71,47,31,25,Default,74,82,93,69,41,27,10,15,20,15,26,17,81,34,17
13163,Ronnie,Harrison Jr,Weak Backer,WILL,Atlanta Falcons,14,71,28,Alabama,75,214,36,7,Pass Coverage - OLB,"https://ratings-images-prod.pulse.ea.com/madden-nfl-26/portraits/8914.png?im=FaceCrop,padding=0.7",https://drop-assets.ea.com/images/3NTxf2X9VWdF6aL91pHAVu/6002a1f3e761a58c3b00f0e08bdccf5f/14.png,88,81,82,89,72,70,63,60,15,44,69,55,74,79,10,53,87,63,87,67,11,14,55,20,69,15,71,35,35,35,6,69,45,74,79,20,35,35,35,Short Stride Loose,20,63,86,56,43,78,6,6,6,6,23,18,91,52,74
22747,Roschon,Johnson,Halfback,HB,Chicago Bears,1,71,24,Texas,72,227,23,2,Power Back - HB,"https://ratings-images-prod.pulse.ea.com/madden-nfl-26/portraits/2604.png?im=FaceCrop,padding=0.7",https://drop-assets.ea.com/images/6jaEsYrn1V45DziwibpsDk/ed66ad67e63f08a3a7c25ce951dbf5b9/1.png,89,82,77,81,78,77,83,32,43,80,93,46,66,81,37,10,36,45,89,77,24,26,72,33,10,45,71,58,37,43,38,14,10,13,39,44,33,20,25,Long Stride Default,53,47,86,72,73,33,31,38,42,46,50,36,85,81,15
22443,Sean,Rhyan,Left Guard,LG,Green Bay Packers,20,71,26,UCLA,77,321,75,3,Power - G,"https://ratings-images-prod.pulse.ea.com/madden-nfl-26/portraits/1911.png?im=FaceCrop,padding=0.7",https://drop-assets.ea.com/images/4ztQk5XogdkrJe6reVd3h8/16ecf8a0f4caf228c6e54ad0f8e17425/20.png,73,66,83,79,84,76,31,25,19,27,45,30,35,59,10,10,42,87,86,14,22,26,10,76,10,14,71,73,71,76,5,21,10,10,35,15,75,76,74,Default Stride Awkward,18,28,64,15,39,43,12,15,21,7,28,5,82,31,10
22735,Sean,Tucker,Halfback,HB,Tampa Bay Buccaneers,6,71,23,Syracuse,70,210,44,2,Elusive Back - HB,"https://ratings-images-prod.pulse.ea.com/madden-nfl-26/portraits/2435.png?im=FaceCrop,padding=0.7",https://drop-assets.ea.com/images/1L5Fn21WqZN9jcLucGYg4c/ce29db9b9b4775d4e8fc337bf5c65027/6.png,90,82,89,83,76,77,80,30,31,79,87,68,69,80,43,15,44,49,91,77,21,22,72,32,15,51,71,50,46,50,24,26,13,15,29,46,44,43,45,Default Stride High and Tight,61,65,92,71,72,35,17,21,24,33,26,15,88,82,21
15282,Shavon,Revel Jr,Cornerback,CB,Dallas Cowboys,11,71,24,East Carolina,74,202,34,0,Manto Man - CB,"https://ratings-images-prod.pulse.ea.com/madden-nfl-26/portraits/10705.png?im=FaceCrop,padding=0.7",https://drop-assets.ea.com/images/4fzYNoreZSo04KbSHo3Sqn/0855e78441c821f956abac278f04abb7/11.png,94,90,91,82,66,56,77,56,13,49,58,67,72,88,19,34,70,59,80,78,24,25,77,23,73,22,71,35,35,25,6,57,33,77,78,26,35,35,25,Long Stride Bread Loaf,25,71,93,70,40,63,6,6,6,6,29,10,77,34,69
20853,Shy,Tuttle,Defensive Tackle,DT,Washington Commanders,26,71,29,Tennessee,75,300,79,6,,"https://ratings-images-prod.pulse.ea.com/madden-nfl-26/portraits/631.png?im=FaceCrop,padding=0.7",https://drop-assets.ea.com/images/42h6FyIuthDAiH4cTWUXRH/bb952a9252013b5bfdf77ac3f4011601/RatingsteamcrestWashingtonCommanders256.png,74,71,70,78,82,68,17,75,12,10,30,29,44,59,3,68,79,82,89,25,12,15,10,27,22,7,71,45,45,45,6,70,60,20,80,15,45,45,45,Default Stride Loose,15,33,75,30,53,84,6,6,6,6,16,10,85,34,26
15038,Tahj,Brooks,Halfback,HB,Cincinnati Bengals,2,71,23,Texas Tech,69,220,25,0,Elusive Back - HB,"https://ratings-images-prod.pulse.ea.com/madden-nfl-26/portraits/10500.png?im=FaceCrop,padding=0.7",https://drop-assets.ea.com/images/5oemvWKqCFgBCkCI4h9A2U/0629c6d345fe01a14ba9f40554fd182e/2.png,92,87,86,93,68,66,79,35,16,81,91,50,70,85,51,23,29,44,94,79,23,24,73,40,24,57,71,52,41,46,25,37,28,26,37,55,41,30,33,Short Stride Default,61,50,88,73,72,35,25,17,16,9,21,32,92,73,27
15075,Tai,Felton,Wide Receiver,WR,Minnesota Vikings,31,71,22,Maryland,73,183,13,0,,"https://ratings-images-prod.pulse.ea.com/madden-nfl-26/portraits/10551.png?im=FaceCrop,padding=0.7",https://drop-assets.ea.com/images/bzuWJaOZo5LCC4SwdbVzx/f6dc0006f59641745e50721d0d8c9d38/31.png,93,84,89,91,59,62,83,28,18,73,70,77,81,85,76,25,24,35,86,82,27,18,71,21,33,71,71,26,17,24,27,36,23,25,30,70,37,17,19,Default,72,79,93,77,59,49,22,15,24,23,22,33,89,52,46
13096,Taven,Bryan,Defensive Tackle,DT,Baltimore Ravens,25,71,29,Florida,76,291,58,7,,"https://ratings-images-prod.pulse.ea.com/madden-nfl-26/portraits/8828.png?im=FaceCrop,padding=0.7",https://drop-assets.ea.com/images/3zZnTQ4izXUrnVi3ryTBcm/a12a28ccd2af4c0a0930b58db73552a7/25.png,79,75,84,75,88,69,34,71,13,33,37,23,31,62,3,62,85,89,94,32,13,18,10,30,22,5,71,45,45,45,8,70,74,20,76,12,45,45,45,Long Stride Default,10,18,77,26,37,81,7,10,13,7,22,15,94,53,29
13498,Tavierre,Thomas,Free Safety,FS,Minnesota Vikings,31,71,29,Ferris State,70,205,37,7,Hybrid - S,"https://ratings-images-prod.pulse.ea.com/madden-nfl-26/portraits/9938.png?im=FaceCrop,padding=0.7",https://drop-assets.ea.com/images/bzuWJaOZo5LCC4SwdbVzx/f6dc0006f59641745e50721d0d8c9d38/31.png,90,79,81,90,55,75,59,50,16,56,58,37,64,78,10,43,46,47,92,71,14,18,74,12,74,13,71,35,35,35,6,75,35,73,74,14,35,35,35,Default Stride Loose,23,60,90,63,31,59,6,6,6,6,25,13,84,32,70
21130,Trevis,Gipson,Right Edge,REDG,Carolina Panthers,21,71,28,Tulsa,75,263,52,5,Smaller Speed Rusher - DE,"https://ratings-images-prod.pulse.ea.com/madden-nfl-26/portraits/299.png?im=FaceCrop,padding=0.7",https://drop-assets.ea.com/images/4Klf6KKhbnVi5RaARK1OiL/13a917c75c0fbc4edb0eb018cb757d8d/21.png,86,78,82,87,79,69,30,71,12,18,34,19,37,70,4,74,81,81,90,32,12,16,10,14,38,8,71,45,45,45,6,67,64,34,79,13,45,45,45,Long Stride Loose,15,22,82,27,32,79,6,6,6,6,20,14,85,32,46
15050,Trevor,Etienne,Halfback,HB,Carolina Panthers,21,71,21,Georgia,69,198,23,0,Elusive Back - HB,"https://ratings-images-prod.pulse.ea.com/madden-nfl-26/portraits/10545.png?im=FaceCrop,padding=0.7",https://drop-assets.ea.com/images/4Klf6KKhbnVi5RaARK1OiL/13a917c75c0fbc4edb0eb018cb757d8d/21.png,93,79,84,85,69,68,81,37,24,80,90,49,70,81,54,29,35,34,84,81,28,30,78,29,27,56,71,51,32,36,27,36,30,25,35,56,34,28,31,Default,63,46,92,75,77,40,23,32,40,12,45,28,85,82,35
22776,Trey,Palmer,Wide Receiver,WR,New Orleans Saints,27,71,24,Nebraska,72,192,17,2,Deep Threat - WR,"https://ratings-images-prod.pulse.ea.com/madden-nfl-26/portraits/2608.png?im=FaceCrop,padding=0.7",https://drop-assets.ea.com/images/5beev0Bk7MVWyDSbEqr75u/837fe770a82d43aa3028a13988d8baf3/27.png,92,80,79,81,54,71,81,36,21,71,72,78,83,86,76,20,40,47,90,73,15,18,77,28,33,74,71,30,25,22,6,31,13,37,46,71,54,32,26,Default,73,79,95,66,49,46,6,10,15,10,25,18,88,45,39
21274,Troy,Dye,Mike Backer,MIKE,Los Angeles Chargers,8,71,28,Oregon,75,225,43,5,Field General - MLB,"https://ratings-images-prod.pulse.ea.com/madden-nfl-26/portraits/266.png?im=FaceCrop,padding=0.7",https://drop-assets.ea.com/images/1nyokQ4GLHKjmDL5IorxkB/29267d1765bd7f27730a007e1b070ec4/8.png,87,81,84,81,71,75,54,68,12,46,55,50,61,75,25,57,80,72,87,62,19,15,35,16,61,31,71,45,45,45,15,74,48,59,81,26,45,45,45,Long Stride Loose,37,52,87,55,41,81,10,10,15,15,30,13,89,40,66
22194,Troy,Andersen,Weak Backer,WILL,Atlanta Falcons,14,71,26,Montana State,76,235,44,3,Run Stopper - OLB,"https://ratings-images-prod.pulse.ea.com/madden-nfl-26/portraits/1133.png?im=FaceCrop,padding=0.7",https://drop-assets.ea.com/images/3NTxf2X9VWdF6aL91pHAVu/6002a1f3e761a58c3b00f0e08bdccf5f/14.png,93,87,86,85,68,76,76,68,63,71,76,58,67,85,24,45,84,79,85,65,21,24,10,59,54,30,71,53,52,54,53,72,40,55,80,37,56,57,54,Long Stride Default,35,57,91,55,58,81,44,46,51,55,53,39,86,63,58
15209,Ty,Robinson,Defensive Tackle,DT,Philadelphia Eagles,13,71,24,Nebraska,78,288,95,0,,"https://ratings-images-prod.pulse.ea.com/madden-nfl-26/portraits/10711.png?im=FaceCrop,padding=0.7",https://drop-assets.ea.com/images/1Nt5pFCpjcBcADzHRbwfIk/ce90f9cb564aef7cc30cf1dd88c84150/13.png,80,65,83,87,89,69,43,80,18,39,59,50,55,64,42,65,82,85,92,43,30,22,25,26,21,45,71,45,45,45,12,67,73,19,74,48,45,45,45,Long Stride Awkward,48,52,78,34,45,73,10,12,15,13,21,14,91,43,23
15210,Ty,Hamilton,Defensive Tackle,DT,Los Angeles Rams,24,71,23,Ohio State,75,299,57,0,,"https://ratings-images-prod.pulse.ea.com/madden-nfl-26/portraits/10571.png?im=FaceCrop,padding=0.7",https://drop-assets.ea.com/images/wS8JnLBEBj9eq68rO1qTb/b7b5285ad842936bc21bb149eb8c31b8/24.png,80,61,79,82,89,69,23,76,11,26,36,15,25,57,10,64,79,84,91,21,17,20,26,25,11,13,71,45,45,45,11,69,71,14,73,15,45,45,45,Default Stride Awkward,16,16,75,21,28,78,7,8,13,11,17,14,89,28,17
21619,Tylan,Wallace,Wide Receiver,WR,Baltimore Ravens,25,71,26,Oklahoma St.,71,198,16,4,,"https://ratings-images-prod.pulse.ea.com/madden-nfl-26/portraits/1237.png?im=FaceCrop,padding=0.7",https://drop-assets.ea.com/images/3zZnTQ4izXUrnVi3ryTBcm/a12a28ccd2af4c0a0930b58db73552a7/25.png,92,90,88,83,64,70,82,38,22,75,71,82,82,86,70,10,32,53,85,76,22,20,82,27,24,70,71,36,26,21,6,24,10,26,48,66,60,33,28,Default,70,84,90,72,70,40,6,10,15,10,27,18,80,61,31
13114,Will,Hernandez,Right Guard,RG,Arizona Cardinals,7,71,29,UTEP,74,332,76,7,Power - G,"https://ratings-images-prod.pulse.ea.com/madden-nfl-26/portraits/8920.png?im=FaceCrop,padding=0.7",https://drop-assets.ea.com/images/5NdzvrqrP3clJDBL6kdTmu/1f61914ff14c6f4be0240d71e622f9c6/7.png,69,60,68,87,90,70,12,24,12,17,25,12,17,53,10,10,35,89,90,10,12,17,10,74,10,10,71,73,68,76,6,15,10,10,28,12,71,69,74,Long Stride Awkward,10,10,68,10,15,27,6,6,6,6,22,14,93,34,10
15129,Wyatt,Milum,Left Guard,LG,Jacksonville Jaguars,17,71,22,West Virginia,79,313,64,0,Power - G,"https://ratings-images-prod.pulse.ea.com/madden-nfl-26/portraits/10665.png?im=FaceCrop,padding=0.7",https://drop-assets.ea.com/images/4s3Xa9huMY7IrNAc9h1TDa/9eb764bbfbbb6a2f651e3d44cdcfa103/17.png,67,65,70,88,87,69,26,43,12,27,40,28,38,58,13,45,26,88,87,33,13,12,10,79,12,15,71,75,73,75,6,30,42,10,35,15,76,74,76,Long Stride Awkward,20,27,63,30,30,25,6,6,6,6,18,10,88,27,11
23358,Alex,Palczewski,Left Guard,LG,Denver Broncos,4,70,26,Illinois,78,314,63,2,Agile - G,"https://ratings-images-prod.pulse.ea.com/madden-nfl-26/portraits/10434.png?im=FaceCrop,padding=0.7",https://drop-assets.ea.com/images/4AYKY9OcX1CYbyMFBnvM8/ac07a8ff525004f92014e3259708acdf/4.png,75,60,71,79,82,77,17,37,12,11,43,21,25,58,7,30,40,74,85,26,10,15,5,83,12,15,70,75,77,73,5,25,40,10,32,15,72,74,70,Long Stride Awkward,25,25,63,13,28,38,6,7,8,6,16,5,78,26,12
23080,Alex,Austin,Cornerback,CB,New England Patriots,22,70,24,Oregon State,73,191,28,2,Manto Man - CB,"https://ratings-images-prod.pulse.ea.com/madden-nfl-26/portraits/965.png?im=FaceCrop,padding=0.7",https://drop-assets.ea.com/images/6Z0rWjQfkWgvj8K58X0WfA/aaaaa7e6c313bdfc5e624309ba6dfc4e/22.png,90,85,80,88,49,76,65,40,14,49,59,59,72,83,12,35,63,38,90,69,19,21,55,15,71,16,70,30,30,30,8,74,30,68,73,19,35,35,35,Default Stride Loose,24,61,88,64,48,52,8,8,8,12,27,11,90,29,73
10439,Andy,Dalton,Quarterback,QB,Carolina Panthers,21,70,37,TCU,74,220,14,14,Field General - QB,"https://ratings-images-prod.pulse.ea.com/madden-nfl-26/portraits/4356.png?im=FaceCrop,padding=0.7",https://drop-assets.ea.com/images/4Klf6KKhbnVi5RaARK1OiL/13a917c75c0fbc4edb0eb018cb757d8d/21.png,67,73,73,80,54,72,63,12,55,47,64,52,55,70,10,10,12,14,93,52,19,12,10,10,12,20,70,13,13,13,80,10,10,10,23,24,14,14,14,Default,30,47,74,51,28,15,79,80,85,81,87,80,92,23,12
15127,Anthony,Belton,Left Tackle,LT,Green Bay Packers,20,70,24,N.C. State,78,336,71,0,Power - OT,"https://ratings-images-prod.pulse.ea.com/madden-nfl-26/portraits/10489.png?im=FaceCrop,padding=0.7",https://drop-assets.ea.com/images/4ztQk5XogdkrJe6reVd3h8/16ecf8a0f4caf228c6e54ad0f8e17425/20.png,68,59,74,88,86,74,22,44,12,11,24,15,22,55,5,32,39,84,90,14,15,11,23,82,13,5,70,74,73,77,6,12,39,10,30,16,74,73,75,Long Stride Awkward,16,21,64,23,33,31,6,9,6,6,15,11,90,31,15
14625,Audric,Estime,Halfback,HB,New Orleans Saints,27,70,21,Notre Dame,71,227,30,1,Elusive Back - HB,"https://ratings-images-prod.pulse.ea.com/madden-nfl-26/portraits/10067.png?im=FaceCrop,padding=0.7",https://drop-assets.ea.com/images/5beev0Bk7MVWyDSbEqr75u/837fe770a82d43aa3028a13988d8baf3/27.png,90,85,88,83,75,76,79,32,26,79,86,59,67,81,42,11,29,37,93,78,12,17,65,33,10,49,70,51,36,39,16,18,16,18,37,45,34,35,29,Default,56,60,87,72,76,35,10,15,20,23,25,17,91,79,20
22331,Bam,Knight,Halfback,HB,Arizona Cardinals,7,70,24,N.C. State,71,210,20,3,Elusive Back - HB,"https://ratings-images-prod.pulse.ea.com/madden-nfl-26/portraits/1801.png?im=FaceCrop,padding=0.7",https://drop-assets.ea.com/images/5NdzvrqrP3clJDBL6kdTmu/1f61914ff14c6f4be0240d71e622f9c6/7.png,89,85,80,79,69,71,76,20,24,81,83,56,66,87,44,12,35,29,89,80,15,17,78,26,10,51,70,49,34,32,10,24,10,10,33,44,35,33,31,Default Stride Loose,59,59,88,78,67,36,15,25,30,10,25,11,85,77,12
15179,Barryn,Sorrell,Right Edge,REDG,Green Bay Packers,20,70,22,Texas,75,256,99,0,Power Rusher - DE,"https://ratings-images-prod.pulse.ea.com/madden-nfl-26/portraits/10738.png?im=FaceCrop,padding=0.7",https://drop-assets.ea.com/images/4ztQk5XogdkrJe6reVd3h8/16ecf8a0f4caf228c6e54ad0f8e17425/20.png,85,80,82,87,82,71,36,73,17,28,47,43,47,73,27,67,79,79,90,32,19,24,31,26,36,32,70,45,45,45,15,69,71,32,76,34,45,45,45,Long Stride Loose,37,45,83,29,36,75,7,10,15,18,13,12,91,28,46
21611,Ben,Skowronek,Wide Receiver,WR,Pittsburgh Steelers,29,70,28,Notre Dame,75,224,15,4,Physical - WR,"https://ratings-images-prod.pulse.ea.com/madden-nfl-26/portraits/1188.png?im=FaceCrop,padding=0.7",https://drop-assets.ea.com/images/4k4tkEjxICBzmTan96wMKZ/1d5d9145ace8a359ac5423c8c3e5e2d8/29.png,89,80,88,82,68,74,73,41,32,73,73,82,88,78,69,22,51,49,86,72,19,15,55,29,23,73,70,39,27,33,25,23,16,22,52,73,51,25,29,Long Stride Default,74,83,85,66,59,47,10,10,15,10,30,25,83,55,30
15365,Ben,Sauls,Kicker,K,NY Giants,16,70,24,Pittsburgh,70,186,30,0,Power - KP,"https://ratings-images-prod.pulse.ea.com/madden-nfl-26/portraits/10721.png?im=FaceCrop,padding=0.7",https://drop-assets.ea.com/images/5hloGwLNaCrg2IBn0CoWVb/b5996a802009a4252f992182bd9acf85/16.png,73,60,47,84,46,53,10,13,17,10,26,10,19,52,10,10,16,17,85,35,77,93,10,14,11,10,70,10,12,10,12,14,10,16,24,11,12,12,24,Default Stride Awkward,10,14,73,22,36,20,25,28,31,18,24,18,62,12,13
14712,Blake,Fisher,Right Tackle,RT,Houston Texans,32,70,22,Notre Dame,78,312,57,1,Power - OT,"https://ratings-images-prod.pulse.ea.com/madden-nfl-26/portraits/10071.png?im=FaceCrop,padding=0.7",https://drop-assets.ea.com/images/4rWKgLRDGADEZ3pTbdrpW0/793a695de8ea5caf8f2e1b3973ae1b61/32.png,69,59,70,85,83,63,15,25,12,9,33,10,22,56,7,15,30,87,90,12,17,22,10,85,8,8,70,73,71,75,8,24,15,10,31,14,77,77,79,Long Stride Awkward,10,12,66,10,10,34,6,7,9,7,22,11,88,23,9
14880,Brennan,Jackson,Left Edge,LEDG,Las Vegas Raiders,23,70,24,Wash. St.,76,264,54,1,Run Stopper - DE,"https://ratings-images-prod.pulse.ea.com/madden-nfl-26/portraits/10115.png?im=FaceCrop,padding=0.7",https://drop-assets.ea.com/images/5ZrNmFWgR1vnwTOdqVmwYy/fe13aa7566120fb59130404e168c59ca/23.png,88,70,81,79,80,71,45,75,17,30,42,37,50,65,11,69,77,81,81,50,17,20,10,31,39,16,70,35,35,35,7,73,70,37,78,21,40,40,40,Default Stride Loose,22,39,83,45,33,78,6,8,10,8,25,13,84,40,45
1095,Bub,Means,Wide Receiver,WR,New Orleans Saints,27,70,25,Pittsburgh,74,215,16,1,,"https://ratings-images-prod.pulse.ea.com/madden-nfl-26/portraits/10422.png?im=FaceCrop,padding=0.7",https://drop-assets.ea.com/images/5beev0Bk7MVWyDSbEqr75u/837fe770a82d43aa3028a13988d8baf3/27.png,92,81,90,81,67,74,78,32,25,73,69,80,82,80,70,10,34,47,90,80,15,19,32,32,20,71,70,35,31,23,6,21,10,15,33,68,44,37,30,Long Stride Loose,73,81,91,70,58,36,15,15,20,15,40,16,82,54,29
21004,C.J.,Henderson,Cornerback,CB,Atlanta Falcons,14,70,26,Florida,73,205,39,5,Manto Man - CB,"https://ratings-images-prod.pulse.ea.com/madden-nfl-26/portraits/342.png?im=FaceCrop,padding=0.7",https://drop-assets.ea.com/images/3NTxf2X9VWdF6aL91pHAVu/6002a1f3e761a58c3b00f0e08bdccf5f/14.png,91,88,89,89,64,72,60,44,14,51,57,54,64,88,28,43,57,54,85,73,17,18,45,18,69,32,70,25,34,33,6,69,38,71,67,35,25,34,33,Default Stride Loose,34,61,91,68,34,52,6,6,6,6,27,14,86,31,70
15141,Caleb,Rogers,Right Guard,RG,Las Vegas Raiders,23,70,23,Texas Tech,77,312,76,0,Power - G,"https://ratings-images-prod.pulse.ea.com/madden-nfl-26/portraits/10712.png?im=FaceCrop,padding=0.7",https://drop-assets.ea.com/images/5ZrNmFWgR1vnwTOdqVmwYy/fe13aa7566120fb59130404e168c59ca/23.png,72,70,66,87,86,65,13,24,12,14,24,10,24,64,5,10,28,82,90,10,13,15,10,80,10,10,70,74,73,75,6,25,10,10,26,12,75,73,75,Long Stride Awkward,10,15,69,11,15,22,6,6,6,6,22,10,87,29,10
15207,Cam,Jackson,Defensive Tackle,DT,Carolina Panthers,21,70,23,Florida,78,328,92,0,,"https://ratings-images-prod.pulse.ea.com/madden-nfl-26/portraits/10603.png?im=FaceCrop,padding=0.7",https://drop-assets.ea.com/images/4Klf6KKhbnVi5RaARK1OiL/13a917c75c0fbc4edb0eb018cb757d8d/21.png,70,60,63,79,87,69,20,77,17,24,35,18,17,54,10,53,78,85,90,20,18,21,28,31,10,13,70,45,45,45,11,70,69,13,74,19,45,45,45,Long Stride Awkward,15,18,67,16,34,80,10,12,14,12,24,13,92,33,12
22312,Cameron,Thomas,Right Edge,REDG,Cleveland Browns,5,70,25,San Diego St.,76,267,99,3,Power Rusher - DE,"https://ratings-images-prod.pulse.ea.com/madden-nfl-26/portraits/2644.png?im=FaceCrop,padding=0.7",https://drop-assets.ea.com/images/4qbblHggBjaH9o46kyGeFo/27cab0f308b54edbd469e9b20cb506f7/5.png,84,82,81,78,77,65,41,75,15,33,41,38,39,73,28,66,78,87,92,39,14,15,10,26,25,31,70,45,45,45,6,64,73,18,82,34,45,45,45,Default Stride Loose,34,37,78,36,39,83,6,6,6,6,22,9,85,34,35
23042,Cameron,Mitchell,Cornerback,CB,Indianapolis Colts,10,70,23,Northwestern,72,195,43,2,Manto Man - CB,"https://ratings-images-prod.pulse.ea.com/madden-nfl-26/portraits/2315.png?im=FaceCrop,padding=0.7",https://drop-assets.ea.com/images/5yTvAS7xG5Z8qw65gMLzSU/037cfcd90e26ee06666a24d762791f65/10.png,93,87,84,92,61,68,70,40,10,54,54,51,62,89,18,40,56,41,88,73,19,20,70,11,73,21,70,10,22,34,15,66,30,72,62,22,12,33,34,Default Stride Loose,22,57,90,67,42,40,10,10,15,15,28,16,82,31,67
17900,Casey,Kreiter,Long Snapper,LS,NY Giants,16,70,35,Iowa,73,250,59,11,Accurate - LS,"https://ratings-images-prod.pulse.ea.com/madden-nfl-26/portraits/8363.png?im=FaceCrop,padding=0.7",https://drop-assets.ea.com/images/5hloGwLNaCrg2IBn0CoWVb/b5996a802009a4252f992182bd9acf85/16.png,71,68,78,80,67,61,20,45,10,15,64,47,62,63,40,16,59,68,92,16,14,11,10,53,22,45,70,57,40,50,10,13,24,10,42,42,48,35,40,Default,50,45,72,10,15,49,10,10,10,10,10,10,82,22,19
22186,Chad,Muma,Sam Backer,SAM,New England Patriots,22,70,26,Wyoming,75,239,49,3,Run Stopper - OLB,"https://ratings-images-prod.pulse.ea.com/madden-nfl-26/portraits/1860.png?im=FaceCrop,padding=0.7",https://drop-assets.ea.com/images/6Z0rWjQfkWgvj8K58X0WfA/aaaaa7e6c313bdfc5e624309ba6dfc4e/22.png,89,86,93,88,76,71,63,61,21,36,63,61,66,76,10,46,82,70,91,48,18,22,10,24,61,14,70,45,45,45,11,68,48,42,84,15,45,45,45,Default,21,59,85,40,37,82,10,10,15,17,21,12,79,32,62
4602,Charles,Grant,Left Tackle,LT,Las Vegas Raiders,23,70,23,William  Mary,77,309,60,0,Agile - OT,"https://ratings-images-prod.pulse.ea.com/madden-nfl-26/portraits/10565.png?im=FaceCrop,padding=0.7",https://drop-assets.ea.com/images/5ZrNmFWgR1vnwTOdqVmwYy/fe13aa7566120fb59130404e168c59ca/23.png,77,73,68,88,85,71,16,27,12,15,25,18,28,62,6,32,35,86,89,22,13,11,10,78,11,6,70,72,76,74,6,23,28,10,27,14,74,75,73,Default Stride Bread Loaf,15,25,75,15,22,33,6,6,6,6,14,7,88,40,13
21477,Charles,Snowden,Left Edge,LEDG,Las Vegas Raiders,23,70,27,Virginia,79,240,49,4,Smaller Speed Rusher - DE,"https://ratings-images-prod.pulse.ea.com/madden-nfl-26/portraits/1066.png?im=FaceCrop,padding=0.7",https://drop-assets.ea.com/images/5ZrNmFWgR1vnwTOdqVmwYy/fe13aa7566120fb59130404e168c59ca/23.png,86,83,82,81,69,62,55,72,12,47,56,59,64,72,33,74,72,81,85,63,14,19,10,20,50,36,70,45,45,45,6,66,68,35,79,47,45,45,45,Long Stride Default,40,60,83,58,53,79,6,6,6,6,25,12,75,54,56
22781,Charlie,Jones,Wide Receiver,WR,Cincinnati Bengals,2,70,26,Purdue,72,190,15,2,Slot - WR,"https://ratings-images-prod.pulse.ea.com/madden-nfl-26/portraits/2246.png?im=FaceCrop,padding=0.7",https://drop-assets.ea.com/images/5oemvWKqCFgBCkCI4h9A2U/0629c6d345fe01a14ba9f40554fd182e/2.png,89,88,87,82,56,62,78,28,20,70,73,83,86,89,72,10,24,38,82,70,14,18,87,19,22,74,70,29,19,20,6,24,10,25,41,60,43,24,17,Default,74,78,90,64,42,34,6,10,15,10,29,17,83,40,29
21923,Chris,Rumph II,Right Edge,REDG,New Orleans Saints,27,70,26,Duke,74,244,58,4,Smaller Speed Rusher - DE,"https://ratings-images-prod.pulse.ea.com/madden-nfl-26/portraits/1586.png?im=FaceCrop,padding=0.7",https://drop-assets.ea.com/images/5beev0Bk7MVWyDSbEqr75u/837fe770a82d43aa3028a13988d8baf3/27.png,88,80,80,79,74,63,27,73,12,17,40,25,36,74,7,73,77,75,89,37,16,15,10,19,37,9,70,45,45,45,6,60,60,33,79,23,45,45,45,Long Stride Loose,15,24,80,35,27,80,6,6,6,6,26,12,81,25,47
15249,Cody,Simon,Weak Backer,WILL,Arizona Cardinals,7,70,23,Ohio State,74,230,50,0,Run Stopper - OLB,"https://ratings-images-prod.pulse.ea.com/madden-nfl-26/portraits/10729.png?im=FaceCrop,padding=0.7",https://drop-assets.ea.com/images/5NdzvrqrP3clJDBL6kdTmu/1f61914ff14c6f4be0240d71e622f9c6/7.png,93,77,81,87,73,71,53,67,22,38,61,56,64,74,25,58,79,71,88,56,21,23,10,25,57,28,70,45,45,45,6,69,56,46,81,31,45,45,45,Default Stride Loose,33,58,87,51,47,80,6,6,6,6,23,12,88,43,63
15184,Collin,Oliver,Right Edge,REDG,Green Bay Packers,20,70,22,Oklahoma St.,74,240,45,0,Smaller Speed Rusher - DE,"https://ratings-images-prod.pulse.ea.com/madden-nfl-26/portraits/10684.png?im=FaceCrop,padding=0.7",https://drop-assets.ea.com/images/4ztQk5XogdkrJe6reVd3h8/16ecf8a0f4caf228c6e54ad0f8e17425/20.png,91,82,91,78,77,66,49,77,30,33,49,41,50,75,26,72,75,78,85,47,24,25,33,38,51,29,70,45,45,45,19,64,69,42,75,32,45,45,45,Default Stride Loose,34,42,87,42,43,73,15,13,22,17,29,26,83,41,58
12641,Dan,Feeney,Right Guard,RG,Tampa Bay Buccaneers,6,70,31,Indiana,76,310,65,8,Power - G,"https://ratings-images-prod.pulse.ea.com/madden-nfl-26/portraits/8550.png?im=FaceCrop,padding=0.7",https://drop-assets.ea.com/images/1L5Fn21WqZN9jcLucGYg4c/ce29db9b9b4775d4e8fc337bf5c65027/6.png,65,64,70,83,88,80,26,37,12,8,23,20,28,52,5,10,38,84,93,28,22,24,10,85,12,7,70,68,65,71,6,20,10,15,34,25,70,69,71,Default Stride Awkward,17,24,67,23,32,34,6,6,6,6,27,10,79,35,20
12753,Daniel,Brunskill,Right Guard,RG,Miami Dolphins,12,70,31,San Diego St.,77,300,64,8,Agile - G,"https://ratings-images-prod.pulse.ea.com/madden-nfl-26/portraits/8495.png?im=FaceCrop,padding=0.7",https://drop-assets.ea.com/images/1rcCzp9f3OyZFzRBRFJVpC/8dc08dce09c05a748587769908cd710c/12.png,64,60,71,86,81,78,50,20,12,32,49,50,53,51,21,10,38,79,91,48,20,21,10,81,12,29,70,76,75,77,6,15,10,10,29,35,75,77,73,Long Stride Default,39,46,71,23,44,33,6,6,6,6,27,6,88,39,15
15248,Danny,Stutsman,Mike Backer,MIKE,New Orleans Saints,27,70,22,Oklahoma,75,233,28,0,Run Stopper - MLB,"https://ratings-images-prod.pulse.ea.com/madden-nfl-26/portraits/10745.png?im=FaceCrop,padding=0.7",https://drop-assets.ea.com/images/5beev0Bk7MVWyDSbEqr75u/837fe770a82d43aa3028a13988d8baf3/27.png,90,79,79,88,74,70,53,70,25,41,63,59,67,77,29,59,80,73,87,57,20,23,10,25,55,32,70,45,45,45,6,67,56,45,82,34,45,45,45,Long Stride Default,35,61,87,51,47,82,6,6,6,6,23,11,87,45,61
13222,Dante,Pettis,Wide Receiver,WR,New Orleans Saints,27,70,29,Washington,73,195,11,7,,"https://ratings-images-prod.pulse.ea.com/madden-nfl-26/portraits/9018.png?im=FaceCrop,padding=0.7",https://drop-assets.ea.com/images/5beev0Bk7MVWyDSbEqr75u/837fe770a82d43aa3028a13988d8baf3/27.png,91,89,89,83,50,60,82,20,20,75,75,78,80,83,70,10,17,39,80,83,14,20,84,22,15,71,70,28,23,27,23,15,10,20,32,72,42,22,35,Default Stride Loose,70,80,88,76,63,30,30,34,37,30,44,23,83,34,24
14872,Darius,Robinson,Defensive Tackle,DT,Arizona Cardinals,7,70,23,Missouri,77,285,56,1,,"https://ratings-images-prod.pulse.ea.com/madden-nfl-26/portraits/10230.png?im=FaceCrop,padding=0.7",https://drop-assets.ea.com/images/5NdzvrqrP3clJDBL6kdTmu/1f61914ff14c6f4be0240d71e622f9c6/7.png,77,77,84,79,87,71,24,72,23,23,29,25,25,58,6,68,80,81,87,17,21,24,8,23,32,8,70,35,35,35,11,72,73,25,75,10,40,40,40,Long Stride Loose,10,21,74,14,28,78,27,19,12,13,17,16,85,16,33
14918,Darius,Muasau,Weak Backer,WILL,NY Giants,16,70,24,UCLA,73,230,53,1,Pass Coverage - OLB,"https://ratings-images-prod.pulse.ea.com/madden-nfl-26/portraits/10187.png?im=FaceCrop,padding=0.7",https://drop-assets.ea.com/images/5hloGwLNaCrg2IBn0CoWVb/b5996a802009a4252f992182bd9acf85/16.png,88,76,87,82,63,75,54,66,21,37,58,58,70,75,7,67,82,65,93,63,31,34,35,25,60,13,70,35,30,30,7,73,54,54,81,15,40,35,35,Default Stride Loose,23,62,82,56,38,80,6,11,13,11,21,10,80,41,70
22819,Derius,Davis,Wide Receiver,WR,Los Angeles Chargers,8,70,24,TCU,68,165,12,2,,"https://ratings-images-prod.pulse.ea.com/madden-nfl-26/portraits/3053.png?im=FaceCrop,padding=0.7",https://drop-assets.ea.com/images/1nyokQ4GLHKjmDL5IorxkB/29267d1765bd7f27730a007e1b070ec4/8.png,94,82,77,80,63,60,83,25,18,70,72,79,82,83,73,10,24,32,85,80,16,17,81,17,20,72,70,26,17,10,6,26,10,23,33,59,41,21,16,Short Stride Default,71,80,94,74,36,34,6,10,15,10,23,14,82,34,26
14867,DeWayne,Carter,Defensive Tackle,DT,Buffalo Bills,3,70,24,Duke,74,305,90,1,,"https://ratings-images-prod.pulse.ea.com/madden-nfl-26/portraits/10030.png?im=FaceCrop,padding=0.7",https://drop-assets.ea.com/images/212FXcpkDUjs9ZJpZ038pM/676904f80719bc724267b7eb5609c6af/3.png,78,57,78,84,82,73,40,78,23,43,40,15,22,56,4,70,79,84,90,44,17,23,8,11,17,4,70,23,18,25,15,71,73,10,78,12,45,45,45,Long Stride Awkward,4,15,73,23,24,79,17,16,13,11,12,16,88,25,19
15053,DJ,Giddens,Halfback,HB,Indianapolis Colts,10,70,22,Kansas State,72,212,21,0,Power Back - HB,"https://ratings-images-prod.pulse.ea.com/madden-nfl-26/portraits/10560.png?im=FaceCrop,padding=0.7",https://drop-assets.ea.com/images/5yTvAS7xG5Z8qw65gMLzSU/037cfcd90e26ee06666a24d762791f65/10.png,92,77,91,87,70,69,82,39,30,80,92,52,63,80,52,32,36,38,90,80,18,35,38,31,21,57,70,49,39,41,30,26,29,21,36,50,35,30,32,Default,59,51,91,74,81,35,18,13,12,21,28,33,89,80,27
1397,Dondrea,Tillman,Right Edge,REDG,Denver Broncos,4,70,27,IUP,76,247,92,2,Power Rusher - DE,"https://ratings-images-prod.pulse.ea.com/madden-nfl-26/portraits/10975.png?im=FaceCrop,padding=0.7",https://drop-assets.ea.com/images/4AYKY9OcX1CYbyMFBnvM8/ac07a8ff525004f92014e3259708acdf/4.png,80,72,80,77,77,75,65,75,16,55,49,43,61,65,10,63,81,78,85,53,14,13,10,32,35,15,70,45,45,45,6,74,75,32,81,12,45,45,45,Long Stride Loose,20,48,73,48,53,81,6,6,6,6,20,16,81,52,43
15119,Elijah,Arroyo,Tight End,TE,Seattle Seahawks,28,70,22,Miami,77,254,18,0,Vertical Threat - TE,"https://ratings-images-prod.pulse.ea.com/madden-nfl-26/portraits/10479.png?im=FaceCrop,padding=0.7",https://drop-assets.ea.com/images/2WrGCB8Atuo0aZ4MbstBrI/bbe9263ce111287adcef479efbc72160/28.png,89,80,83,81,77,66,79,32,39,66,72,75,81,70,63,29,33,63,83,69,18,35,36,52,46,64,70,59,58,59,47,37,29,23,30,66,58,59,56,Long Stride Default,68,76,87,61,61,30,38,49,59,45,50,42,85,64,40
15189,Elijah,Roberts,Defensive Tackle,DT,Tampa Bay Buccaneers,6,70,23,SMU,76,285,95,0,,"https://ratings-images-prod.pulse.ea.com/madden-nfl-26/portraits/10709.png?im=FaceCrop,padding=0.7",https://drop-assets.ea.com/images/1L5Fn21WqZN9jcLucGYg4c/ce29db9b9b4775d4e8fc337bf5c65027/6.png,83,76,77,77,83,69,32,75,23,26,40,18,28,57,7,72,76,84,89,31,25,27,31,28,29,8,70,45,45,45,18,68,76,24,74,15,45,45,45,Long Stride Loose,15,18,80,29,36,79,21,12,13,9,22,15,92,26,37
23339,Emari,Demercado,Halfback,HB,Arizona Cardinals,7,70,26,TCU,69,215,31,2,Elusive Back - HB,"https://ratings-images-prod.pulse.ea.com/madden-nfl-26/portraits/10381.png?im=FaceCrop,padding=0.7",https://drop-assets.ea.com/images/5NdzvrqrP3clJDBL6kdTmu/1f61914ff14c6f4be0240d71e622f9c6/7.png,91,83,78,83,65,70,78,31,30,76,89,56,67,84,48,10,45,48,92,79,14,19,77,44,14,55,70,58,45,45,10,19,10,20,35,45,49,36,35,Short Stride Loose,63,57,91,72,82,35,14,16,23,15,30,13,85,76,18
20347,Gardner,Minshew,Quarterback,QB,Kansas City Chiefs,9,70,29,Wash. St.,73,225,17,6,Scrambler - QB,"https://ratings-images-prod.pulse.ea.com/madden-nfl-26/portraits/9575.png?im=FaceCrop,padding=0.7",https://drop-assets.ea.com/images/3g9AewmTPjE4A7yc2tobiZ/20b6502896df3893414233cb5fe1b803/9.png,82,78,81,80,62,69,74,24,80,57,60,16,26,76,12,10,31,25,92,64,16,20,13,14,13,14,70,15,14,18,82,16,10,10,32,15,23,16,22,Default,15,15,80,63,33,31,80,80,86,83,86,81,95,34,12
112,Geno,Smith,Quarterback,QB,Las Vegas Raiders,23,70,34,West Virginia,75,221,7,12,Field General - QB,"https://ratings-images-prod.pulse.ea.com/madden-nfl-26/portraits/6078.png?im=FaceCrop,padding=0.7",https://drop-assets.ea.com/images/5ZrNmFWgR1vnwTOdqVmwYy/fe13aa7566120fb59130404e168c59ca/23.png,83,80,81,93,58,64,71,25,73,61,59,46,57,73,10,10,12,35,87,64,15,20,15,25,18,20,70,24,20,20,86,18,10,15,30,30,20,15,15,Long Stride Default,30,48,85,66,56,38,81,82,86,87,88,81,87,35,25
22344,Greg,Dulcich,Tight End,TE,Miami Dolphins,12,70,25,UCLA,76,245,85,3,Vertical Threat - TE,"https://ratings-images-prod.pulse.ea.com/madden-nfl-26/portraits/1550.png?im=FaceCrop,padding=0.7",https://drop-assets.ea.com/images/1rcCzp9f3OyZFzRBRFJVpC/8dc08dce09c05a748587769908cd710c/12.png,88,82,82,85,67,68,78,34,24,65,77,78,81,75,62,10,25,60,79,74,22,24,35,56,15,63,70,53,55,50,6,21,10,33,41,68,54,55,52,Long Stride Default,67,81,84,73,67,32,6,10,15,10,29,10,83,63,23
15116,Gunnar,Helm,Tight End,TE,Tennessee Titans,30,70,22,Texas,77,241,84,0,Possession - TE,"https://ratings-images-prod.pulse.ea.com/madden-nfl-26/portraits/10582.png?im=FaceCrop,padding=0.7",https://drop-assets.ea.com/images/2YxvlDMaJsJwNQ4lS7qdCQ/d850f60dcbdcd71fb162eb55a46c7969/30.png,80,79,80,90,74,74,71,44,32,65,71,79,81,73,60,34,34,62,91,65,20,25,26,56,24,62,70,59,58,60,18,21,40,10,45,67,60,58,61,Long Stride Loose,67,76,78,59,65,41,15,7,13,29,21,30,90,65,24
15003,Harrison,Mevis,Kicker,K,Los Angeles Rams,24,70,23,Missouri,72,241,92,1,Power - KP,"https://ratings-images-prod.pulse.ea.com/madden-nfl-26/portraits/10179.png?im=FaceCrop,padding=0.7",https://drop-assets.ea.com/images/wS8JnLBEBj9eq68rO1qTb/b7b5285ad842936bc21bb149eb8c31b8/24.png,77,67,62,82,44,50,21,15,41,19,29,10,31,51,10,10,20,10,90,27,77,96,10,10,10,10,70,15,10,10,25,10,10,10,26,11,20,10,10,Default Stride Awkward,10,10,70,19,29,25,22,28,30,28,28,20,73,28,9
21093,Harrison,Bryant,Tight End,TE,Houston Texans,32,70,27,FAU,77,230,88,5,Vertical Threat - TE,"https://ratings-images-prod.pulse.ea.com/madden-nfl-26/portraits/193.png?im=FaceCrop,padding=0.7",https://drop-assets.ea.com/images/4rWKgLRDGADEZ3pTbdrpW0/793a695de8ea5caf8f2e1b3973ae1b61/32.png,86,77,79,85,71,70,75,50,12,66,73,77,79,74,59,45,47,66,89,65,18,20,38,56,23,62,70,62,61,59,5,36,39,27,54,69,62,62,58,Long Stride Default,66,80,83,62,67,47,10,15,15,10,34,10,84,71,31
22917,Isaiah,Foskey,Right Edge,REDG,Cincinnati Bengals,2,70,24,Notre Dame,77,265,51,2,Power Rusher - DE,"https://ratings-images-prod.pulse.ea.com/madden-nfl-26/portraits/2145.png?im=FaceCrop,padding=0.7",https://drop-assets.ea.com/images/5oemvWKqCFgBCkCI4h9A2U/0629c6d345fe01a14ba9f40554fd182e/2.png,90,74,82,85,76,66,53,71,17,42,52,48,48,69,32,62,88,82,94,50,22,25,20,33,39,39,70,45,45,45,6,62,72,44,79,44,45,45,45,Default Stride Loose,45,50,86,48,51,83,6,6,6,6,24,10,84,52,47
14716,Isaiah,Adams,Right Guard,RG,Arizona Cardinals,7,70,25,Illinois,76,315,74,1,Agile - G,"https://ratings-images-prod.pulse.ea.com/madden-nfl-26/portraits/9994.png?im=FaceCrop,padding=0.7",https://drop-assets.ea.com/images/5NdzvrqrP3clJDBL6kdTmu/1f61914ff14c6f4be0240d71e622f9c6/7.png,70,59,63,85,86,69,33,37,14,35,29,37,32,56,14,32,50,82,90,32,11,15,5,82,11,15,70,76,76,76,21,31,32,11,35,13,73,76,74,Default Stride Awkward,21,15,65,26,25,40,22,24,31,15,31,14,90,42,11
22754,Isaiah,Davis,Halfback,HB,NY Jets,18,70,23,S. Dakota St.,72,218,32,1,Elusive Back - HB,"https://ratings-images-prod.pulse.ea.com/madden-nfl-26/portraits/10050.png?im=FaceCrop,padding=0.7",https://drop-assets.ea.com/images/7M46e9acznPLjtJlC7FaWV/ef5cfc9e8306cbdae723a5f7e809b0fd/18.png,90,82,82,87,73,70,81,40,29,78,92,46,67,80,42,24,46,35,84,80,22,25,77,29,18,53,70,49,24,32,25,14,18,23,43,53,35,20,20,Default,64,48,87,74,77,40,19,23,32,31,49,28,81,74,26
14679,Ja'Tavion,Sanders,Tight End,TE,Carolina Panthers,21,70,22,Texas,76,243,0,1,Vertical Threat - TE,"https://ratings-images-prod.pulse.ea.com/madden-nfl-26/portraits/10242.png?im=FaceCrop,padding=0.7",https://drop-assets.ea.com/images/4Klf6KKhbnVi5RaARK1OiL/13a917c75c0fbc4edb0eb018cb757d8d/21.png,90,79,78,82,67,75,78,27,18,70,78,77,79,75,58,25,49,60,92,72,12,18,6,55,16,64,70,56,55,54,6,31,35,20,42,67,54,57,51,Long Stride Default,66,78,83,66,65,49,6,10,15,14,31,13,89,67,21
12832,Jalen,Reeves-Maybin,Weak Backer,WILL,Chicago Bears,1,70,30,Tennessee,72,233,16,8,Pass Coverage - OLB,"https://ratings-images-prod.pulse.ea.com/madden-nfl-26/portraits/8698.png?im=FaceCrop,padding=0.7",https://drop-assets.ea.com/images/6jaEsYrn1V45DziwibpsDk/ed66ad67e63f08a3a7c25ce951dbf5b9/1.png,84,74,85,87,70,76,36,65,28,17,54,43,58,72,6,64,83,72,90,47,11,20,10,14,71,10,70,45,45,45,33,75,54,49,78,16,45,45,45,Long Stride Loose,20,40,86,34,34,76,48,50,55,56,64,41,81,24,69
22696,Jalin,Hyatt,Wide Receiver,WR,NY Giants,16,70,23,Tennessee,72,190,13,2,Deep Threat - WR,"https://ratings-images-prod.pulse.ea.com/madden-nfl-26/portraits/2219.png?im=FaceCrop,padding=0.7",https://drop-assets.ea.com/images/5hloGwLNaCrg2IBn0CoWVb/b5996a802009a4252f992182bd9acf85/16.png,95,82,90,82,57,66,83,20,18,69,75,75,82,83,76,10,17,38,89,76,19,19,40,21,10,73,70,28,18,13,6,15,10,10,25,70,47,22,15,Long Stride Loose,72,77,94,66,40,17,6,10,15,10,25,19,83,35,10
22116,Jamaree,Salyer,Right Guard,RG,Los Angeles Chargers,8,70,25,Georgia,76,325,68,3,Power - G,"https://ratings-images-prod.pulse.ea.com/madden-nfl-26/portraits/1935.png?im=FaceCrop,padding=0.7",https://drop-assets.ea.com/images/1nyokQ4GLHKjmDL5IorxkB/29267d1765bd7f27730a007e1b070ec4/8.png,68,59,62,84,88,75,17,35,12,15,30,15,23,55,5,24,30,84,90,10,14,13,10,79,10,5,70,74,73,75,6,17,30,10,34,8,71,70,73,Default Stride Awkward,15,15,63,10,22,33,6,6,6,6,14,10,84,25,10
22923,Jaquelin,Roy,Defensive Tackle,DT,New England Patriots,22,70,24,LSU,75,305,94,2,,"https://ratings-images-prod.pulse.ea.com/madden-nfl-26/portraits/2910.png?im=FaceCrop,padding=0.7",https://drop-assets.ea.com/images/6Z0rWjQfkWgvj8K58X0WfA/aaaaa7e6c313bdfc5e624309ba6dfc4e/22.png,68,57,66,76,91,64,12,77,13,10,28,12,26,54,5,47,82,87,88,15,10,11,10,52,10,8,70,49,47,51,7,68,63,13,69,25,54,51,55,Default Stride Awkward,12,13,68,13,25,81,6,7,12,6,21,14,83,29,12
22874,Jarrett,Patterson,Center,C,Houston Texans,32,70,26,Notre Dame,76,310,54,2,Pass Protector - C,"https://ratings-images-prod.pulse.ea.com/madden-nfl-26/portraits/2348.png?im=FaceCrop,padding=0.7",https://drop-assets.ea.com/images/4rWKgLRDGADEZ3pTbdrpW0/793a695de8ea5caf8f2e1b3973ae1b61/32.png,71,54,73,85,83,79,22,27,11,14,24,28,33,52,7,20,37,81,86,23,15,21,10,75,10,11,70,77,75,78,5,18,30,10,25,18,70,74,65,Long Stride Awkward,21,24,61,17,26,31,5,5,5,5,27,7,88,27,9
15323,Jaylin,Smith,Cornerback,CB,Houston Texans,32,70,21,USC,71,187,22,0,Zone - CB,"https://ratings-images-prod.pulse.ea.com/madden-nfl-26/portraits/10736.png?im=FaceCrop,padding=0.7",https://drop-assets.ea.com/images/4rWKgLRDGADEZ3pTbdrpW0/793a695de8ea5caf8f2e1b3973ae1b61/32.png,86,86,79,90,54,72,74,42,20,46,59,66,68,85,30,41,50,45,83,73,22,21,78,25,69,33,70,35,35,25,6,70,28,69,70,36,35,35,25,Default Stride Loose,36,73,91,66,32,61,6,6,6,6,27,8,79,28,74
22530,Jaylon,Jones,Cornerback,CB,Chicago Bears,1,70,27,Ole Miss,71,190,33,3,Slot - CB,"https://ratings-images-prod.pulse.ea.com/madden-nfl-26/portraits/2562.png?im=FaceCrop,padding=0.7",https://drop-assets.ea.com/images/6jaEsYrn1V45DziwibpsDk/ed66ad67e63f08a3a7c25ce951dbf5b9/1.png,93,91,85,85,63,65,61,52,10,45,60,53,57,90,19,26,68,54,79,69,12,15,30,23,67,22,70,35,35,35,6,66,36,67,74,15,35,35,35,Default Stride Loose,25,54,92,62,35,64,6,6,6,6,26,14,78,32,69
1089,Jaylon,Carlies,Weak Backer,WILL,Indianapolis Colts,10,70,23,Missouri,75,227,57,1,Pass Coverage - OLB,"https://ratings-images-prod.pulse.ea.com/madden-nfl-26/portraits/10028.png?im=FaceCrop,padding=0.7",https://drop-assets.ea.com/images/5yTvAS7xG5Z8qw65gMLzSU/037cfcd90e26ee06666a24d762791f65/10.png,90,83,83,82,72,73,43,60,12,35,61,64,76,71,7,62,86,71,93,56,13,14,10,26,60,8,70,35,35,35,8,69,51,70,78,12,45,40,40,Default Stride High and Tight,15,67,89,55,42,77,6,15,16,9,22,8,85,45,70
20981,Jordan,Elliott,Defensive Tackle,DT,San Francisco 49ers,15,70,27,Missouri,76,303,92,5,,"https://ratings-images-prod.pulse.ea.com/madden-nfl-26/portraits/273.png?im=FaceCrop,padding=0.7",https://drop-assets.ea.com/images/1SoIzWJtk28ygwNAPEMRnf/deaee9a60ace23f7eaeaf4275c2282b0/15.png,78,61,69,81,82,74,21,73,12,14,28,20,32,55,4,63,77,83,93,19,10,13,10,23,16,6,70,45,45,45,6,75,71,10,78,14,45,45,45,Long Stride Awkward,12,19,71,16,24,82,6,6,6,6,23,14,87,26,23
15316,Jordan,Hancock,Strong Safety,SS,Buffalo Bills,3,70,22,Ohio State,72,186,37,0,Hybrid - S,"https://ratings-images-prod.pulse.ea.com/madden-nfl-26/portraits/10573.png?im=FaceCrop,padding=0.7",https://drop-assets.ea.com/images/212FXcpkDUjs9ZJpZ038pM/676904f80719bc724267b7eb5609c6af/3.png,94,82,95,84,60,73,70,48,25,45,56,60,71,81,31,43,73,50,85,71,30,31,51,24,66,30,70,35,35,25,32,74,32,56,74,35,35,35,25,Default,30,64,91,63,33,60,15,7,21,18,22,35,84,25,68
22877,Juice,Scruggs,Right Guard,RG,Houston Texans,32,70,25,Penn State,75,308,70,2,Agile - G,"https://ratings-images-prod.pulse.ea.com/madden-nfl-26/portraits/2387.png?im=FaceCrop,padding=0.7",https://drop-assets.ea.com/images/4rWKgLRDGADEZ3pTbdrpW0/793a695de8ea5caf8f2e1b3973ae1b61/32.png,74,60,78,84,87,75,10,46,16,15,31,15,36,58,5,39,52,85,85,10,24,28,10,81,10,7,70,76,75,77,6,45,51,10,47,14,71,73,69,Default Stride Awkward,15,15,65,10,30,48,6,6,6,6,17,15,88,25,10
22943,Karl,Brooks,Defensive Tackle,DT,Green Bay Packers,20,70,25,Bowling Green St.,75,296,94,2,,"https://ratings-images-prod.pulse.ea.com/madden-nfl-26/portraits/2912.png?im=FaceCrop,padding=0.7",https://drop-assets.ea.com/images/4ztQk5XogdkrJe6reVd3h8/16ecf8a0f4caf228c6e54ad0f8e17425/20.png,79,67,73,75,84,74,19,75,15,14,41,38,44,47,5,66,86,84,93,26,9,10,10,28,22,6,70,45,45,45,7,73,75,27,73,11,45,45,45,Default Stride Awkward,12,37,70,23,24,77,6,7,8,6,23,14,79,26,30
15073,KeAndre,Lambert-Smith,Wide Receiver,WR,Los Angeles Chargers,8,70,23,Auburn,73,182,84,0,Slot - WR,"https://ratings-images-prod.pulse.ea.com/madden-nfl-26/portraits/10631.png?im=FaceCrop,padding=0.7",https://drop-assets.ea.com/images/1nyokQ4GLHKjmDL5IorxkB/29267d1765bd7f27730a007e1b070ec4/8.png,94,92,83,85,60,65,78,33,33,71,75,78,80,95,70,28,33,32,91,72,30,22,74,26,57,71,70,20,21,30,20,46,28,30,41,68,40,23,23,Default Stride Loose,73,77,93,70,49,44,25,19,13,16,21,35,84,44,66
2807,Kendall,Lamm,Left Tackle,LT,Miami Dolphins,12,70,33,Appalach. St.,77,310,70,10,Pass Protector - OT,"https://ratings-images-prod.pulse.ea.com/madden-nfl-26/portraits/7736.png?im=FaceCrop,padding=0.7",https://drop-assets.ea.com/images/1rcCzp9f3OyZFzRBRFJVpC/8dc08dce09c05a748587769908cd710c/12.png,54,67,66,81,80,77,15,35,12,7,36,25,43,52,12,10,38,79,90,10,11,16,10,81,12,18,70,78,80,75,6,28,10,10,32,20,72,74,70,Default Stride Awkward,30,15,68,10,20,42,6,6,6,6,13,10,81,35,13
1108,Khristian,Boyd,Defensive Tackle,DT,New Orleans Saints,27,70,25,Northern Iowa,74,320,97,1,,"https://ratings-images-prod.pulse.ea.com/madden-nfl-26/portraits/10365.png?im=FaceCrop,padding=0.7",https://drop-assets.ea.com/images/5beev0Bk7MVWyDSbEqr75u/837fe770a82d43aa3028a13988d8baf3/27.png,69,55,71,83,88,67,10,76,12,10,40,10,30,50,6,67,80,86,88,10,21,26,15,25,12,10,70,47,45,45,6,68,69,10,76,12,45,45,45,Default Stride Awkward,15,12,63,10,32,82,6,6,6,6,29,10,89,28,20
21409,Krys,Barnes,Mike Backer,MIKE,Carolina Panthers,21,70,27,UCLA,74,229,40,5,Field General - MLB,"https://ratings-images-prod.pulse.ea.com/madden-nfl-26/portraits/1395.png?im=FaceCrop,padding=0.7",https://drop-assets.ea.com/images/4Klf6KKhbnVi5RaARK1OiL/13a917c75c0fbc4edb0eb018cb757d8d/21.png,86,81,74,87,71,72,52,71,15,40,55,40,66,73,10,50,82,82,86,63,16,18,42,24,63,10,70,30,35,35,6,71,46,46,82,25,42,35,35,Default Stride Loose,15,53,85,54,50,80,6,6,6,6,20,11,87,50,68
15100,Lajohntay,Wester,Wide Receiver,WR,Baltimore Ravens,25,70,23,Colorado,70,163,83,0,,"https://ratings-images-prod.pulse.ea.com/madden-nfl-26/portraits/10777.png?im=FaceCrop,padding=0.7",https://drop-assets.ea.com/images/3zZnTQ4izXUrnVi3ryTBcm/a12a28ccd2af4c0a0930b58db73552a7/25.png,91,88,79,87,62,63,81,26,21,71,68,82,79,92,72,22,21,34,91,74,21,20,80,21,66,73,70,20,10,18,21,34,19,24,24,71,41,12,12,Default Stride Loose,75,83,90,71,40,28,16,15,15,17,15,31,90,39,22
21545,Larry,Borom,Right Tackle,RT,Miami Dolphins,12,70,26,Missouri,77,333,79,4,Pass Protector - OT,"https://ratings-images-prod.pulse.ea.com/madden-nfl-26/portraits/752.png?im=FaceCrop,padding=0.7",https://drop-assets.ea.com/images/1rcCzp9f3OyZFzRBRFJVpC/8dc08dce09c05a748587769908cd710c/12.png,68,51,76,86,83,82,10,28,12,5,26,10,24,39,5,10,31,83,88,10,12,21,10,75,12,5,70,76,74,79,6,10,10,10,16,12,71,73,68,Default Stride Awkward,10,12,67,10,25,28,6,6,6,6,25,14,86,26,15
15334,Lathan,Ransom,Strong Safety,SS,Carolina Panthers,21,70,23,Ohio State,72,203,22,0,Zone - S,"https://ratings-images-prod.pulse.ea.com/madden-nfl-26/portraits/10700.png?im=FaceCrop,padding=0.7",https://drop-assets.ea.com/images/4Klf6KKhbnVi5RaARK1OiL/13a917c75c0fbc4edb0eb018cb757d8d/21.png,91,83,87,89,66,70,66,53,14,54,61,58,69,80,25,36,82,53,80,65,16,19,43,25,63,30,70,35,35,35,6,67,37,62,77,33,35,35,35,Default Stride Loose,35,61,86,58,44,73,6,6,6,6,24,12,81,47,71
1097,Logan,Lee,Defensive Tackle,DT,Pittsburgh Steelers,29,70,25,Iowa,77,286,91,1,,"https://ratings-images-prod.pulse.ea.com/madden-nfl-26/portraits/10154.png?im=FaceCrop,padding=0.7",https://drop-assets.ea.com/images/4k4tkEjxICBzmTan96wMKZ/1d5d9145ace8a359ac5423c8c3e5e2d8/29.png,73,78,77,84,83,70,26,75,12,20,38,24,40,69,3,68,81,81,90,19,10,16,10,18,17,7,70,45,45,45,6,68,73,21,79,13,45,45,45,Default Stride Awkward,12,23,71,14,30,81,6,6,6,6,23,10,88,32,26
22825,Luke,Musgrave,Tight End,TE,Green Bay Packers,20,70,24,Oregon State,78,253,88,2,Vertical Threat - TE,"https://ratings-images-prod.pulse.ea.com/madden-nfl-26/portraits/2334.png?im=FaceCrop,padding=0.7",https://drop-assets.ea.com/images/4ztQk5XogdkrJe6reVd3h8/16ecf8a0f4caf228c6e54ad0f8e17425/20.png,90,82,86,82,75,65,66,50,13,56,73,74,85,71,64,47,50,67,86,58,14,18,15,58,14,62,70,58,54,58,6,38,43,24,46,62,61,61,59,Long Stride Default,66,77,89,50,60,60,6,10,15,10,23,15,86,63,23
13143,M.J.,Stewart Jr,Strong Safety,SS,Houston Texans,32,70,29,North Carolina,71,200,29,7,Hybrid - S,"https://ratings-images-prod.pulse.ea.com/madden-nfl-26/portraits/9068.png?im=FaceCrop,padding=0.7",https://drop-assets.ea.com/images/4rWKgLRDGADEZ3pTbdrpW0/793a695de8ea5caf8f2e1b3973ae1b61/32.png,88,84,84,90,66,68,63,55,17,56,63,63,66,79,10,40,76,58,87,74,11,10,76,14,68,15,70,35,35,35,6,70,32,81,78,20,35,35,35,Default Stride Loose,25,64,88,63,37,66,6,6,6,6,25,10,86,36,75
1356,Mason,Tipton,Wide Receiver,WR,New Orleans Saints,27,70,24,Yale,70,182,15,1,,"https://ratings-images-prod.pulse.ea.com/madden-nfl-26/portraits/10977.png?im=FaceCrop,padding=0.7",https://drop-assets.ea.com/images/5beev0Bk7MVWyDSbEqr75u/837fe770a82d43aa3028a13988d8baf3/27.png,92,82,88,84,59,68,79,33,27,75,74,76,80,86,74,10,31,48,93,77,12,18,78,30,17,73,70,35,25,27,30,18,10,17,37,68,43,28,26,Short Stride Loose,72,78,94,65,56,30,23,27,33,31,35,22,86,47,21
13470,Matt,Pryor,Right Tackle,RT,Philadelphia Eagles,13,70,30,TCU,79,332,79,7,Power - OT,"https://ratings-images-prod.pulse.ea.com/madden-nfl-26/portraits/9897.png?im=FaceCrop,padding=0.7",https://drop-assets.ea.com/images/1Nt5pFCpjcBcADzHRbwfIk/ce90f9cb564aef7cc30cf1dd88c84150/13.png,53,57,63,81,86,77,12,22,12,18,21,15,23,49,5,17,30,84,87,17,13,17,10,82,10,5,70,76,73,79,6,14,21,10,25,12,75,78,72,Default Stride Awkward,10,15,60,15,21,27,6,6,6,6,19,13,85,24,12
22931,Mazi,Smith,Defensive Tackle,DT,NY Jets,18,70,24,Michigan,75,337,58,2,,"https://ratings-images-prod.pulse.ea.com/madden-nfl-26/portraits/2399.png?im=FaceCrop,padding=0.7",https://drop-assets.ea.com/images/7M46e9acznPLjtJlC7FaWV/ef5cfc9e8306cbdae723a5f7e809b0fd/18.png,77,76,73,72,89,66,22,72,9,21,31,25,33,66,6,55,86,88,92,15,12,13,10,33,12,10,70,40,40,40,6,63,70,15,73,15,45,45,45,Default Stride Awkward,15,24,74,15,44,82,5,6,7,6,22,7,88,31,14
14846,Mekhi,Wingo,Defensive Tackle,DT,Detroit Lions,19,70,22,LSU,73,295,94,1,,"https://ratings-images-prod.pulse.ea.com/madden-nfl-26/portraits/10304.png?im=FaceCrop,padding=0.7",https://drop-assets.ea.com/images/7cuE4tZcli1uQyZbvXWMrd/a2df9decdab28170691ca6631dd62139/19.png,86,73,77,86,79,66,15,76,12,10,40,36,45,66,2,67,82,86,86,10,25,35,10,20,15,3,70,45,45,45,6,64,72,10,79,12,45,45,45,Default Stride Awkward,10,39,77,10,47,83,6,6,6,6,27,16,89,50,20
20457,Mike,Edwards,Free Safety,FS,Kansas City Chiefs,9,70,29,Kentucky,70,205,34,6,Zone - S,"https://ratings-images-prod.pulse.ea.com/madden-nfl-26/portraits/9448.png?im=FaceCrop,padding=0.7",https://drop-assets.ea.com/images/3g9AewmTPjE4A7yc2tobiZ/20b6502896df3893414233cb5fe1b803/9.png,90,85,88,91,63,70,72,57,15,50,60,53,78,81,10,28,78,57,89,69,25,25,40,12,65,15,70,35,35,35,6,67,25,73,78,15,35,35,35,Default Stride Loose,25,63,88,65,39,65,6,6,6,6,22,14,90,25,72
22980,Mohamoud,Diabate,Weak Backer,WILL,Cleveland Browns,5,70,24,Utah,76,225,43,2,Run Stopper - OLB,"https://ratings-images-prod.pulse.ea.com/madden-nfl-26/portraits/10892.png?im=FaceCrop,padding=0.7",https://drop-assets.ea.com/images/4qbblHggBjaH9o46kyGeFo/27cab0f308b54edbd469e9b20cb506f7/5.png,86,79,82,83,69,72,42,69,12,34,47,45,49,76,7,69,88,68,90,55,16,15,10,28,53,9,70,35,35,35,6,70,62,41,82,23,45,45,45,Default Stride High and Tight,15,45,87,48,35,81,6,6,6,6,26,12,84,45,60
21253,Mykal,Walker,Mike Backer,MIKE,NY Jets,18,70,28,Fresno State,75,230,53,5,Field General - MLB,"https://ratings-images-prod.pulse.ea.com/madden-nfl-26/portraits/642.png?im=FaceCrop,padding=0.7",https://drop-assets.ea.com/images/7M46e9acznPLjtJlC7FaWV/ef5cfc9e8306cbdae723a5f7e809b0fd/18.png,87,79,80,87,72,73,53,66,12,44,47,42,68,74,20,63,84,76,91,60,14,17,10,24,59,25,70,47,45,45,6,72,56,42,81,20,47,45,45,Default Stride Loose,33,52,87,51,52,81,6,6,6,6,25,15,88,40,66
20484,Nick,Moore,Long Snapper,LS,Baltimore Ravens,25,70,32,Georgia,74,253,46,5,Accurate - LS,"https://ratings-images-prod.pulse.ea.com/madden-nfl-26/portraits/738.png?im=FaceCrop,padding=0.7",https://drop-assets.ea.com/images/3zZnTQ4izXUrnVi3ryTBcm/a12a28ccd2af4c0a0930b58db73552a7/25.png,74,74,74,82,70,64,48,43,18,20,68,52,70,67,38,24,53,56,88,48,24,25,10,53,36,43,70,54,40,50,10,42,19,33,58,44,51,35,40,Default Stride Loose,48,58,70,41,42,57,10,10,10,10,39,10,83,34,42
15336,R.J.,Mickens,Free Safety,FS,Los Angeles Chargers,8,70,24,Clemson,72,210,27,0,Zone - S,"https://ratings-images-prod.pulse.ea.com/madden-nfl-26/portraits/10662.png?im=FaceCrop,padding=0.7",https://drop-assets.ea.com/images/1nyokQ4GLHKjmDL5IorxkB/29267d1765bd7f27730a007e1b070ec4/8.png,91,81,95,88,63,67,63,53,14,51,60,56,66,80,24,35,76,50,90,61,15,19,42,25,68,28,70,35,35,35,6,63,36,69,76,31,35,35,35,Default Stride Loose,33,60,89,55,41,65,6,6,6,6,24,12,90,43,74
2688,Rakeem,Nunez-Roches Sr,Defensive Tackle,DT,NY Giants,16,70,32,Southern Miss,74,307,93,10,,"https://ratings-images-prod.pulse.ea.com/madden-nfl-26/portraits/7563.png?im=FaceCrop,padding=0.7",https://drop-assets.ea.com/images/5hloGwLNaCrg2IBn0CoWVb/b5996a802009a4252f992182bd9acf85/16.png,72,58,82,78,81,72,10,74,12,10,40,15,30,53,4,58,77,80,86,10,25,15,10,18,20,8,70,45,45,45,6,75,72,20,76,15,45,45,45,Default Stride Awkward,15,15,72,10,10,84,6,6,6,6,16,10,76,15,29
21644,Robert,Jones,Left Guard,LG,Dallas Cowboys,11,70,26,Mid Tenn St.,76,325,65,4,Power - G,"https://ratings-images-prod.pulse.ea.com/madden-nfl-26/portraits/933.png?im=FaceCrop,padding=0.7",https://drop-assets.ea.com/images/4fzYNoreZSo04KbSHo3Sqn/0855e78441c821f956abac278f04abb7/11.png,68,49,76,77,88,78,40,35,12,32,37,10,24,53,5,10,42,84,89,20,20,22,10,80,10,5,70,71,70,72,6,10,15,10,27,12,73,74,72,Long Stride Awkward,10,12,65,15,32,32,6,6,6,6,15,13,83,34,11
22492,Rodney,Thomas II,Strong Safety,SS,Indianapolis Colts,10,70,26,Yale,73,196,25,3,Zone - S,"https://ratings-images-prod.pulse.ea.com/madden-nfl-26/portraits/2152.png?im=FaceCrop,padding=0.7",https://drop-assets.ea.com/images/5yTvAS7xG5Z8qw65gMLzSU/037cfcd90e26ee06666a24d762791f65/10.png,92,83,94,86,61,70,57,56,26,47,57,52,73,87,20,44,67,52,91,65,14,13,37,16,65,26,70,35,35,35,22,68,36,66,76,23,35,35,35,Default Stride Loose,30,63,89,59,41,60,13,15,22,24,24,15,78,40,71
20538,Ryan,Bates,Center,C,Chicago Bears,1,70,28,Penn State,76,306,71,6,Agile - C,"https://ratings-images-prod.pulse.ea.com/madden-nfl-26/portraits/9383.png?im=FaceCrop,padding=0.7",https://drop-assets.ea.com/images/6jaEsYrn1V45DziwibpsDk/ed66ad67e63f08a3a7c25ce951dbf5b9/1.png,78,67,68,82,86,75,12,26,12,11,26,16,20,55,5,10,27,83,91,15,12,15,11,79,12,8,70,74,75,73,6,10,10,10,27,12,72,76,66,Long Stride Awkward,10,14,67,10,20,31,6,6,6,6,17,14,87,30,12
15181,Sai'vion,Jones,Defensive Tackle,DT,Denver Broncos,4,70,22,LSU,77,283,95,0,,"https://ratings-images-prod.pulse.ea.com/madden-nfl-26/portraits/10616.png?im=FaceCrop,padding=0.7",https://drop-assets.ea.com/images/4AYKY9OcX1CYbyMFBnvM8/ac07a8ff525004f92014e3259708acdf/4.png,88,79,80,78,80,75,33,74,12,27,38,17,29,68,7,68,79,83,89,38,21,21,32,26,25,8,70,45,45,45,15,71,71,30,78,14,45,45,45,Long Stride Loose,15,17,81,31,37,76,9,10,18,10,24,15,88,27,33
20833,Sam,Mustipher,Left Guard,LG,Denver Broncos,4,70,29,Notre Dame,74,306,61,6,Power - G,"https://ratings-images-prod.pulse.ea.com/madden-nfl-26/portraits/482.png?im=FaceCrop,padding=0.7",https://drop-assets.ea.com/images/4AYKY9OcX1CYbyMFBnvM8/ac07a8ff525004f92014e3259708acdf/4.png,56,53,67,89,83,85,10,25,12,6,40,10,25,51,5,20,43,79,90,10,25,25,10,82,12,5,70,72,70,74,6,21,22,10,33,12,71,68,74,Long Stride Awkward,10,12,61,10,10,37,6,6,6,6,30,10,88,10,15
15063,Savion,Williams,Wide Receiver,WR,Green Bay Packers,20,70,23,TCU,76,222,83,0,,"https://ratings-images-prod.pulse.ea.com/madden-nfl-26/portraits/10784.png?im=FaceCrop,padding=0.7",https://drop-assets.ea.com/images/4ztQk5XogdkrJe6reVd3h8/16ecf8a0f4caf228c6e54ad0f8e17425/20.png,90,86,89,89,71,75,85,42,44,75,75,83,79,84,66,36,40,41,88,78,32,26,73,27,35,68,70,24,14,21,41,29,33,22,41,69,45,29,30,Long Stride Default,69,82,90,72,57,26,49,48,47,50,55,39,82,59,37
20739,Scott,Miller,Wide Receiver,WR,Pittsburgh Steelers,29,70,28,Bowling Green St.,69,174,13,6,Deep Threat - WR,"https://ratings-images-prod.pulse.ea.com/madden-nfl-26/portraits/460.png?im=FaceCrop,padding=0.7",https://drop-assets.ea.com/images/4k4tkEjxICBzmTan96wMKZ/1d5d9145ace8a359ac5423c8c3e5e2d8/29.png,92,85,82,84,54,64,76,24,23,66,72,80,84,90,74,10,18,36,86,76,13,17,74,18,19,71,70,26,11,10,19,24,10,18,36,67,43,8,12,Short Stride Default,72,81,94,69,48,27,18,30,35,30,35,24,80,30,26
15276,Shemar,James,Sam Backer,SAM,Dallas Cowboys,11,70,21,Florida,74,222,50,0,Run Stopper - OLB,"https://ratings-images-prod.pulse.ea.com/madden-nfl-26/portraits/10610.png?im=FaceCrop,padding=0.7",https://drop-assets.ea.com/images/4fzYNoreZSo04KbSHo3Sqn/0855e78441c821f956abac278f04abb7/11.png,82,81,78,86,73,70,54,68,23,41,64,51,60,80,21,58,81,72,87,54,19,22,10,25,56,24,70,45,45,45,6,68,56,46,82,25,45,45,45,Default Stride Bread Loaf,27,53,83,51,48,85,6,6,6,6,27,12,87,43,63
14611,Spencer,Rattler,Quarterback,QB,New Orleans Saints,27,70,24,South Carolina,73,211,2,1,Scrambler - QB,"https://ratings-images-prod.pulse.ea.com/madden-nfl-26/portraits/10220.png?im=FaceCrop,padding=0.7",https://drop-assets.ea.com/images/5beev0Bk7MVWyDSbEqr75u/837fe770a82d43aa3028a13988d8baf3/27.png,85,77,78,84,56,61,73,21,79,44,60,18,39,78,10,10,15,18,90,60,20,20,10,10,10,16,70,14,15,13,71,15,10,10,26,18,16,10,14,Default,23,18,83,55,39,19,77,79,86,83,90,82,88,31,14
14936,T.J.,Tampa,Cornerback,CB,Baltimore Ravens,25,70,23,Iowa State,74,200,27,1,Manto Man - CB,"https://ratings-images-prod.pulse.ea.com/madden-nfl-26/portraits/10259.png?im=FaceCrop,padding=0.7",https://drop-assets.ea.com/images/3zZnTQ4izXUrnVi3ryTBcm/a12a28ccd2af4c0a0930b58db73552a7/25.png,88,86,91,86,60,68,71,51,24,66,62,67,73,87,47,43,72,56,93,70,15,20,68,25,71,51,70,15,10,12,21,72,35,75,69,53,25,20,20,Default Stride Loose,54,71,88,66,45,54,23,32,33,22,40,11,85,44,70
21889,T.J.,Slaton,Defensive Tackle,DT,Cincinnati Bengals,2,70,27,Florida,77,340,98,4,,"https://ratings-images-prod.pulse.ea.com/madden-nfl-26/portraits/828.png?im=FaceCrop,padding=0.7",https://drop-assets.ea.com/images/5oemvWKqCFgBCkCI4h9A2U/0629c6d345fe01a14ba9f40554fd182e/2.png,77,58,72,74,87,65,16,74,12,14,24,13,22,54,3,61,77,88,90,16,15,15,30,53,13,5,70,52,53,55,6,66,73,14,77,12,58,54,61,Long Stride Awkward,10,13,69,13,26,85,6,6,6,6,15,10,88,35,18
14922,Tatum,Bethune,Mike Backer,MIKE,San Francisco 49ers,15,70,24,Florida State,72,227,48,1,Field General - MLB,"https://ratings-images-prod.pulse.ea.com/madden-nfl-26/portraits/10013.png?im=FaceCrop,padding=0.7",https://drop-assets.ea.com/images/1SoIzWJtk28ygwNAPEMRnf/deaee9a60ace23f7eaeaf4275c2282b0/15.png,87,83,75,82,67,73,58,67,24,40,55,55,67,76,10,64,80,68,92,64,14,16,45,34,63,10,70,30,25,25,11,73,54,63,82,23,42,35,35,Default Stride Loose,15,60,81,58,50,81,21,23,31,22,20,13,85,50,69
15105,Terrance,Ferguson,Tight End,TE,Los Angeles Rams,24,70,22,Oregon,77,247,18,0,Vertical Threat - TE,"https://ratings-images-prod.pulse.ea.com/madden-nfl-26/portraits/10552.png?im=FaceCrop,padding=0.7",https://drop-assets.ea.com/images/wS8JnLBEBj9eq68rO1qTb/b7b5285ad842936bc21bb149eb8c31b8/24.png,87,78,92,87,73,73,76,46,32,70,76,76,79,68,56,45,33,65,90,61,21,36,27,55,39,62,70,55,53,55,28,37,41,22,48,70,57,59,54,Long Stride Default,68,80,85,53,71,39,18,11,10,25,29,21,89,69,46
22488,Theo,Jackson,Free Safety,FS,Minnesota Vikings,31,70,26,Tennessee,73,198,26,3,Zone - S,"https://ratings-images-prod.pulse.ea.com/madden-nfl-26/portraits/2155.png?im=FaceCrop,padding=0.7",https://drop-assets.ea.com/images/bzuWJaOZo5LCC4SwdbVzx/f6dc0006f59641745e50721d0d8c9d38/31.png,92,76,88,87,58,73,53,58,15,45,55,43,65,81,10,48,74,63,90,65,15,15,40,20,63,10,70,35,35,35,6,70,44,67,74,24,35,35,35,Default Stride Loose,10,57,90,60,44,67,6,6,6,6,25,10,83,44,69
1265,Thomas,Harper,Strong Safety,SS,Detroit Lions,19,70,24,Notre Dame,70,189,12,1,Hybrid - S,"https://ratings-images-prod.pulse.ea.com/madden-nfl-26/portraits/10908.png?im=FaceCrop,padding=0.7",https://drop-assets.ea.com/images/7cuE4tZcli1uQyZbvXWMrd/a2df9decdab28170691ca6631dd62139/19.png,94,80,91,89,60,65,69,44,22,52,59,64,57,81,15,42,55,47,77,67,15,20,45,21,73,18,70,35,35,35,16,64,36,66,73,20,35,35,35,Short Stride Default,22,61,89,60,42,68,10,15,20,27,25,22,84,42,71
14908,Tommy,Eichenberg,Weak Backer,WILL,Las Vegas Raiders,23,70,24,Ohio State,74,233,44,1,Run Stopper - OLB,"https://ratings-images-prod.pulse.ea.com/madden-nfl-26/portraits/10065.png?im=FaceCrop,padding=0.7",https://drop-assets.ea.com/images/5ZrNmFWgR1vnwTOdqVmwYy/fe13aa7566120fb59130404e168c59ca/23.png,84,81,79,84,75,64,45,74,26,33,55,50,58,77,6,52,80,79,90,61,22,21,10,45,60,10,70,40,35,35,11,69,66,45,86,17,45,40,40,Short Stride Loose,20,52,78,55,54,80,11,21,25,14,35,14,93,49,55
22103,Trevor,Penning,Right Tackle,RT,Los Angeles Chargers,8,70,26,Northern Iowa,79,325,64,3,Power - OT,"https://ratings-images-prod.pulse.ea.com/madden-nfl-26/portraits/1881.png?im=FaceCrop,padding=0.7",https://drop-assets.ea.com/images/1nyokQ4GLHKjmDL5IorxkB/29267d1765bd7f27730a007e1b070ec4/8.png,82,74,70,82,89,59,34,33,19,28,38,35,41,60,17,31,40,88,87,20,15,17,10,77,10,23,70,68,64,73,5,21,26,12,41,28,76,72,78,Default Stride Awkward,31,35,76,15,37,27,7,10,11,5,23,7,90,35,11
23381,Ty,Okada,Strong Safety,SS,Seattle Seahawks,28,70,26,Montana State,71,193,39,2,Hybrid - S,"https://ratings-images-prod.pulse.ea.com/madden-nfl-26/portraits/10432.png?im=FaceCrop,padding=0.7",https://drop-assets.ea.com/images/2WrGCB8Atuo0aZ4MbstBrI/bbe9263ce111287adcef479efbc72160/28.png,91,88,94,82,62,68,73,46,45,64,67,60,64,90,26,38,79,51,89,73,22,26,45,26,67,28,70,35,35,35,41,65,32,61,70,29,35,35,35,Default Stride Loose,35,66,90,66,48,64,40,46,51,51,52,31,77,49,72
21301,Tyler,Johnson,Wide Receiver,WR,NY Jets,18,70,27,Minnesota,73,206,16,5,,"https://ratings-images-prod.pulse.ea.com/madden-nfl-26/portraits/400.png?im=FaceCrop,padding=0.7",https://drop-assets.ea.com/images/7M46e9acznPLjtJlC7FaWV/ef5cfc9e8306cbdae723a5f7e809b0fd/18.png,90,82,86,88,68,70,83,32,47,76,72,83,82,80,70,10,30,45,88,79,16,19,50,30,23,73,70,30,18,20,46,26,10,27,37,73,42,24,22,Default,73,81,87,74,60,37,43,46,49,52,56,46,87,48,37
21869,Victor,Dimukeje,Right Edge,REDG,NY Giants,16,70,25,Duke,74,262,52,4,Power Rusher - DE,"https://ratings-images-prod.pulse.ea.com/madden-nfl-26/portraits/2708.png?im=FaceCrop,padding=0.7",https://drop-assets.ea.com/images/5hloGwLNaCrg2IBn0CoWVb/b5996a802009a4252f992182bd9acf85/16.png,78,75,86,81,82,69,34,74,12,20,40,28,45,67,2,64,75,85,90,34,20,30,10,11,38,3,70,45,45,45,6,68,76,25,79,13,45,45,45,Short Stride Loose,10,34,77,29,39,79,6,6,6,6,10,13,87,33,49
20677,Yosh,Nijman,Right Tackle,RT,Carolina Panthers,21,70,29,Virginia Tech,79,314,77,6,Agile - OT,"https://ratings-images-prod.pulse.ea.com/madden-nfl-26/portraits/9587.png?im=FaceCrop,padding=0.7",https://drop-assets.ea.com/images/4Klf6KKhbnVi5RaARK1OiL/13a917c75c0fbc4edb0eb018cb757d8d/21.png,76,70,75,85,87,83,10,37,12,5,40,10,25,57,5,35,40,82,90,10,28,18,10,78,20,5,70,72,74,71,6,34,42,10,38,12,71,72,70,Default Stride Awkward,10,12,73,10,10,44,6,6,6,6,35,5,81,19,26
12581,Zach,Cunningham,Mike Backer,MIKE,Detroit Lions,19,70,30,Vanderbilt,75,237,52,8,Run Stopper - MLB,"https://ratings-images-prod.pulse.ea.com/madden-nfl-26/portraits/8519.png?im=FaceCrop,padding=0.7",https://drop-assets.ea.com/images/7cuE4tZcli1uQyZbvXWMrd/a2df9decdab28170691ca6631dd62139/19.png,87,79,84,87,80,69,44,74,12,22,51,31,59,71,5,60,83,84,85,37,20,20,10,13,54,5,70,45,45,45,6,68,49,48,82,25,45,45,45,Long Stride Loose,15,36,84,24,48,80,6,6,6,6,25,10,87,43,60
15301,Zah,Frazier,Cornerback,CB,Chicago Bears,1,70,24,UTSA,75,186,35,0,Manto Man - CB,"https://ratings-images-prod.pulse.ea.com/madden-nfl-26/portraits/10795.png?im=FaceCrop,padding=0.7",https://drop-assets.ea.com/images/6jaEsYrn1V45DziwibpsDk/ed66ad67e63f08a3a7c25ce951dbf5b9/1.png,96,82,88,80,56,65,62,44,23,42,61,62,74,84,24,24,59,45,86,70,25,28,79,24,69,25,70,35,35,25,18,64,23,61,70,32,35,35,25,Long Stride Default,26,69,94,61,31,69,23,20,9,13,22,32,84,23,65
14711,Zak,Zinter,Right Guard,RG,Cleveland Browns,5,70,24,Michigan,78,315,70,1,Power - G,"https://ratings-images-prod.pulse.ea.com/madden-nfl-26/portraits/10307.png?im=FaceCrop,padding=0.7",https://drop-assets.ea.com/images/4qbblHggBjaH9o46kyGeFo/27cab0f308b54edbd469e9b20cb506f7/5.png,65,54,65,82,88,74,21,39,12,22,40,21,22,49,5,28,50,84,79,16,11,15,10,81,8,7,70,72,70,74,6,31,41,10,35,15,73,74,72,Long Stride Awkward,15,15,63,14,30,44,6,7,9,9,21,10,96,30,9
4723,Zavier,Scott,Halfback,HB,Minnesota Vikings,31,70,26,Maine,73,219,36,1,Elusive Back - HB,"https://ratings-images-prod.pulse.ea.com/madden-nfl-26/portraits/11078.png?im=FaceCrop,padding=0.7",https://drop-assets.ea.com/images/bzuWJaOZo5LCC4SwdbVzx/f6dc0006f59641745e50721d0d8c9d38/31.png,92,84,85,86,74,69,78,28,24,76,87,60,72,86,59,25,30,34,89,79,15,17,76,29,16,62,70,55,25,30,21,14,19,25,33,60,35,25,30,Default,67,60,89,72,68,31,12,17,20,22,30,11,85,67,23
13804,Aaron,Stinnie,Left Guard,LG,NY Giants,16,69,31,J. Madison,75,312,64,7,Pass Protector - G,"https://ratings-images-prod.pulse.ea.com/madden-nfl-26/portraits/9928.png?im=FaceCrop,padding=0.7",https://drop-assets.ea.com/images/5hloGwLNaCrg2IBn0CoWVb/b5996a802009a4252f992182bd9acf85/16.png,62,61,68,82,83,82,10,20,12,5,20,10,35,49,5,10,12,77,83,10,12,16,10,79,12,5,69,75,79,71,6,10,10,10,23,12,71,67,75,Default Stride Awkward,10,12,70,10,10,29,6,6,6,6,21,10,86,15,12
22002,Adam,Prentice,Fullback,FB,Denver Broncos,4,69,28,South Carolina,72,245,46,4,Blocking - FB,"https://ratings-images-prod.pulse.ea.com/madden-nfl-26/portraits/1016.png?im=FaceCrop,padding=0.7",https://drop-assets.ea.com/images/4AYKY9OcX1CYbyMFBnvM8/ac07a8ff525004f92014e3259708acdf/4.png,79,77,84,74,76,79,64,28,11,37,68,53,66,67,44,26,44,68,92,64,11,15,25,82,10,52,69,68,53,50,5,15,25,15,41,52,67,52,58,Default Stride High and Tight,57,58,77,59,63,39,5,10,15,5,24,17,78,63,12
22928,Adetomiwa,Adebawore,Defensive Tackle,DT,Indianapolis Colts,10,69,24,Northwestern,74,282,95,2,Power Rusher - DT,"https://ratings-images-prod.pulse.ea.com/madden-nfl-26/portraits/818.png?im=FaceCrop,padding=0.7",https://drop-assets.ea.com/images/5yTvAS7xG5Z8qw65gMLzSU/037cfcd90e26ee06666a24d762791f65/10.png,92,79,88,75,84,69,24,71,15,12,35,24,30,73,5,67,79,81,92,41,21,25,10,25,19,6,69,40,40,40,7,69,75,24,75,14,45,45,45,Default Stride High and Tight,13,26,89,37,32,69,6,10,14,7,21,5,88,33,25
20672,Andre,James,Center,C,Los Angeles Chargers,8,69,28,UCLA,76,300,78,6,Pass Protector - C,"https://ratings-images-prod.pulse.ea.com/madden-nfl-26/portraits/9521.png?im=FaceCrop,padding=0.7",https://drop-assets.ea.com/images/1nyokQ4GLHKjmDL5IorxkB/29267d1765bd7f27730a007e1b070ec4/8.png,68,57,72,88,83,74,10,39,12,7,37,25,29,51,5,15,20,83,91,10,21,22,10,79,13,5,69,77,78,75,6,20,25,10,29,16,72,73,70,Default Stride Awkward,15,15,67,10,19,32,6,6,6,6,25,10,83,20,15
15019,Anthony,Gould,Wide Receiver,WR,Indianapolis Colts,10,69,24,Oregon State,68,174,6,1,Deep Threat - WR,"https://ratings-images-prod.pulse.ea.com/madden-nfl-26/portraits/10086.png?im=FaceCrop,padding=0.7",https://drop-assets.ea.com/images/5yTvAS7xG5Z8qw65gMLzSU/037cfcd90e26ee06666a24d762791f65/10.png,95,86,89,80,47,58,74,16,16,67,67,78,78,89,73,10,14,33,87,72,13,19,82,21,10,72,69,24,18,12,15,17,10,14,23,70,31,22,16,Short Stride Default,71,78,94,64,31,20,10,10,15,15,26,18,81,27,16
22689,Anthony,Richardson Sr,Quarterback,QB,Indianapolis Colts,10,69,23,Florida,76,250,5,2,Scrambler - QB,"https://ratings-images-prod.pulse.ea.com/madden-nfl-26/portraits/2609.png?im=FaceCrop,padding=0.7",https://drop-assets.ea.com/images/5yTvAS7xG5Z8qw65gMLzSU/037cfcd90e26ee06666a24d762791f65/10.png,92,88,93,73,73,51,91,27,82,79,57,17,39,87,13,10,26,34,82,78,17,22,20,28,11,16,69,16,15,20,86,17,10,10,29,17,26,23,20,Default,20,19,91,75,79,33,76,75,79,72,96,75,90,78,17
17657,Artie,Burns,Cornerback,CB,Miami Dolphins,12,69,30,Miami,72,187,23,9,Manto Man - CB,"https://ratings-images-prod.pulse.ea.com/madden-nfl-26/portraits/7924.png?im=FaceCrop,padding=0.7",https://drop-assets.ea.com/images/1rcCzp9f3OyZFzRBRFJVpC/8dc08dce09c05a748587769908cd710c/12.png,88,82,79,89,56,74,64,39,15,55,60,45,63,79,11,41,53,45,85,74,17,18,56,15,70,16,69,33,34,33,6,73,35,77,66,27,34,34,33,Default Stride Loose,26,60,89,69,29,51,6,6,6,6,27,11,73,28,73
15246,Barrett,Carter,Mike Backer,MIKE,Cincinnati Bengals,2,69,22,Clemson,72,231,49,0,Field General - MLB,"https://ratings-images-prod.pulse.ea.com/madden-nfl-26/portraits/10517.png?im=FaceCrop,padding=0.7",https://drop-assets.ea.com/images/5oemvWKqCFgBCkCI4h9A2U/0629c6d345fe01a14ba9f40554fd182e/2.png,90,76,83,87,72,71,57,67,22,43,68,53,61,76,24,61,80,72,87,61,18,22,10,28,57,27,69,45,45,45,6,69,54,46,83,28,45,45,45,Default Stride Loose,30,55,85,55,51,81,6,6,6,6,23,12,88,47,63
14682,Ben,Sinnott,Tight End,TE,Washington Commanders,26,69,23,Kansas State,76,250,82,1,Vertical Threat - TE,"https://ratings-images-prod.pulse.ea.com/madden-nfl-26/portraits/10247.png?im=FaceCrop,padding=0.7",https://drop-assets.ea.com/images/42h6FyIuthDAiH4cTWUXRH/bb952a9252013b5bfdf77ac3f4011601/RatingsteamcrestWashingtonCommanders256.png,89,88,90,82,70,64,76,50,23,70,74,76,79,78,55,45,58,62,90,70,18,23,28,56,33,62,69,57,57,52,10,40,54,31,55,67,59,58,52,Long Stride Default,68,77,83,67,68,55,5,10,15,10,26,15,86,72,46
15304,Bilhal,Kone,Cornerback,CB,Baltimore Ravens,25,69,23,W. Michigan,73,190,31,0,Manto Man - CB,"https://ratings-images-prod.pulse.ea.com/madden-nfl-26/portraits/10628.png?im=FaceCrop,padding=0.7",https://drop-assets.ea.com/images/3zZnTQ4izXUrnVi3ryTBcm/a12a28ccd2af4c0a0930b58db73552a7/25.png,92,87,84,88,58,66,70,45,30,44,54,54,69,82,16,25,51,46,88,72,27,22,82,23,70,17,69,35,35,25,19,65,26,70,72,27,35,35,25,Default,18,65,91,64,39,58,24,27,24,18,29,31,88,28,66
28422,Bo,Richter,Left Edge,LEDG,Minnesota Vikings,31,69,25,Air Force,73,248,98,1,Smaller Speed Rusher - DE,"https://ratings-images-prod.pulse.ea.com/madden-nfl-26/portraits/10957.png?im=FaceCrop,padding=0.7",https://drop-assets.ea.com/images/bzuWJaOZo5LCC4SwdbVzx/f6dc0006f59641745e50721d0d8c9d38/31.png,92,81,88,81,72,57,26,69,12,15,32,20,44,72,5,71,78,77,86,33,24,25,10,11,42,5,69,45,45,45,6,56,58,34,79,25,45,45,45,Default,15,20,87,28,28,78,6,6,6,6,27,13,84,27,49
15173,Bradyn,Swinson,Left Edge,LEDG,New England Patriots,22,69,23,LSU,76,255,43,0,Smaller Speed Rusher - DE,"https://ratings-images-prod.pulse.ea.com/madden-nfl-26/portraits/10746.png?im=FaceCrop,padding=0.7",https://drop-assets.ea.com/images/6Z0rWjQfkWgvj8K58X0WfA/aaaaa7e6c313bdfc5e624309ba6dfc4e/22.png,88,78,85,75,82,60,32,72,23,28,40,15,30,70,7,73,78,84,86,40,20,27,32,27,39,8,69,45,45,45,25,58,70,33,77,13,45,45,45,Long Stride Loose,15,15,84,38,39,77,8,16,13,16,8,21,87,30,49
22927,Byron,Young,Defensive Tackle,DT,Philadelphia Eagles,13,69,24,Alabama,75,297,94,2,,"https://ratings-images-prod.pulse.ea.com/madden-nfl-26/portraits/2490.png?im=FaceCrop,padding=0.7",https://drop-assets.ea.com/images/1Nt5pFCpjcBcADzHRbwfIk/ce90f9cb564aef7cc30cf1dd88c84150/13.png,81,59,66,76,82,69,21,75,12,15,40,22,37,49,5,57,79,78,93,29,11,14,10,24,15,7,69,35,35,35,8,70,68,25,76,29,40,40,40,Default Stride Awkward,10,23,71,25,35,80,6,6,7,9,10,10,82,25,23
1070,Caedan,Wallace,Left Guard,LG,New England Patriots,22,69,25,Penn State,77,314,70,1,Agile - G,"https://ratings-images-prod.pulse.ea.com/madden-nfl-26/portraits/10282.png?im=FaceCrop,padding=0.7",https://drop-assets.ea.com/images/6Z0rWjQfkWgvj8K58X0WfA/aaaaa7e6c313bdfc5e624309ba6dfc4e/22.png,76,59,76,85,87,78,30,30,7,20,25,21,35,49,21,45,45,82,89,16,15,17,10,77,11,22,69,71,72,68,7,20,50,12,27,25,75,72,70,Long Stride Awkward,24,22,67,15,31,44,11,12,13,6,21,7,89,32,11
14876,Cedric,Johnson,Right Edge,REDG,Cincinnati Bengals,2,69,22,Ole Miss,75,264,52,1,Smaller Speed Rusher - DE,"https://ratings-images-prod.pulse.ea.com/madden-nfl-26/portraits/10126.png?im=FaceCrop,padding=0.7",https://drop-assets.ea.com/images/5oemvWKqCFgBCkCI4h9A2U/0629c6d345fe01a14ba9f40554fd182e/2.png,89,69,90,78,79,68,26,74,12,20,38,26,43,66,3,72,75,81,88,19,10,16,10,18,40,7,69,45,45,45,6,67,68,21,77,13,45,45,45,Long Stride Default,12,28,85,14,30,76,6,6,6,6,23,10,82,32,46
15221,CJ,West,Defensive Tackle,DT,San Francisco 49ers,15,69,23,Indiana,73,316,99,0,,"https://ratings-images-prod.pulse.ea.com/madden-nfl-26/portraits/10776.png?im=FaceCrop,padding=0.7",https://drop-assets.ea.com/images/1SoIzWJtk28ygwNAPEMRnf/deaee9a60ace23f7eaeaf4275c2282b0/15.png,77,64,80,81,84,67,22,79,19,23,40,18,19,53,12,62,76,83,88,20,16,24,28,24,13,15,69,45,45,45,12,66,75,12,76,17,45,45,45,Default Stride Awkward,17,18,74,20,34,75,8,10,15,17,25,14,88,29,16
23343,Claudin,Cherelus,Sam Backer,SAM,Carolina Panthers,21,69,26,Alcorn St.,74,230,53,2,Run Stopper - OLB,"https://ratings-images-prod.pulse.ea.com/madden-nfl-26/portraits/10372.png?im=FaceCrop,padding=0.7",https://drop-assets.ea.com/images/4Klf6KKhbnVi5RaARK1OiL/13a917c75c0fbc4edb0eb018cb757d8d/21.png,85,70,87,82,70,73,55,67,29,42,57,45,50,71,6,41,79,69,93,61,15,20,15,15,45,12,69,45,45,45,37,75,46,47,84,12,45,45,45,Default Stride High and Tight,22,46,87,56,45,81,27,32,37,21,41,22,84,50,54
22929,Colby,Wooden,Defensive Tackle,DT,Green Bay Packers,20,69,24,Auburn,76,273,96,2,,"https://ratings-images-prod.pulse.ea.com/madden-nfl-26/portraits/2486.png?im=FaceCrop,padding=0.7",https://drop-assets.ea.com/images/4ztQk5XogdkrJe6reVd3h8/16ecf8a0f4caf228c6e54ad0f8e17425/20.png,87,68,76,77,78,72,36,73,12,35,35,23,28,66,9,72,85,74,92,42,8,11,10,44,24,11,69,40,40,40,8,73,68,10,75,14,45,45,45,Default Stride Bread Loaf,15,25,79,35,42,80,6,7,9,6,14,10,81,40,33
23086,Darrell,Luter Jr,Cornerback,CB,San Francisco 49ers,15,69,25,South Alabama,72,190,28,2,Zone - CB,"https://ratings-images-prod.pulse.ea.com/madden-nfl-26/portraits/2292.png?im=FaceCrop,padding=0.7",https://drop-assets.ea.com/images/1SoIzWJtk28ygwNAPEMRnf/deaee9a60ace23f7eaeaf4275c2282b0/15.png,92,87,94,88,50,65,69,50,14,64,58,63,66,79,40,35,64,45,90,73,15,15,55,17,66,45,69,30,30,30,6,64,30,77,73,50,35,35,35,Default Stride Loose,50,68,90,67,42,64,5,6,8,7,10,13,81,36,71
20350,David,Sills V,Wide Receiver,WR,Atlanta Falcons,14,69,29,West Virginia,75,211,87,7,Deep Threat - WR,"https://ratings-images-prod.pulse.ea.com/madden-nfl-26/portraits/9628.png?im=FaceCrop,padding=0.7",https://drop-assets.ea.com/images/3NTxf2X9VWdF6aL91pHAVu/6002a1f3e761a58c3b00f0e08bdccf5f/14.png,89,84,89,80,60,74,74,24,65,70,71,77,79,80,74,10,12,44,79,73,17,19,50,24,10,72,69,35,27,30,63,23,10,10,27,73,42,15,23,Long Stride Default,74,81,87,68,45,25,58,64,69,72,73,55,82,46,16
4603,David,Walker,Right Edge,REDG,Tampa Bay Buccaneers,6,69,25,Central Arkansas,73,263,51,0,Power Rusher - DE,"https://ratings-images-prod.pulse.ea.com/madden-nfl-26/portraits/10765.png?im=FaceCrop,padding=0.7",https://drop-assets.ea.com/images/1L5Fn21WqZN9jcLucGYg4c/ce29db9b9b4775d4e8fc337bf5c65027/6.png,85,79,84,85,78,71,55,71,22,42,58,53,60,70,23,65,79,75,89,59,20,24,10,27,56,26,69,45,45,45,6,69,72,44,81,28,45,45,45,Default Stride Loose,30,55,83,53,49,75,6,6,6,6,25,12,89,46,62
1082,Decamerion,Richardson,Cornerback,CB,Las Vegas Raiders,23,69,24,Mississippi St.,74,195,25,1,Slot - CB,"https://ratings-images-prod.pulse.ea.com/madden-nfl-26/portraits/10227.png?im=FaceCrop,padding=0.7",https://drop-assets.ea.com/images/5ZrNmFWgR1vnwTOdqVmwYy/fe13aa7566120fb59130404e168c59ca/23.png,92,85,84,87,52,57,65,52,10,62,52,47,55,86,26,33,62,51,90,71,12,11,59,14,66,31,69,31,22,23,13,55,26,75,75,33,35,25,24,Default Stride Loose,36,50,94,69,34,77,15,22,23,16,24,15,88,35,70
21614,Dee,Eskridge,Wide Receiver,WR,Miami Dolphins,12,69,28,W. Michigan,69,190,82,4,,"https://ratings-images-prod.pulse.ea.com/madden-nfl-26/portraits/1268.png?im=FaceCrop,padding=0.7",https://drop-assets.ea.com/images/1rcCzp9f3OyZFzRBRFJVpC/8dc08dce09c05a748587769908cd710c/12.png,93,86,84,81,58,64,82,43,13,71,71,77,78,85,71,19,34,39,78,81,13,19,82,20,22,68,69,31,22,17,6,24,13,28,47,71,40,35,26,Short Stride Loose,68,79,92,75,49,40,6,10,15,10,22,15,76,31,29
1351,Dell,Pettus,Strong Safety,SS,New England Patriots,22,69,24,Troy,71,200,24,1,Hybrid - S,"https://ratings-images-prod.pulse.ea.com/madden-nfl-26/portraits/10952.png?im=FaceCrop,padding=0.7",https://drop-assets.ea.com/images/6Z0rWjQfkWgvj8K58X0WfA/aaaaa7e6c313bdfc5e624309ba6dfc4e/22.png,91,83,81,86,64,67,68,56,22,53,65,61,67,79,27,44,73,58,92,69,12,19,45,25,69,32,69,35,35,35,7,66,33,64,77,40,35,35,35,Default Stride Loose,36,64,89,60,47,69,10,12,15,17,26,7,87,42,67
23050,DeMarcco,Hellams,Free Safety,FS,Atlanta Falcons,14,69,25,Alabama,73,213,23,2,Run Support - S,"https://ratings-images-prod.pulse.ea.com/madden-nfl-26/portraits/2185.png?im=FaceCrop,padding=0.7",https://drop-assets.ea.com/images/3NTxf2X9VWdF6aL91pHAVu/6002a1f3e761a58c3b00f0e08bdccf5f/14.png,92,76,76,87,70,69,74,63,42,67,68,65,71,74,47,49,84,64,92,73,15,25,67,35,65,49,69,35,35,35,21,67,45,71,75,52,35,35,35,Default Stride Loose,55,71,87,64,52,75,25,31,35,38,38,23,85,52,65
12561,Deshaun,Watson,Quarterback,QB,Cleveland Browns,5,69,29,Clemson,75,223,4,8,Scrambler - QB,"https://ratings-images-prod.pulse.ea.com/madden-nfl-26/portraits/8769.png?im=FaceCrop,padding=0.7",https://drop-assets.ea.com/images/4qbblHggBjaH9o46kyGeFo/27cab0f308b54edbd469e9b20cb506f7/5.png,87,87,81,90,69,60,83,22,84,76,65,34,51,84,15,10,22,42,74,79,27,25,10,35,15,17,69,23,15,25,84,19,10,10,34,25,27,15,15,Default Stride Loose,25,52,84,76,58,34,76,76,81,81,89,77,88,65,20
22181,Dominique,Robinson,Right Edge,REDG,Chicago Bears,1,69,27,Miami Univ.,77,275,90,3,Smaller Speed Rusher - DE,"https://ratings-images-prod.pulse.ea.com/madden-nfl-26/portraits/1921.png?im=FaceCrop,padding=0.7",https://drop-assets.ea.com/images/6jaEsYrn1V45DziwibpsDk/ed66ad67e63f08a3a7c25ce951dbf5b9/1.png,87,76,91,76,79,64,54,72,47,46,61,59,65,72,37,73,81,79,89,52,12,16,10,28,32,41,69,45,45,45,41,64,62,30,81,42,45,45,45,Long Stride Default,43,57,80,43,43,78,42,50,55,52,62,39,80,50,45
1126,Elijah,Klein,Right Guard,RG,Tampa Bay Buccaneers,6,69,25,UTEP,76,319,79,1,Power - G,"https://ratings-images-prod.pulse.ea.com/madden-nfl-26/portraits/10929.png?im=FaceCrop,padding=0.7",https://drop-assets.ea.com/images/1L5Fn21WqZN9jcLucGYg4c/ce29db9b9b4775d4e8fc337bf5c65027/6.png,64,59,67,78,83,75,21,10,11,22,42,24,31,57,11,10,25,82,92,19,24,29,10,81,12,13,69,77,74,77,10,18,10,10,15,19,73,73,71,Default Stride Awkward,21,23,62,17,32,33,12,15,19,10,26,8,82,31,12
22303,Eyioma,Uwazurike,Defensive Tackle,DT,Denver Broncos,4,69,27,Iowa State,78,320,96,3,,"https://ratings-images-prod.pulse.ea.com/madden-nfl-26/portraits/1994.png?im=FaceCrop,padding=0.7",https://drop-assets.ea.com/images/4AYKY9OcX1CYbyMFBnvM8/ac07a8ff525004f92014e3259708acdf/4.png,68,65,80,69,83,73,25,76,10,19,32,23,31,55,15,66,73,88,91,15,18,25,15,35,13,18,69,45,45,45,6,72,73,11,77,26,45,45,45,Long Stride Awkward,22,22,62,12,35,82,6,6,6,6,19,8,92,45,14
13713,George,Odum,Strong Safety,SS,Indianapolis Colts,10,69,31,Central Arkansas,73,202,39,7,Zone - S,"https://ratings-images-prod.pulse.ea.com/madden-nfl-26/portraits/9880.png?im=FaceCrop,padding=0.7",https://drop-assets.ea.com/images/5yTvAS7xG5Z8qw65gMLzSU/037cfcd90e26ee06666a24d762791f65/10.png,91,82,81,86,69,70,53,61,15,33,65,40,64,79,10,48,85,63,95,64,12,15,40,14,65,10,69,35,35,35,6,69,56,61,74,20,35,35,35,Default Stride Loose,10,62,90,60,54,67,6,6,6,6,25,10,84,45,70
22101,Grant,Calcaterra,Tight End,TE,Philadelphia Eagles,13,69,26,SMU,76,240,81,3,Vertical Threat - TE,"https://ratings-images-prod.pulse.ea.com/madden-nfl-26/portraits/2067.png?im=FaceCrop,padding=0.7",https://drop-assets.ea.com/images/1Nt5pFCpjcBcADzHRbwfIk/ce90f9cb564aef7cc30cf1dd88c84150/13.png,89,80,80,86,72,73,72,23,17,58,75,72,83,77,60,10,22,57,79,66,13,18,10,57,12,63,69,58,58,55,6,22,10,15,23,66,57,55,53,Long Stride Default,68,75,85,62,61,30,6,10,15,10,25,13,84,64,15
22053,Hassan,Haskins,Halfback,HB,Los Angeles Chargers,8,69,25,Michigan,74,228,28,3,Power Back - HB,"https://ratings-images-prod.pulse.ea.com/madden-nfl-26/portraits/1760.png?im=FaceCrop,padding=0.7",https://drop-assets.ea.com/images/1nyokQ4GLHKjmDL5IorxkB/29267d1765bd7f27730a007e1b070ec4/8.png,91,80,85,86,77,69,76,34,27,78,91,50,66,80,43,18,37,44,86,77,14,15,66,46,18,52,69,56,32,37,23,30,17,21,42,44,44,30,35,Default,58,51,89,71,77,41,15,20,25,25,35,24,84,82,26
13212,Ian,Thomas,Tight End,TE,Las Vegas Raiders,23,69,29,Indiana,76,260,80,7,Vertical Threat - TE,"https://ratings-images-prod.pulse.ea.com/madden-nfl-26/portraits/9078.png?im=FaceCrop,padding=0.7",https://drop-assets.ea.com/images/5ZrNmFWgR1vnwTOdqVmwYy/fe13aa7566120fb59130404e168c59ca/23.png,88,77,86,88,68,69,68,27,18,65,74,76,79,74,56,20,15,67,92,76,12,18,6,47,12,64,69,58,57,54,6,15,20,10,31,68,60,57,60,Long Stride Loose,69,75,82,56,70,31,19,22,27,14,31,13,85,68,14
15098,Isaiah,Bond,Wide Receiver,WR,Cleveland Browns,5,69,21,Texas,71,185,16,0,,"https://ratings-images-prod.pulse.ea.com/madden-nfl-26/portraits/10494.png?im=FaceCrop,padding=0.7",https://drop-assets.ea.com/images/4qbblHggBjaH9o46kyGeFo/27cab0f308b54edbd469e9b20cb506f7/5.png,94,77,82,84,60,69,82,25,22,73,75,76,80,78,73,10,26,36,85,79,22,18,70,23,23,72,69,22,13,24,21,33,10,27,37,66,41,22,18,Short Stride Default,71,78,93,74,42,24,10,14,18,18,23,23,83,35,30
4726,Jahdae,Walker,Wide Receiver,WR,Chicago Bears,1,69,23,Texas AM,75,206,20,0,,,https://drop-assets.ea.com/images/6jaEsYrn1V45DziwibpsDk/ed66ad67e63f08a3a7c25ce951dbf5b9/1.png,91,92,83,82,60,62,77,26,18,74,73,78,77,87,73,10,29,36,86,77,15,19,29,22,14,72,69,26,22,19,15,17,10,18,39,65,35,20,25,Default,71,78,91,71,52,30,10,15,20,12,28,17,83,46,19
22821,Jake,Bobo,Wide Receiver,WR,Seattle Seahawks,28,69,27,UCLA,76,207,19,2,Physical - WR,"https://ratings-images-prod.pulse.ea.com/madden-nfl-26/portraits/1628.png?im=FaceCrop,padding=0.7",https://drop-assets.ea.com/images/2WrGCB8Atuo0aZ4MbstBrI/bbe9263ce111287adcef479efbc72160/28.png,86,80,88,88,62,73,82,25,22,72,74,84,85,77,70,11,28,45,91,70,18,17,32,27,10,72,69,31,19,21,6,15,11,22,33,69,49,24,28,Long Stride Default,74,85,85,65,61,33,6,10,15,10,31,19,91,55,10
1372,Jalen,Sundell,Center,C,Seattle Seahawks,28,69,25,North Dakota St.,77,301,61,1,Agile - C,"https://ratings-images-prod.pulse.ea.com/madden-nfl-26/portraits/10972.png?im=FaceCrop,padding=0.7",https://drop-assets.ea.com/images/2WrGCB8Atuo0aZ4MbstBrI/bbe9263ce111287adcef479efbc72160/28.png,61,65,72,81,84,74,25,36,12,16,29,24,26,47,6,15,36,79,89,10,11,11,10,81,12,12,69,75,77,72,6,10,15,10,32,18,73,75,70,Long Stride Awkward,14,23,66,10,21,33,6,6,6,6,23,10,86,25,12
14662,Jamari,Thrash,Wide Receiver,WR,Cleveland Browns,5,69,24,Louisville,72,188,80,1,,"https://ratings-images-prod.pulse.ea.com/madden-nfl-26/portraits/10266.png?im=FaceCrop,padding=0.7",https://drop-assets.ea.com/images/4qbblHggBjaH9o46kyGeFo/27cab0f308b54edbd469e9b20cb506f7/5.png,93,84,84,81,56,62,79,29,23,71,73,76,82,84,71,10,22,38,83,79,20,20,35,24,18,72,69,27,17,20,17,14,10,15,31,70,41,26,19,Short Stride Default,74,79,90,73,42,28,13,18,20,19,28,17,85,43,23
14689,Jared,Wiley,Tight End,TE,Kansas City Chiefs,9,69,24,TCU,78,249,12,1,Vertical Threat - TE,"https://ratings-images-prod.pulse.ea.com/madden-nfl-26/portraits/10294.png?im=FaceCrop,padding=0.7",https://drop-assets.ea.com/images/3g9AewmTPjE4A7yc2tobiZ/20b6502896df3893414233cb5fe1b803/9.png,89,77,88,83,75,58,75,33,16,69,75,79,81,72,58,10,36,60,88,69,12,19,25,57,16,65,69,56,55,56,6,18,10,16,35,67,58,58,56,Long Stride Default,68,80,85,60,68,39,6,10,15,10,24,15,88,68,22
15322,Jason,Marshall Jr,Cornerback,CB,Miami Dolphins,12,69,22,Florida,72,194,33,0,Manto Man - CB,"https://ratings-images-prod.pulse.ea.com/madden-nfl-26/portraits/10645.png?im=FaceCrop,padding=0.7",https://drop-assets.ea.com/images/1rcCzp9f3OyZFzRBRFJVpC/8dc08dce09c05a748587769908cd710c/12.png,93,88,88,89,60,69,72,43,32,51,55,55,69,84,25,36,55,41,86,73,17,25,80,24,71,26,69,35,35,25,27,71,24,60,69,34,35,35,25,Default,27,64,89,65,43,52,19,10,16,12,23,18,86,32,66
14896,Javon,Solomon,Left Edge,LEDG,Buffalo Bills,3,69,24,Troy,73,247,56,1,Smaller Speed Rusher - DE,"https://ratings-images-prod.pulse.ea.com/madden-nfl-26/portraits/10253.png?im=FaceCrop,padding=0.7",https://drop-assets.ea.com/images/212FXcpkDUjs9ZJpZ038pM/676904f80719bc724267b7eb5609c6af/3.png,84,75,88,80,77,70,46,73,12,24,33,35,47,64,5,72,76,80,90,47,10,12,10,29,36,6,69,45,45,45,6,69,70,29,76,15,45,45,45,Default Stride Loose,10,37,82,41,37,79,6,6,6,6,22,15,81,39,40
23047,Jay,Ward,Strong Safety,SS,Minnesota Vikings,31,69,25,LSU,73,188,24,2,Run Support - S,"https://ratings-images-prod.pulse.ea.com/madden-nfl-26/portraits/2451.png?im=FaceCrop,padding=0.7",https://drop-assets.ea.com/images/bzuWJaOZo5LCC4SwdbVzx/f6dc0006f59641745e50721d0d8c9d38/31.png,93,79,86,87,58,69,72,60,10,63,64,63,70,83,27,32,77,49,90,73,16,19,63,22,65,30,69,35,35,35,15,72,27,73,77,34,35,35,35,Default Stride Loose,33,69,87,64,55,66,10,10,15,15,23,11,75,40,67
14912,Jaylan,Ford,Weak Backer,WILL,New Orleans Saints,27,69,23,Texas,75,242,53,1,Run Stopper - OLB,"https://ratings-images-prod.pulse.ea.com/madden-nfl-26/portraits/10075.png?im=FaceCrop,padding=0.7",https://drop-assets.ea.com/images/5beev0Bk7MVWyDSbEqr75u/837fe770a82d43aa3028a13988d8baf3/27.png,84,81,81,84,73,69,56,76,15,42,64,63,73,75,14,60,85,80,95,61,21,24,35,39,54,21,69,35,30,30,9,66,64,52,79,15,45,40,40,Default Stride Loose,24,67,82,55,50,79,6,9,11,6,24,9,88,51,57
1344,Jaylen,McCollough,Free Safety,FS,Los Angeles Rams,24,69,24,Tennessee,72,202,2,1,Zone - S,"https://ratings-images-prod.pulse.ea.com/madden-nfl-26/portraits/10936.png?im=FaceCrop,padding=0.7",https://drop-assets.ea.com/images/wS8JnLBEBj9eq68rO1qTb/b7b5285ad842936bc21bb149eb8c31b8/24.png,88,77,80,86,63,73,69,56,16,50,66,60,75,75,29,45,73,60,92,73,11,14,47,20,68,32,69,30,30,30,13,72,39,67,73,42,35,35,35,Default Stride Loose,35,64,85,66,52,67,10,10,15,18,28,12,88,38,74
14915,JD,Bertrand,Sam Backer,SAM,Atlanta Falcons,14,69,25,Notre Dame,73,235,40,1,Run Stopper - OLB,"https://ratings-images-prod.pulse.ea.com/madden-nfl-26/portraits/10012.png?im=FaceCrop,padding=0.7",https://drop-assets.ea.com/images/3NTxf2X9VWdF6aL91pHAVu/6002a1f3e761a58c3b00f0e08bdccf5f/14.png,87,75,79,83,70,70,51,73,15,27,56,47,53,74,6,54,81,78,89,54,24,25,25,36,60,8,69,40,35,35,7,71,65,62,82,25,45,45,45,Default Stride High and Tight,18,46,83,50,48,76,6,7,9,6,25,8,88,56,64
1317,Joe,Andreessen,Mike Backer,MIKE,Buffalo Bills,3,69,25,Buffalo,73,232,44,1,Run Stopper - MLB,"https://ratings-images-prod.pulse.ea.com/madden-nfl-26/portraits/10864.png?im=FaceCrop,padding=0.7",https://drop-assets.ea.com/images/212FXcpkDUjs9ZJpZ038pM/676904f80719bc724267b7eb5609c6af/3.png,89,77,87,87,77,66,50,71,12,42,63,15,66,80,5,51,86,83,91,58,20,20,10,19,51,5,69,45,45,45,6,69,58,55,82,15,45,45,45,Default Stride Loose,15,25,84,44,49,80,6,6,6,6,30,15,86,42,62
13190,Joe,Noteboom,Right Tackle,RT,Baltimore Ravens,25,69,30,TCU,77,300,68,7,Agile - OT,"https://ratings-images-prod.pulse.ea.com/madden-nfl-26/portraits/9007.png?im=FaceCrop,padding=0.7",https://drop-assets.ea.com/images/3zZnTQ4izXUrnVi3ryTBcm/a12a28ccd2af4c0a0930b58db73552a7/25.png,75,60,62,83,87,79,13,30,12,11,25,15,20,53,5,10,33,80,83,15,12,15,11,76,12,8,69,73,75,71,6,10,10,10,31,15,71,74,67,Long Stride Awkward,10,14,71,12,18,31,6,6,6,6,17,14,87,20,12
10577,Jon,Weeks,Long Snapper,LS,San Francisco 49ers,15,69,39,Baylor,70,242,46,15,Power - LS,"https://ratings-images-prod.pulse.ea.com/madden-nfl-26/portraits/6149.png?im=FaceCrop,padding=0.7",https://drop-assets.ea.com/images/1SoIzWJtk28ygwNAPEMRnf/deaee9a60ace23f7eaeaf4275c2282b0/15.png,71,68,54,70,69,68,33,66,15,20,65,47,64,60,31,55,67,55,94,21,18,29,10,40,26,36,69,55,40,50,12,55,59,21,65,21,47,35,40,Default,41,44,69,21,22,67,12,12,12,12,40,14,84,33,34
1157,Jonah,Laulu,Defensive Tackle,DT,Las Vegas Raiders,23,69,25,Oklahoma,77,292,96,1,,"https://ratings-images-prod.pulse.ea.com/madden-nfl-26/portraits/10410.png?im=FaceCrop,padding=0.7",https://drop-assets.ea.com/images/5ZrNmFWgR1vnwTOdqVmwYy/fe13aa7566120fb59130404e168c59ca/23.png,79,65,86,78,84,68,38,74,12,19,40,25,36,61,3,72,79,84,87,24,21,25,10,19,22,7,69,45,45,45,6,66,72,18,79,24,45,45,45,Long Stride Loose,15,20,74,17,33,79,6,6,6,6,19,10,87,41,31
21996,Jonah,Williams,Defensive Tackle,DT,New Orleans Saints,27,69,30,Weber State,77,275,54,5,,"https://ratings-images-prod.pulse.ea.com/madden-nfl-26/portraits/9678.png?im=FaceCrop,padding=0.7",https://drop-assets.ea.com/images/5beev0Bk7MVWyDSbEqr75u/837fe770a82d43aa3028a13988d8baf3/27.png,78,73,83,73,82,66,30,74,12,35,42,27,37,59,12,63,82,82,90,24,13,17,10,36,16,15,69,46,46,46,9,67,70,18,73,22,45,45,45,Long Stride Awkward,18,32,78,22,41,81,9,9,9,9,23,17,78,39,20
15083,Jordan,Watkins,Wide Receiver,WR,San Francisco 49ers,15,69,23,Ole Miss,71,196,17,0,Deep Threat - WR,"https://ratings-images-prod.pulse.ea.com/madden-nfl-26/portraits/10770.png?im=FaceCrop,padding=0.7",https://drop-assets.ea.com/images/1SoIzWJtk28ygwNAPEMRnf/deaee9a60ace23f7eaeaf4275c2282b0/15.png,93,82,86,84,66,68,77,36,31,70,75,77,84,83,73,29,33,36,92,71,22,30,76,25,60,71,69,20,17,26,16,35,28,25,40,67,39,20,18,Default Stride Loose,70,75,93,69,37,42,15,22,25,16,29,33,91,45,32
14881,Jordan,Jefferson,Defensive Tackle,DT,Cincinnati Bengals,2,69,23,LSU,75,305,94,1,,"https://ratings-images-prod.pulse.ea.com/madden-nfl-26/portraits/10123.png?im=FaceCrop,padding=0.7",https://drop-assets.ea.com/images/5oemvWKqCFgBCkCI4h9A2U/0629c6d345fe01a14ba9f40554fd182e/2.png,72,67,76,80,91,60,16,73,12,14,24,13,22,50,3,65,83,87,90,16,15,15,30,53,13,5,69,52,53,55,6,64,71,14,73,12,45,45,45,Default Stride Awkward,10,13,69,13,26,81,6,6,6,6,15,10,87,35,18
23266,Josh,Hayes,Cornerback,CB,Tampa Bay Buccaneers,6,69,26,Kansas State,72,190,32,2,Manto Man - CB,"https://ratings-images-prod.pulse.ea.com/madden-nfl-26/portraits/10464.png?im=FaceCrop,padding=0.7",https://drop-assets.ea.com/images/1L5Fn21WqZN9jcLucGYg4c/ce29db9b9b4775d4e8fc337bf5c65027/6.png,91,81,78,88,58,69,66,45,10,60,55,57,67,77,10,36,79,44,87,67,15,21,50,21,71,11,69,35,35,35,6,73,31,67,74,39,35,35,35,Default Stride Loose,21,64,91,62,35,53,6,6,6,6,27,16,86,40,69
22835,Josh,Whyle,Tight End,TE,Green Bay Packers,20,69,25,Cincinnati,79,248,81,2,Vertical Threat - TE,"https://ratings-images-prod.pulse.ea.com/madden-nfl-26/portraits/2475.png?im=FaceCrop,padding=0.7",https://drop-assets.ea.com/images/4ztQk5XogdkrJe6reVd3h8/16ecf8a0f4caf228c6e54ad0f8e17425/20.png,85,83,85,84,71,70,77,41,13,60,71,75,84,71,52,10,38,66,84,71,14,18,15,55,10,61,69,60,60,57,6,18,10,17,43,61,62,60,56,Long Stride Loose,65,78,83,62,61,37,6,10,15,10,30,15,81,66,15
1448,Josh,Butler,Cornerback,CB,Dallas Cowboys,11,69,28,Michigan St.,71,182,31,2,Zone - CB,"https://ratings-images-prod.pulse.ea.com/madden-nfl-26/portraits/10881.png?im=FaceCrop,padding=0.7",https://drop-assets.ea.com/images/4fzYNoreZSo04KbSHo3Sqn/0855e78441c821f956abac278f04abb7/11.png,93,83,86,80,56,65,65,48,22,53,54,51,60,85,8,33,58,44,85,72,11,12,42,15,68,15,69,26,19,21,12,62,28,68,71,20,30,23,24,Default Stride Loose,20,51,91,64,35,61,15,21,24,14,21,14,78,43,72
4706,Kai,Kroeger,Punter,P,New Orleans Saints,27,69,23,South Carolina,75,213,32,0,Power - KP,,https://drop-assets.ea.com/images/5beev0Bk7MVWyDSbEqr75u/837fe770a82d43aa3028a13988d8baf3/27.png,82,66,70,81,53,52,15,13,21,14,45,14,31,58,11,10,24,15,88,14,75,91,10,15,10,11,69,16,14,13,25,18,10,10,27,15,12,12,11,Long Stride Awkward,15,14,80,10,10,29,25,30,35,24,38,14,76,16,10
15036,Kalel,Mullings,Halfback,HB,Tennessee Titans,30,69,22,Michigan,74,226,31,0,Power Back - HB,"https://ratings-images-prod.pulse.ea.com/madden-nfl-26/portraits/10673.png?im=FaceCrop,padding=0.7",https://drop-assets.ea.com/images/2YxvlDMaJsJwNQ4lS7qdCQ/d850f60dcbdcd71fb162eb55a46c7969/30.png,91,79,75,82,79,64,80,63,30,76,93,48,61,77,35,40,62,50,88,76,30,26,75,44,55,44,69,50,43,49,25,23,46,53,70,41,45,36,32,Default Stride High and Tight,51,48,87,72,79,62,25,32,37,29,42,25,90,83,62
21550,Kendrick,Green,Right Guard,RG,Cleveland Browns,5,69,26,Illinois,76,315,52,4,Agile - G,"https://ratings-images-prod.pulse.ea.com/madden-nfl-26/portraits/718.png?im=FaceCrop,padding=0.7",https://drop-assets.ea.com/images/4qbblHggBjaH9o46kyGeFo/27cab0f308b54edbd469e9b20cb506f7/5.png,80,58,85,85,86,79,13,48,12,9,29,15,23,56,5,24,33,86,84,10,11,11,10,83,12,5,69,67,70,65,6,26,45,10,41,15,72,74,70,Long Stride Default,10,16,75,10,12,48,6,6,6,6,25,11,79,25,12
20409,Khalen,Saunders,Defensive Tackle,DT,NY Jets,18,69,29,W. Illinois,72,324,99,6,,"https://ratings-images-prod.pulse.ea.com/madden-nfl-26/portraits/9620.png?im=FaceCrop,padding=0.7",https://drop-assets.ea.com/images/7M46e9acznPLjtJlC7FaWV/ef5cfc9e8306cbdae723a5f7e809b0fd/18.png,76,67,75,69,84,70,48,74,12,45,49,39,49,59,20,72,77,86,83,34,12,18,10,49,18,23,69,45,45,45,6,68,65,11,77,28,45,45,45,Long Stride Default,28,49,72,22,39,81,6,6,6,6,25,12,87,58,27
1071,Kiran,Amegadjie,Right Guard,RG,Chicago Bears,1,69,23,Yale,77,326,72,1,Power - G,"https://ratings-images-prod.pulse.ea.com/madden-nfl-26/portraits/9999.png?im=FaceCrop,padding=0.7",https://drop-assets.ea.com/images/6jaEsYrn1V45DziwibpsDk/ed66ad67e63f08a3a7c25ce951dbf5b9/1.png,74,69,72,83,88,69,30,30,12,20,32,34,37,55,14,21,35,82,91,15,25,25,10,82,15,21,69,72,70,72,13,20,36,11,27,25,73,73,72,Long Stride Awkward,24,32,70,15,34,33,19,21,25,12,24,11,79,40,14
15183,Kyle,Kennard,Left Edge,LEDG,Los Angeles Chargers,8,69,23,South Carolina,77,254,54,0,Run Stopper - DE,"https://ratings-images-prod.pulse.ea.com/madden-nfl-26/portraits/10623.png?im=FaceCrop,padding=0.7",https://drop-assets.ea.com/images/1nyokQ4GLHKjmDL5IorxkB/29267d1765bd7f27730a007e1b070ec4/8.png,86,75,81,82,78,68,42,76,12,22,45,35,48,68,19,70,80,78,91,35,25,21,27,24,45,19,69,45,45,45,10,68,62,34,80,14,45,45,45,Long Stride Default,19,41,81,28,28,78,7,10,18,12,23,14,87,31,54
21624,Kylen,Granson,Tight End,TE,Philadelphia Eagles,13,69,27,SMU,74,242,83,4,Vertical Threat - TE,"https://ratings-images-prod.pulse.ea.com/madden-nfl-26/portraits/1383.png?im=FaceCrop,padding=0.7",https://drop-assets.ea.com/images/1Nt5pFCpjcBcADzHRbwfIk/ce90f9cb564aef7cc30cf1dd88c84150/13.png,88,81,87,84,69,69,76,37,20,65,74,77,79,75,58,10,29,63,92,71,17,20,33,54,11,59,69,60,56,59,7,20,10,16,41,67,59,59,55,Long Stride Default,64,78,85,64,70,38,5,10,15,10,27,10,83,71,19
21951,LaCale,London,Defensive Tackle,DT,Atlanta Falcons,14,69,28,W. Illinois,75,297,94,5,,"https://ratings-images-prod.pulse.ea.com/madden-nfl-26/portraits/970.png?im=FaceCrop,padding=0.7",https://drop-assets.ea.com/images/3NTxf2X9VWdF6aL91pHAVu/6002a1f3e761a58c3b00f0e08bdccf5f/14.png,77,66,79,73,83,69,22,74,12,15,28,16,25,51,3,61,78,80,87,20,15,22,16,20,16,5,69,45,45,45,6,71,73,12,76,13,45,45,45,Long Stride Loose,10,16,72,18,29,78,6,6,6,6,24,14,81,26,22
1153,Levi Drake,Rodriguez,Defensive Tackle,DT,Minnesota Vikings,31,69,25,Texas AM-Commerce,76,290,50,1,,"https://ratings-images-prod.pulse.ea.com/madden-nfl-26/portraits/10384.png?im=FaceCrop,padding=0.7",https://drop-assets.ea.com/images/bzuWJaOZo5LCC4SwdbVzx/f6dc0006f59641745e50721d0d8c9d38/31.png,64,63,66,84,84,69,33,76,12,24,26,18,42,58,4,70,81,82,90,31,12,16,10,18,21,8,69,45,45,45,9,69,68,25,76,15,45,45,45,Default Stride Awkward,15,15,72,21,34,81,9,9,9,9,20,17,85,32,28
20501,Lil'Jordan,Humphrey,Wide Receiver,WR,Denver Broncos,4,69,27,Texas,76,225,17,6,Physical - WR,"https://ratings-images-prod.pulse.ea.com/madden-nfl-26/portraits/9511.png?im=FaceCrop,padding=0.7",https://drop-assets.ea.com/images/4AYKY9OcX1CYbyMFBnvM8/ac07a8ff525004f92014e3259708acdf/4.png,83,79,85,80,67,77,78,27,30,77,74,83,84,79,67,10,28,44,88,76,12,17,75,20,12,70,69,29,18,20,24,16,10,16,30,73,55,14,24,Long Stride Default,72,83,84,74,71,31,27,31,37,29,40,23,80,61,19
22843,Luke,Schoonmaker,Tight End,TE,Dallas Cowboys,11,69,26,Michigan,77,250,86,2,Possession - TE,"https://ratings-images-prod.pulse.ea.com/madden-nfl-26/portraits/2384.png?im=FaceCrop,padding=0.7",https://drop-assets.ea.com/images/4fzYNoreZSo04KbSHo3Sqn/0855e78441c821f956abac278f04abb7/11.png,88,89,87,81,72,66,73,43,13,53,73,80,80,76,52,25,47,66,88,60,14,18,15,57,34,57,69,61,57,61,6,40,18,34,55,63,64,59,63,Long Stride High and Tight,64,79,85,55,59,52,6,10,15,10,37,15,85,62,39
14859,Maason,Smith,Defensive Tackle,DT,Jacksonville Jaguars,17,69,22,LSU,78,310,94,1,,"https://ratings-images-prod.pulse.ea.com/madden-nfl-26/portraits/10250.png?im=FaceCrop,padding=0.7",https://drop-assets.ea.com/images/4s3Xa9huMY7IrNAc9h1TDa/9eb764bbfbbb6a2f651e3d44cdcfa103/17.png,75,64,76,80,83,64,38,77,12,14,46,10,39,58,2,71,81,84,83,35,20,30,10,14,24,3,69,45,45,45,6,62,72,19,79,20,45,45,45,Long Stride Awkward,10,15,72,45,52,84,6,6,6,6,28,15,86,54,47
14659,Malachi,Corley,Wide Receiver,WR,Cleveland Browns,5,69,23,W. Kentucky,71,207,83,1,,"https://ratings-images-prod.pulse.ea.com/madden-nfl-26/portraits/10461.png?im=FaceCrop,padding=0.7",https://drop-assets.ea.com/images/4qbblHggBjaH9o46kyGeFo/27cab0f308b54edbd469e9b20cb506f7/5.png,90,85,85,88,66,61,86,36,35,76,70,76,85,86,68,11,36,51,91,82,22,23,54,36,26,70,69,43,33,27,24,24,11,25,41,71,49,35,30,Short Stride Loose,73,79,88,74,64,40,22,28,36,31,42,26,87,60,31
21483,Marco,Wilson,Cornerback,CB,Cincinnati Bengals,2,69,26,Florida,71,191,24,4,Manto Man - CB,"https://ratings-images-prod.pulse.ea.com/madden-nfl-26/portraits/1124.png?im=FaceCrop,padding=0.7",https://drop-assets.ea.com/images/5oemvWKqCFgBCkCI4h9A2U/0629c6d345fe01a14ba9f40554fd182e/2.png,92,87,94,89,66,70,53,45,15,44,53,52,67,88,22,53,46,46,86,68,15,21,58,15,68,24,69,35,35,35,6,67,45,66,65,36,35,35,35,Short Stride Default,34,66,91,61,32,48,6,6,6,6,34,15,85,31,68
14860,McKinnley,Jackson,Defensive Tackle,DT,Cincinnati Bengals,2,69,23,Texas AM,74,330,93,1,,"https://ratings-images-prod.pulse.ea.com/madden-nfl-26/portraits/10118.png?im=FaceCrop,padding=0.7",https://drop-assets.ea.com/images/5oemvWKqCFgBCkCI4h9A2U/0629c6d345fe01a14ba9f40554fd182e/2.png,72,55,60,76,84,71,40,76,23,41,40,15,22,51,4,65,77,87,85,38,17,23,8,11,17,4,69,23,18,25,15,74,66,10,75,12,45,45,45,Default Stride Awkward,4,15,64,23,24,80,17,16,13,11,12,20,83,25,19
20541,Michael,Jordan,Left Guard,LG,Tampa Bay Buccaneers,6,69,27,Ohio State,78,315,60,6,Agile - G,"https://ratings-images-prod.pulse.ea.com/madden-nfl-26/portraits/9541.png?im=FaceCrop,padding=0.7",https://drop-assets.ea.com/images/1L5Fn21WqZN9jcLucGYg4c/ce29db9b9b4775d4e8fc337bf5c65027/6.png,61,59,79,83,79,75,10,15,12,9,40,10,30,51,10,10,20,81,90,10,22,24,10,80,12,10,69,76,78,74,6,10,10,10,23,12,72,74,71,Default Stride Awkward,10,12,69,10,25,34,6,6,6,6,25,13,84,25,15
15132,Miles,Frazier,Left Guard,LG,Detroit Lions,19,69,23,LSU,78,317,71,0,Power - G,"https://ratings-images-prod.pulse.ea.com/madden-nfl-26/portraits/10556.png?im=FaceCrop,padding=0.7",https://drop-assets.ea.com/images/7cuE4tZcli1uQyZbvXWMrd/a2df9decdab28170691ca6631dd62139/19.png,71,59,58,90,89,70,29,42,15,30,37,43,43,53,26,38,36,83,91,24,14,16,10,80,22,30,69,71,69,72,6,29,42,10,28,28,72,70,73,Long Stride Awkward,34,46,64,24,38,28,6,6,6,6,21,13,88,28,24
15103,Mitchell,Evans,Tight End,TE,Carolina Panthers,21,69,22,Notre Dame,77,253,84,0,Possession - TE,"https://ratings-images-prod.pulse.ea.com/madden-nfl-26/portraits/10794.png?im=FaceCrop,padding=0.7",https://drop-assets.ea.com/images/4Klf6KKhbnVi5RaARK1OiL/13a917c75c0fbc4edb0eb018cb757d8d/21.png,85,79,81,84,73,68,72,38,35,67,69,80,80,70,59,33,40,67,78,67,28,23,25,54,29,60,69,57,53,57,30,34,30,19,38,65,62,58,58,Long Stride Default,67,78,81,63,62,38,20,25,30,35,41,31,80,67,34
14963,Nehemiah,Pritchett,Cornerback,CB,Seattle Seahawks,28,69,24,Auburn,72,190,28,1,Zone - CB,"https://ratings-images-prod.pulse.ea.com/madden-nfl-26/portraits/10215.png?im=FaceCrop,padding=0.7",https://drop-assets.ea.com/images/2WrGCB8Atuo0aZ4MbstBrI/bbe9263ce111287adcef479efbc72160/28.png,92,85,83,85,50,64,67,44,21,66,55,50,62,86,25,32,55,42,89,71,18,22,83,14,66,30,69,30,21,22,9,62,23,74,69,42,35,24,25,Default Stride High and Tight,35,58,94,65,43,53,6,8,12,6,24,10,75,23,73
22979,Nick,Hampton,Right Edge,REDG,Los Angeles Rams,24,69,25,Appalach. St.,74,250,6,2,Smaller Speed Rusher - DE,"https://ratings-images-prod.pulse.ea.com/madden-nfl-26/portraits/2180.png?im=FaceCrop,padding=0.7",https://drop-assets.ea.com/images/wS8JnLBEBj9eq68rO1qTb/b7b5285ad842936bc21bb149eb8c31b8/24.png,92,83,85,76,65,62,43,68,23,23,45,40,40,69,15,66,80,66,87,55,13,14,15,25,44,20,69,35,35,35,11,63,67,47,83,12,40,40,40,Default Stride Loose,20,39,86,47,45,78,14,17,22,19,31,9,88,33,52
10939,Nick,Bellore,Weak Backer,WILL,Washington Commanders,26,69,36,Central Michigan,73,250,57,14,Run Stopper - OLB,"https://ratings-images-prod.pulse.ea.com/madden-nfl-26/portraits/4947.png?im=FaceCrop,padding=0.7",https://drop-assets.ea.com/images/42h6FyIuthDAiH4cTWUXRH/bb952a9252013b5bfdf77ac3f4011601/RatingsteamcrestWashingtonCommanders256.png,80,79,79,78,80,71,50,67,12,28,68,47,61,76,33,50,73,67,87,56,16,20,10,77,58,40,69,66,38,43,6,68,64,50,76,41,63,53,57,Default Stride Awkward,52,40,85,48,55,83,6,6,6,6,25,10,80,60,70
13196,Oren,Burks,Weak Backer,WILL,Cincinnati Bengals,2,69,30,Vanderbilt,75,233,42,7,Run Stopper - OLB,"https://ratings-images-prod.pulse.ea.com/madden-nfl-26/portraits/8829.png?im=FaceCrop,padding=0.7",https://drop-assets.ea.com/images/5oemvWKqCFgBCkCI4h9A2U/0629c6d345fe01a14ba9f40554fd182e/2.png,86,84,89,85,72,73,41,66,12,21,63,52,70,74,5,60,83,71,90,49,13,18,10,18,58,5,69,45,45,45,6,71,51,53,81,12,45,45,45,Default,15,49,87,38,33,78,6,6,6,6,16,10,92,42,65
12673,Pharaoh,Brown,Tight End,TE,Arizona Cardinals,7,69,31,Oregon,77,246,49,8,Possession - TE,"https://ratings-images-prod.pulse.ea.com/madden-nfl-26/portraits/8493.png?im=FaceCrop,padding=0.7",https://drop-assets.ea.com/images/5NdzvrqrP3clJDBL6kdTmu/1f61914ff14c6f4be0240d71e622f9c6/7.png,77,73,83,86,75,64,70,26,15,66,74,79,83,66,56,27,39,70,86,74,19,24,15,56,12,61,69,62,58,62,6,18,20,15,33,68,65,64,61,Long Stride Loose,66,78,80,66,71,35,6,10,15,10,25,10,71,62,17
22167,Phidarian,Mathis,Defensive Tackle,DT,Buffalo Bills,3,69,27,Alabama,76,312,72,3,,"https://ratings-images-prod.pulse.ea.com/madden-nfl-26/portraits/1826.png?im=FaceCrop,padding=0.7",https://drop-assets.ea.com/images/212FXcpkDUjs9ZJpZ038pM/676904f80719bc724267b7eb5609c6af/3.png,69,56,61,76,89,68,25,74,15,20,25,15,24,50,9,60,75,87,88,20,12,15,10,31,15,12,69,45,45,45,6,66,71,10,76,8,45,45,45,Long Stride Loose,15,20,63,19,39,83,6,6,6,6,22,11,84,34,20
15190,Que,Robinson,Right Edge,REDG,Denver Broncos,4,69,24,Alabama,76,243,51,0,Smaller Speed Rusher - DE,"https://ratings-images-prod.pulse.ea.com/madden-nfl-26/portraits/10710.png?im=FaceCrop,padding=0.7",https://drop-assets.ea.com/images/4AYKY9OcX1CYbyMFBnvM8/ac07a8ff525004f92014e3259708acdf/4.png,88,80,83,87,73,69,42,67,23,28,52,46,56,74,17,66,78,74,87,46,20,22,10,27,59,20,69,45,45,45,6,67,61,51,82,24,45,45,45,Long Stride Bread Loaf,25,50,84,40,36,79,6,6,6,6,23,12,88,32,62
15032,Raheim,Sanders,Halfback,HB,Cleveland Browns,5,69,22,South Carolina,72,217,35,0,Elusive Back - HB,"https://ratings-images-prod.pulse.ea.com/madden-nfl-26/portraits/10717.png?im=FaceCrop,padding=0.7",https://drop-assets.ea.com/images/4qbblHggBjaH9o46kyGeFo/27cab0f308b54edbd469e9b20cb506f7/5.png,89,84,87,85,72,69,78,37,28,79,88,51,67,84,42,31,32,55,83,80,19,22,64,35,25,52,69,49,37,35,21,39,27,27,34,48,37,30,28,Default,60,49,90,70,74,34,10,15,18,16,22,21,82,78,31
14638,Rasheen,Ali,Halfback,HB,Baltimore Ravens,25,69,24,Marshall,71,206,26,1,Elusive Back - HB,"https://ratings-images-prod.pulse.ea.com/madden-nfl-26/portraits/9995.png?im=FaceCrop,padding=0.7",https://drop-assets.ea.com/images/3zZnTQ4izXUrnVi3ryTBcm/a12a28ccd2af4c0a0930b58db73552a7/25.png,92,86,81,89,74,69,78,31,23,73,83,53,67,85,45,10,27,34,80,76,14,19,77,28,15,54,69,46,31,35,13,20,10,17,34,49,30,24,25,Default,61,53,92,71,69,35,12,15,21,15,25,11,80,69,20
21702,Robert,Rochell,Cornerback,CB,Carolina Panthers,21,69,27,Central Arkansas,74,195,33,4,Zone - CB,"https://ratings-images-prod.pulse.ea.com/madden-nfl-26/portraits/1327.png?im=FaceCrop,padding=0.7",https://drop-assets.ea.com/images/4Klf6KKhbnVi5RaARK1OiL/13a917c75c0fbc4edb0eb018cb757d8d/21.png,92,91,94,88,55,69,65,41,10,44,59,53,66,90,26,33,49,42,87,74,20,20,59,13,64,31,69,35,35,35,6,67,26,64,61,33,35,35,35,Default Stride Loose,36,63,92,67,34,52,6,6,6,6,35,11,72,35,69
15324,Robert,Longerbeam,Cornerback,CB,Baltimore Ravens,25,69,24,Rutgers,71,175,37,0,Manto Man - CB,"https://ratings-images-prod.pulse.ea.com/madden-nfl-26/portraits/10637.png?im=FaceCrop,padding=0.7",https://drop-assets.ea.com/images/3zZnTQ4izXUrnVi3ryTBcm/a12a28ccd2af4c0a0930b58db73552a7/25.png,92,85,87,88,57,65,76,42,46,52,60,60,73,87,15,27,46,42,85,73,30,24,45,25,69,18,69,35,35,25,41,64,23,65,71,25,35,35,25,Short Stride Default,20,66,93,62,39,47,41,44,48,49,48,41,85,34,68
11217,Russell,Wilson,Quarterback,QB,NY Giants,16,69,36,Wisconsin,71,215,3,13,Scrambler - QB,"https://ratings-images-prod.pulse.ea.com/madden-nfl-26/portraits/5566.png?im=FaceCrop,padding=0.7",https://drop-assets.ea.com/images/5hloGwLNaCrg2IBn0CoWVb/b5996a802009a4252f992182bd9acf85/16.png,84,87,82,94,59,56,78,16,80,65,64,35,68,86,11,10,12,37,97,70,19,10,10,37,15,21,69,10,10,10,84,26,10,10,47,25,45,35,38,Default,31,42,84,75,66,26,82,79,86,80,90,74,98,38,14
15215,Rylie,Mills,Defensive Tackle,DT,Seattle Seahawks,28,69,24,Notre Dame,77,296,98,0,,"https://ratings-images-prod.pulse.ea.com/madden-nfl-26/portraits/10663.png?im=FaceCrop,padding=0.7",https://drop-assets.ea.com/images/2WrGCB8Atuo0aZ4MbstBrI/bbe9263ce111287adcef479efbc72160/28.png,77,66,66,83,84,65,42,76,16,45,44,18,24,61,12,63,75,86,87,33,22,25,29,25,18,15,69,45,45,45,12,62,76,15,78,19,45,45,45,Long Stride Awkward,17,22,73,29,46,81,8,10,15,14,12,11,85,49,19
20930,Salvon,Ahmed,Halfback,HB,Indianapolis Colts,10,69,26,Washington,71,197,36,5,Elusive Back - HB,"https://ratings-images-prod.pulse.ea.com/madden-nfl-26/portraits/70.png?im=FaceCrop,padding=0.7",https://drop-assets.ea.com/images/5yTvAS7xG5Z8qw65gMLzSU/037cfcd90e26ee06666a24d762791f65/10.png,91,83,83,84,62,68,77,30,24,77,86,47,65,81,50,12,20,36,87,81,10,16,75,37,31,53,69,54,30,35,15,30,10,22,41,46,30,23,19,Default Stride Loose,56,44,91,73,63,31,15,20,25,15,30,20,83,61,27
21401,Sam,Franklin Jr,Free Safety,FS,Buffalo Bills,3,69,29,Temple,75,210,28,5,Zone - S,"https://ratings-images-prod.pulse.ea.com/madden-nfl-26/portraits/1431.png?im=FaceCrop,padding=0.7",https://drop-assets.ea.com/images/212FXcpkDUjs9ZJpZ038pM/676904f80719bc724267b7eb5609c6af/3.png,88,84,85,87,66,73,68,59,14,49,57,64,68,79,29,58,78,62,89,73,17,18,45,19,65,38,69,35,34,33,6,72,50,59,73,40,35,34,33,Default Stride Loose,41,62,86,62,50,63,6,6,6,6,27,19,79,39,70
23268,Scott,Matlock,Fullback,FB,Los Angeles Chargers,8,69,25,Boise State,76,296,44,2,Blocking - FB,"https://ratings-images-prod.pulse.ea.com/madden-nfl-26/portraits/4689.png?im=FaceCrop,padding=0.7",https://drop-assets.ea.com/images/1nyokQ4GLHKjmDL5IorxkB/29267d1765bd7f27730a007e1b070ec4/8.png,81,73,73,74,85,72,26,67,13,30,70,55,68,61,39,64,77,78,90,41,16,18,10,87,15,48,69,66,51,55,8,67,70,20,79,48,70,58,61,Default Stride Awkward,58,56,74,35,35,76,7,10,13,7,22,9,79,40,19
4626,Shaun,Dolac,Weak Backer,WILL,Los Angeles Rams,24,69,23,Buffalo,73,225,56,0,Run Stopper - OLB,"https://ratings-images-prod.pulse.ea.com/madden-nfl-26/portraits/11085.png?im=FaceCrop,padding=0.7",https://drop-assets.ea.com/images/wS8JnLBEBj9eq68rO1qTb/b7b5285ad842936bc21bb149eb8c31b8/24.png,93,86,85,87,73,67,43,65,22,37,59,46,46,82,20,53,80,72,86,41,17,23,10,25,56,25,69,45,45,45,6,68,49,46,81,25,45,45,45,Default Stride Loose,32,48,85,44,45,81,6,6,6,6,24,12,86,45,62
14770,Shedeur,Sanders,Quarterback,QB,Cleveland Browns,5,69,23,Colorado,74,212,12,0,Scrambler - QB,"https://ratings-images-prod.pulse.ea.com/madden-nfl-26/portraits/10718.png?im=FaceCrop,padding=0.7",https://drop-assets.ea.com/images/4qbblHggBjaH9o46kyGeFo/27cab0f308b54edbd469e9b20cb506f7/5.png,81,81,75,92,65,64,76,36,81,68,61,25,32,79,18,34,33,23,94,65,27,21,22,26,31,15,69,27,27,30,81,42,35,32,33,25,15,27,30,Default Stride Loose,21,26,78,58,52,37,82,79,84,83,88,76,96,50,32
15247,Smael,Mondon Jr,Weak Backer,WILL,Philadelphia Eagles,13,69,22,Georgia,74,224,42,0,Run Stopper - OLB,"https://ratings-images-prod.pulse.ea.com/madden-nfl-26/portraits/10667.png?im=FaceCrop,padding=0.7",https://drop-assets.ea.com/images/1Nt5pFCpjcBcADzHRbwfIk/ce90f9cb564aef7cc30cf1dd88c84150/13.png,92,83,82,86,70,68,48,68,32,37,59,47,52,78,22,53,80,70,85,46,17,21,10,22,56,25,69,45,45,45,16,67,51,50,80,23,45,45,45,Default Stride High and Tight,28,48,86,45,41,81,19,22,25,30,26,19,92,41,65
22890,T.J.,Bass,Right Guard,RG,Dallas Cowboys,11,69,26,Oregon,76,325,66,2,Power - G,"https://ratings-images-prod.pulse.ea.com/madden-nfl-26/portraits/2809.png?im=FaceCrop,padding=0.7",https://drop-assets.ea.com/images/4fzYNoreZSo04KbSHo3Sqn/0855e78441c821f956abac278f04abb7/11.png,71,52,71,82,85,70,41,43,18,40,50,40,45,47,30,41,52,79,92,41,11,15,9,79,12,37,69,73,72,76,6,46,55,10,52,42,71,70,75,Default Stride Awkward,42,42,56,35,45,47,6,6,6,6,18,14,87,45,14
23152,Terell,Smith,Cornerback,CB,Chicago Bears,1,69,26,Minnesota,72,204,32,2,Zone - CB,"https://ratings-images-prod.pulse.ea.com/madden-nfl-26/portraits/2403.png?im=FaceCrop,padding=0.7",https://drop-assets.ea.com/images/6jaEsYrn1V45DziwibpsDk/ed66ad67e63f08a3a7c25ce951dbf5b9/1.png,95,83,82,89,63,64,70,56,14,67,56,58,65,81,16,45,79,58,87,70,11,19,66,25,63,26,69,35,35,35,6,65,35,76,74,25,35,35,35,Long Stride Loose,33,63,92,65,58,64,6,6,6,6,26,12,85,48,70
20640,Travis,Homer,Halfback,HB,Chicago Bears,1,69,27,Miami,70,211,21,6,Elusive Back - HB,"https://ratings-images-prod.pulse.ea.com/madden-nfl-26/portraits/9507.png?im=FaceCrop,padding=0.7",https://drop-assets.ea.com/images/6jaEsYrn1V45DziwibpsDk/ed66ad67e63f08a3a7c25ce951dbf5b9/1.png,93,81,90,83,62,73,76,38,23,74,84,53,69,83,45,10,32,46,90,81,14,19,73,37,15,52,69,55,36,41,13,20,10,17,39,53,34,24,25,Default Stride High and Tight,60,50,91,71,65,35,12,15,21,15,25,11,82,72,20
20678,Trey,Pipkins III,Right Tackle,RT,Los Angeles Chargers,8,69,28,Sioux Falls,78,307,79,6,Power - OT,"https://ratings-images-prod.pulse.ea.com/madden-nfl-26/portraits/9598.png?im=FaceCrop,padding=0.7",https://drop-assets.ea.com/images/1nyokQ4GLHKjmDL5IorxkB/29267d1765bd7f27730a007e1b070ec4/8.png,74,64,81,84,83,82,10,40,12,5,42,34,47,53,15,30,35,82,88,10,11,21,10,78,12,20,69,72,70,74,6,24,40,10,35,37,73,75,72,Long Stride Awkward,26,32,69,10,10,40,6,6,6,6,16,13,85,21,12
22052,Tyler,Badie,Halfback,HB,Denver Broncos,4,69,25,Missouri,68,197,28,3,Elusive Back - HB,"https://ratings-images-prod.pulse.ea.com/madden-nfl-26/portraits/1152.png?im=FaceCrop,padding=0.7",https://drop-assets.ea.com/images/4AYKY9OcX1CYbyMFBnvM8/ac07a8ff525004f92014e3259708acdf/4.png,94,83,81,87,74,68,76,30,23,75,90,53,69,82,52,10,31,37,87,76,15,18,72,38,19,58,69,57,28,23,14,24,10,20,36,55,39,27,21,Default,62,55,90,72,70,34,10,15,20,17,25,12,85,76,28
15185,Tyler,Baron,Left Edge,LEDG,NY Jets,18,69,23,Miami,77,258,94,0,Power Rusher - DE,"https://ratings-images-prod.pulse.ea.com/madden-nfl-26/portraits/10484.png?im=FaceCrop,padding=0.7",https://drop-assets.ea.com/images/7M46e9acznPLjtJlC7FaWV/ef5cfc9e8306cbdae723a5f7e809b0fd/18.png,89,73,84,76,76,69,33,78,22,24,44,29,36,65,6,68,81,77,86,30,21,19,27,27,31,10,69,45,45,45,15,67,72,26,76,20,45,45,45,Long Stride Loose,15,27,85,30,31,77,19,10,16,13,12,15,82,24,38
9712,Tyrell,Shavers,Wide Receiver,WR,Buffalo Bills,3,69,26,San Diego St.,76,211,14,2,,"https://ratings-images-prod.pulse.ea.com/madden-nfl-26/portraits/10962.png?im=FaceCrop,padding=0.7",https://drop-assets.ea.com/images/212FXcpkDUjs9ZJpZ038pM/676904f80719bc724267b7eb5609c6af/3.png,88,79,82,83,55,73,79,26,29,75,69,78,81,83,69,12,27,41,86,81,19,23,53,21,21,71,69,30,11,10,17,27,10,26,38,63,45,25,30,Long Stride Default,73,80,91,74,41,28,19,22,26,29,30,19,85,39,25
10583,Tyrod,Taylor,Quarterback,QB,NY Jets,18,69,36,Virginia Tech,73,217,2,14,Scrambler - QB,"https://ratings-images-prod.pulse.ea.com/madden-nfl-26/portraits/4490.png?im=FaceCrop,padding=0.7",https://drop-assets.ea.com/images/7M46e9acznPLjtJlC7FaWV/ef5cfc9e8306cbdae723a5f7e809b0fd/18.png,86,86,85,75,57,66,84,25,76,71,66,54,63,83,15,10,12,34,82,72,17,19,15,25,18,24,69,23,20,18,77,20,10,15,35,33,20,15,15,Default,35,55,86,69,60,37,78,77,83,80,87,79,80,42,25
22202,Ventrell,Miller,Mike Backer,MIKE,Jacksonville Jaguars,17,69,26,Florida,72,221,51,2,Field General - MLB,"https://ratings-images-prod.pulse.ea.com/madden-nfl-26/portraits/2311.png?im=FaceCrop,padding=0.7",https://drop-assets.ea.com/images/4s3Xa9huMY7IrNAc9h1TDa/9eb764bbfbbb6a2f651e3d44cdcfa103/17.png,87,76,80,85,74,71,62,67,12,49,55,52,58,72,6,49,85,78,82,55,14,15,10,36,61,8,69,35,35,35,5,73,54,48,80,25,45,45,45,Short Stride Loose,15,54,83,48,45,78,7,11,14,6,17,13,90,45,69
22869,Wanya,Morris,Left Tackle,LT,Kansas City Chiefs,9,69,24,Oklahoma,77,307,64,2,Agile - OT,"https://ratings-images-prod.pulse.ea.com/madden-nfl-26/portraits/2321.png?im=FaceCrop,padding=0.7",https://drop-assets.ea.com/images/3g9AewmTPjE4A7yc2tobiZ/20b6502896df3893414233cb5fe1b803/9.png,70,63,71,84,83,74,13,33,14,11,20,17,23,57,5,10,29,77,86,15,10,12,10,86,12,7,69,71,68,74,6,10,10,13,36,15,77,82,73,Long Stride Awkward,16,15,69,12,22,30,7,7,7,7,21,7,87,28,12
21162,A.J.,Green III,Cornerback,CB,Miami Dolphins,12,68,27,Oklahoma St.,74,198,24,5,Zone - CB,"https://ratings-images-prod.pulse.ea.com/madden-nfl-26/portraits/304.png?im=FaceCrop,padding=0.7",https://drop-assets.ea.com/images/1rcCzp9f3OyZFzRBRFJVpC/8dc08dce09c05a748587769908cd710c/12.png,90,80,82,87,59,72,50,42,10,39,54,57,66,81,11,27,52,48,90,70,17,18,40,15,67,16,68,10,34,33,6,68,26,75,71,27,15,34,33,Default Stride Loose,26,56,86,62,32,57,6,6,6,6,27,11,78,26,72
20526,Andrew,Beck,Fullback,FB,NY Jets,18,68,29,Texas,75,255,47,6,Utility - FB,"https://ratings-images-prod.pulse.ea.com/madden-nfl-26/portraits/89.png?im=FaceCrop,padding=0.7",https://drop-assets.ea.com/images/7M46e9acznPLjtJlC7FaWV/ef5cfc9e8306cbdae723a5f7e809b0fd/18.png,87,78,82,80,77,57,69,47,15,64,67,65,72,75,52,20,36,66,84,64,15,22,70,66,31,57,68,62,52,55,6,40,35,26,52,60,63,63,59,Default Stride Loose,63,66,86,57,65,47,6,10,15,10,30,15,88,67,37
15087,Arian,Smith,Wide Receiver,WR,NY Jets,18,68,23,Georgia,72,179,82,0,,"https://ratings-images-prod.pulse.ea.com/madden-nfl-26/portraits/10734.png?im=FaceCrop,padding=0.7",https://drop-assets.ea.com/images/7M46e9acznPLjtJlC7FaWV/ef5cfc9e8306cbdae723a5f7e809b0fd/18.png,91,90,89,81,64,71,74,30,32,69,71,71,75,89,71,24,24,41,86,72,21,19,68,24,68,70,68,25,15,24,21,45,23,30,29,66,44,27,17,Default Stride Loose,71,71,94,68,38,31,15,10,7,7,12,31,83,41,51
21132,Benito,Jones,Defensive Tackle,DT,Miami Dolphins,12,68,27,Ole Miss,73,329,95,5,,"https://ratings-images-prod.pulse.ea.com/madden-nfl-26/portraits/406.png?im=FaceCrop,padding=0.7",https://drop-assets.ea.com/images/1rcCzp9f3OyZFzRBRFJVpC/8dc08dce09c05a748587769908cd710c/12.png,68,52,67,77,86,74,30,73,12,17,25,24,37,46,3,72,78,83,85,26,20,20,10,36,20,5,68,45,45,45,6,71,65,20,75,12,45,45,45,Default Stride Awkward,13,31,69,19,36,79,6,6,6,6,23,10,93,47,28
21562,Brevin,Jordan,Tight End,TE,Houston Texans,32,68,25,Miami,75,245,9,4,Vertical Threat - TE,"https://ratings-images-prod.pulse.ea.com/madden-nfl-26/portraits/1379.png?im=FaceCrop,padding=0.7",https://drop-assets.ea.com/images/4rWKgLRDGADEZ3pTbdrpW0/793a695de8ea5caf8f2e1b3973ae1b61/32.png,89,83,85,82,73,59,82,43,32,74,74,77,79,76,55,27,41,65,85,78,11,15,42,51,15,59,68,59,56,58,21,29,21,20,46,70,58,56,58,Default,65,78,86,71,66,43,28,31,39,30,42,26,78,67,19
1391,British,Brooks,Fullback,FB,Houston Texans,32,68,25,North Carolina,71,225,44,1,Utility - FB,"https://ratings-images-prod.pulse.ea.com/madden-nfl-26/portraits/10879.png?im=FaceCrop,padding=0.7",https://drop-assets.ea.com/images/4rWKgLRDGADEZ3pTbdrpW0/793a695de8ea5caf8f2e1b3973ae1b61/32.png,89,81,86,82,78,61,68,33,20,65,73,54,69,74,41,21,40,64,88,69,14,20,35,68,23,47,68,58,52,49,6,32,25,21,51,53,59,55,51,Default,51,51,86,60,71,39,6,6,6,6,25,10,85,69,32
22795,Bryce,Ford-Wheaton,Wide Receiver,WR,NY Giants,16,68,25,West Virginia,76,220,88,2,Physical - WR,"https://ratings-images-prod.pulse.ea.com/madden-nfl-26/portraits/10898.png?im=FaceCrop,padding=0.7",https://drop-assets.ea.com/images/5hloGwLNaCrg2IBn0CoWVb/b5996a802009a4252f992182bd9acf85/16.png,93,84,92,83,68,65,78,37,22,73,75,80,79,84,68,11,15,48,88,77,22,23,25,21,16,70,68,40,15,11,20,21,11,16,40,72,48,26,32,Long Stride Loose,72,82,92,63,65,38,18,19,21,23,37,22,83,53,24
4724,Brycen,Tremayne,Wide Receiver,WR,Carolina Panthers,21,68,25,Stanford,76,212,87,1,Slot - WR,"https://ratings-images-prod.pulse.ea.com/madden-nfl-26/portraits/11071.png?im=FaceCrop,padding=0.7",https://drop-assets.ea.com/images/4Klf6KKhbnVi5RaARK1OiL/13a917c75c0fbc4edb0eb018cb757d8d/21.png,90,87,81,85,68,69,78,27,19,71,71,78,82,83,68,10,22,45,87,74,19,15,45,28,10,71,68,27,17,21,10,22,10,14,31,67,47,30,23,Long Stride Default,72,79,87,68,47,29,11,13,15,15,24,17,86,44,17
17543,Carson,Wentz,Quarterback,QB,Minnesota Vikings,31,68,32,North Dakota St.,77,237,11,9,Strong Arm - QB,"https://ratings-images-prod.pulse.ea.com/madden-nfl-26/portraits/8258.png?im=FaceCrop,padding=0.7",https://drop-assets.ea.com/images/bzuWJaOZo5LCC4SwdbVzx/f6dc0006f59641745e50721d0d8c9d38/31.png,82,78,70,77,72,71,78,21,76,64,52,20,38,76,15,9,11,46,80,62,18,24,14,42,12,17,68,17,18,14,79,21,9,9,28,19,27,10,10,Default,18,20,81,47,55,30,78,77,80,76,89,74,92,61,18
22096,Charlie,Kolar,Tight End,TE,Baltimore Ravens,25,68,26,Iowa State,78,250,88,3,Vertical Threat - TE,"https://ratings-images-prod.pulse.ea.com/madden-nfl-26/portraits/1802.png?im=FaceCrop,padding=0.7",https://drop-assets.ea.com/images/3zZnTQ4izXUrnVi3ryTBcm/a12a28ccd2af4c0a0930b58db73552a7/25.png,84,81,85,84,68,67,74,36,16,55,72,76,80,74,58,15,32,58,91,64,14,15,15,55,12,62,68,58,57,55,6,22,17,10,38,65,61,60,57,Long Stride Default,66,82,83,66,60,33,6,10,15,10,29,10,92,63,15
23350,Chris,Brooks,Halfback,HB,Green Bay Packers,20,68,25,BYU,73,223,30,2,Elusive Back - HB,"https://ratings-images-prod.pulse.ea.com/madden-nfl-26/portraits/10369.png?im=FaceCrop,padding=0.7",https://drop-assets.ea.com/images/4ztQk5XogdkrJe6reVd3h8/16ecf8a0f4caf228c6e54ad0f8e17425/20.png,88,81,86,85,71,69,78,31,28,78,92,47,65,78,43,10,25,41,90,80,22,20,42,36,12,50,68,55,37,40,16,17,14,19,35,48,39,29,24,Default,56,49,89,72,74,28,10,15,20,10,32,18,88,78,18
20366,Chuma,Edoga,Right Guard,RG,Jacksonville Jaguars,17,68,28,USC,75,308,55,6,Agile - G,"https://ratings-images-prod.pulse.ea.com/madden-nfl-26/portraits/9446.png?im=FaceCrop,padding=0.7",https://drop-assets.ea.com/images/4s3Xa9huMY7IrNAc9h1TDa/9eb764bbfbbb6a2f651e3d44cdcfa103/17.png,67,66,63,83,84,75,20,26,12,9,24,21,29,54,5,10,35,77,83,10,30,40,6,81,12,7,68,69,71,67,6,15,10,10,27,15,72,75,69,Default Stride Awkward,17,16,70,10,30,36,6,6,6,6,23,3,79,28,15
20531,Cody,Ford,Right Tackle,RT,Cincinnati Bengals,2,68,28,Oklahoma,75,345,61,6,Power - OT,"https://ratings-images-prod.pulse.ea.com/madden-nfl-26/portraits/9459.png?im=FaceCrop,padding=0.7",https://drop-assets.ea.com/images/5oemvWKqCFgBCkCI4h9A2U/0629c6d345fe01a14ba9f40554fd182e/2.png,66,55,71,83,87,70,44,14,12,35,48,37,43,52,26,10,20,81,84,20,12,14,10,82,16,30,68,71,68,73,6,24,10,10,23,30,72,71,74,Default Stride Awkward,37,44,67,20,32,14,6,6,6,6,16,7,88,38,12
22177,Cory,Durden,Defensive Tackle,DT,New England Patriots,22,68,26,N.C. State,76,292,94,2,Speed Rusher - DT,"https://ratings-images-prod.pulse.ea.com/madden-nfl-26/portraits/10385.png?im=FaceCrop,padding=0.7",https://drop-assets.ea.com/images/6Z0rWjQfkWgvj8K58X0WfA/aaaaa7e6c313bdfc5e624309ba6dfc4e/22.png,63,66,76,73,79,76,38,70,12,16,40,31,40,54,4,78,85,78,89,26,15,15,10,33,26,8,68,35,35,35,6,74,74,23,77,13,45,45,45,Default Stride Awkward,16,31,65,18,42,82,6,6,6,6,19,14,82,36,29
22500,Daniel,Hardy,Right Edge,REDG,Chicago Bears,1,68,26,Montana State,75,240,92,3,Smaller Speed Rusher - DE,"https://ratings-images-prod.pulse.ea.com/madden-nfl-26/portraits/2522.png?im=FaceCrop,padding=0.7",https://drop-assets.ea.com/images/6jaEsYrn1V45DziwibpsDk/ed66ad67e63f08a3a7c25ce951dbf5b9/1.png,90,89,91,74,71,61,32,65,15,29,38,22,33,74,5,64,84,74,90,37,15,17,10,19,25,10,68,45,45,45,6,59,61,32,75,15,45,45,45,Default Stride Loose,15,25,83,33,38,81,6,6,6,6,23,12,78,35,36
23085,Daniel,Scott,Free Safety,FS,Indianapolis Colts,10,68,26,California,73,208,32,2,Hybrid - S,"https://ratings-images-prod.pulse.ea.com/madden-nfl-26/portraits/2385.png?im=FaceCrop,padding=0.7",https://drop-assets.ea.com/images/5yTvAS7xG5Z8qw65gMLzSU/037cfcd90e26ee06666a24d762791f65/10.png,93,91,93,88,67,64,67,47,17,55,60,61,70,86,39,55,67,49,89,72,21,25,55,20,70,41,68,30,30,30,16,60,47,67,65,48,35,35,35,Default Stride Loose,45,68,91,65,45,61,24,28,34,27,35,17,79,42,68
12799,Dare,Ogunbowale,Halfback,HB,Houston Texans,32,68,31,Wisconsin,71,205,33,8,Elusive Back - HB,"https://ratings-images-prod.pulse.ea.com/madden-nfl-26/portraits/8679.png?im=FaceCrop,padding=0.7",https://drop-assets.ea.com/images/4rWKgLRDGADEZ3pTbdrpW0/793a695de8ea5caf8f2e1b3973ae1b61/32.png,86,82,84,83,71,76,75,21,20,75,86,56,70,83,48,10,20,43,92,82,56,55,77,45,15,58,68,50,24,27,17,15,10,20,32,56,36,24,25,Short Stride Default,65,52,88,72,58,37,21,24,29,28,25,11,81,49,20
22114,Darian,Kinnard,Right Tackle,RT,Green Bay Packers,20,68,25,Kentucky,77,322,70,3,Power - OT,"https://ratings-images-prod.pulse.ea.com/madden-nfl-26/portraits/1799.png?im=FaceCrop,padding=0.7",https://drop-assets.ea.com/images/4ztQk5XogdkrJe6reVd3h8/16ecf8a0f4caf228c6e54ad0f8e17425/20.png,72,50,64,80,86,60,12,29,15,17,24,15,23,49,5,12,37,87,91,13,12,14,10,71,8,5,68,69,65,72,6,10,19,10,19,12,78,77,79,Default Stride Awkward,10,12,62,12,28,32,6,6,6,6,21,8,86,31,8
4727,Darius,Cooper,Wide Receiver,WR,Philadelphia Eagles,13,68,23,Tarleton State,71,210,80,0,,"https://ratings-images-prod.pulse.ea.com/madden-nfl-26/portraits/11088.png?im=FaceCrop,padding=0.7",https://drop-assets.ea.com/images/1Nt5pFCpjcBcADzHRbwfIk/ce90f9cb564aef7cc30cf1dd88c84150/13.png,91,81,88,88,65,64,77,24,20,73,72,79,80,85,75,11,34,44,91,77,22,23,54,26,18,73,68,30,33,27,21,24,11,22,32,68,48,35,30,Default,72,79,89,70,50,35,12,17,20,20,32,21,87,43,26
1732,David,Quessenberry,Right Tackle,RT,Los Angeles Rams,24,68,35,San Jose St.,77,310,68,8,Power - OT,"https://ratings-images-prod.pulse.ea.com/madden-nfl-26/portraits/6030.png?im=FaceCrop,padding=0.7",https://drop-assets.ea.com/images/wS8JnLBEBj9eq68rO1qTb/b7b5285ad842936bc21bb149eb8c31b8/24.png,68,62,73,93,85,83,10,39,12,9,64,57,62,54,21,15,20,79,92,10,21,22,10,83,13,29,68,68,66,72,6,20,25,10,29,45,73,75,71,Default Stride Awkward,39,54,68,10,19,41,6,6,6,6,30,10,80,20,15
22855,Dawand,Jones,Left Tackle,LT,Cleveland Browns,5,68,24,Ohio State,80,375,79,2,Power - OT,"https://ratings-images-prod.pulse.ea.com/madden-nfl-26/portraits/2248.png?im=FaceCrop,padding=0.7",https://drop-assets.ea.com/images/4qbblHggBjaH9o46kyGeFo/27cab0f308b54edbd469e9b20cb506f7/5.png,65,42,70,76,95,76,13,42,15,25,33,13,22,45,5,10,55,93,88,12,9,9,10,67,9,5,68,72,68,77,6,15,35,10,15,12,69,72,66,Long Stride Awkward,10,21,61,10,44,40,6,6,6,6,15,5,91,45,9
22491,Deane,Leonard,Cornerback,CB,Los Angeles Chargers,8,68,25,Ole Miss,72,195,33,3,Manto Man - CB,"https://ratings-images-prod.pulse.ea.com/madden-nfl-26/portraits/2574.png?im=FaceCrop,padding=0.7",https://drop-assets.ea.com/images/1nyokQ4GLHKjmDL5IorxkB/29267d1765bd7f27730a007e1b070ec4/8.png,94,82,80,87,60,60,54,51,10,48,55,50,57,86,11,41,65,49,89,70,15,11,35,19,67,16,68,35,35,35,15,60,32,72,73,20,35,35,35,Default Stride Loose,26,51,93,61,35,62,10,10,15,15,23,11,79,38,65
20922,DeeJay,Dallas,Halfback,HB,Jacksonville Jaguars,17,68,26,Miami,70,214,20,5,Power Back - HB,"https://ratings-images-prod.pulse.ea.com/madden-nfl-26/portraits/227.png?im=FaceCrop,padding=0.7",https://drop-assets.ea.com/images/4s3Xa9huMY7IrNAc9h1TDa/9eb764bbfbbb6a2f651e3d44cdcfa103/17.png,86,79,81,84,75,75,78,32,33,78,90,60,71,76,53,17,25,44,91,76,16,20,76,43,24,61,68,52,35,38,31,24,13,26,44,63,49,33,36,Default Stride High and Tight,67,56,88,72,76,42,28,37,39,37,42,29,83,81,34
15065,Dont'e,Thornton Jr,Wide Receiver,WR,Las Vegas Raiders,23,68,22,Tennessee,77,205,10,0,Deep Threat - WR,"https://ratings-images-prod.pulse.ea.com/madden-nfl-26/portraits/10754.png?im=FaceCrop,padding=0.7",https://drop-assets.ea.com/images/5ZrNmFWgR1vnwTOdqVmwYy/fe13aa7566120fb59130404e168c59ca/23.png,94,81,82,79,70,67,75,39,21,68,72,75,75,78,74,33,41,43,84,75,21,28,50,32,49,69,68,29,19,27,31,39,33,28,48,72,47,27,26,Long Stride Loose,68,73,96,69,43,51,10,11,19,23,17,32,80,30,56
14995,Donte,Kent,Cornerback,CB,Pittsburgh Steelers,29,68,23,Central Michigan,70,187,34,0,Manto Man - CB,"https://ratings-images-prod.pulse.ea.com/madden-nfl-26/portraits/10928.png?im=FaceCrop,padding=0.7",https://drop-assets.ea.com/images/4k4tkEjxICBzmTan96wMKZ/1d5d9145ace8a359ac5423c8c3e5e2d8/29.png,93,79,91,92,56,61,75,47,18,49,53,49,65,81,27,30,49,37,90,75,15,20,79,20,69,28,68,35,35,25,28,62,23,68,72,30,26,35,25,Default,30,60,93,67,36,62,17,7,24,21,20,30,91,30,69
20395,Drew,Sample,Tight End,TE,Cincinnati Bengals,2,68,29,Washington,77,260,89,6,Possession - TE,"https://ratings-images-prod.pulse.ea.com/madden-nfl-26/portraits/9617.png?im=FaceCrop,padding=0.7",https://drop-assets.ea.com/images/5oemvWKqCFgBCkCI4h9A2U/0629c6d345fe01a14ba9f40554fd182e/2.png,84,77,81,84,73,67,69,47,16,46,73,78,77,72,56,37,43,71,89,57,14,15,15,59,17,61,68,60,54,59,10,24,23,19,54,68,65,65,62,Long Stride Default,66,79,82,53,61,43,10,15,20,10,26,14,86,63,23
1122,Dylan,Laube,Halfback,HB,Las Vegas Raiders,23,68,25,New Hampshire,70,208,23,1,Elusive Back - HB,"https://ratings-images-prod.pulse.ea.com/madden-nfl-26/portraits/10151.png?im=FaceCrop,padding=0.7",https://drop-assets.ea.com/images/5ZrNmFWgR1vnwTOdqVmwYy/fe13aa7566120fb59130404e168c59ca/23.png,89,88,84,91,67,62,81,26,20,73,85,65,75,90,59,10,22,34,91,78,25,25,82,28,11,64,68,50,25,30,10,13,10,15,32,63,31,25,28,Default,70,63,88,73,71,27,10,10,15,10,27,17,92,75,16
4663,Efton,Chism III,Wide Receiver,WR,New England Patriots,22,68,23,Eastern Wash.,71,193,86,0,,"https://ratings-images-prod.pulse.ea.com/madden-nfl-26/portraits/11072.png?im=FaceCrop,padding=0.7",https://drop-assets.ea.com/images/6Z0rWjQfkWgvj8K58X0WfA/aaaaa7e6c313bdfc5e624309ba6dfc4e/22.png,87,90,85,91,66,60,81,37,33,74,73,78,81,91,70,25,35,45,91,76,13,19,78,27,15,74,68,29,20,24,15,22,22,20,44,67,47,29,24,Short Stride Loose,75,77,84,73,52,33,20,26,31,32,42,31,88,50,21
22779,Elijah,Higgins,Tight End,TE,Arizona Cardinals,7,68,24,Stanford,75,235,84,2,Vertical Threat - TE,"https://ratings-images-prod.pulse.ea.com/madden-nfl-26/portraits/2209.png?im=FaceCrop,padding=0.7",https://drop-assets.ea.com/images/5NdzvrqrP3clJDBL6kdTmu/1f61914ff14c6f4be0240d71e622f9c6/7.png,90,81,84,82,69,66,79,25,24,68,71,77,82,76,60,10,19,43,92,72,18,19,50,23,13,61,68,50,47,49,6,15,10,10,30,63,51,52,49,Long Stride Default,65,78,89,66,59,24,6,10,15,10,25,17,90,55,20
4739,Elijah,Ponder,Left Edge,LEDG,New England Patriots,22,68,23,Cal Poly SLO,75,261,91,0,Smaller Speed Rusher - DE,"https://ratings-images-prod.pulse.ea.com/madden-nfl-26/portraits/11073.png?im=FaceCrop,padding=0.7",https://drop-assets.ea.com/images/6Z0rWjQfkWgvj8K58X0WfA/aaaaa7e6c313bdfc5e624309ba6dfc4e/22.png,88,82,87,78,76,65,40,68,12,22,42,27,38,74,5,68,76,78,87,38,22,21,10,26,34,5,68,45,45,45,6,64,66,35,77,16,45,45,45,Long Stride Default,10,38,85,30,29,76,6,6,6,6,20,14,85,28,43
21795,Elijah,Hicks,Free Safety,FS,Chicago Bears,1,68,25,California,71,204,22,3,Hybrid - S,"https://ratings-images-prod.pulse.ea.com/madden-nfl-26/portraits/2528.png?im=FaceCrop,padding=0.7",https://drop-assets.ea.com/images/6jaEsYrn1V45DziwibpsDk/ed66ad67e63f08a3a7c25ce951dbf5b9/1.png,90,77,84,88,58,70,66,50,21,52,60,51,69,75,10,42,78,57,91,72,24,22,35,21,66,10,68,35,35,35,6,72,34,67,73,25,35,35,35,Default Stride Loose,15,62,88,64,35,69,6,6,6,6,30,14,85,39,68
14690,Erick,All Jr,Tight End,TE,Cincinnati Bengals,2,68,24,Iowa,77,255,83,1,Vertical Threat - TE,"https://ratings-images-prod.pulse.ea.com/madden-nfl-26/portraits/9997.png?im=FaceCrop,padding=0.7",https://drop-assets.ea.com/images/5oemvWKqCFgBCkCI4h9A2U/0629c6d345fe01a14ba9f40554fd182e/2.png,87,83,83,81,72,61,74,41,16,66,73,77,80,74,63,10,48,63,78,67,12,19,25,56,16,61,68,58,57,56,6,16,10,19,42,65,60,59,58,Long Stride Default,66,75,86,59,66,46,6,10,15,10,24,15,86,66,22
15253,Jack,Kiser,Weak Backer,WILL,Jacksonville Jaguars,17,68,24,Notre Dame,74,229,54,0,Run Stopper - OLB,"https://ratings-images-prod.pulse.ea.com/madden-nfl-26/portraits/10626.png?im=FaceCrop,padding=0.7",https://drop-assets.ea.com/images/4s3Xa9huMY7IrNAc9h1TDa/9eb764bbfbbb6a2f651e3d44cdcfa103/17.png,88,78,83,87,70,69,48,66,35,42,67,44,55,75,15,59,80,71,88,46,18,22,10,26,57,18,68,45,45,45,19,68,57,45,83,22,45,45,45,Default Stride Loose,23,48,83,40,42,81,22,25,28,33,26,22,88,48,63
15104,Jackson,Hawes,Tight End,TE,Buffalo Bills,3,68,24,Georgia Tech,76,253,85,0,Possession - TE,"https://ratings-images-prod.pulse.ea.com/madden-nfl-26/portraits/10581.png?im=FaceCrop,padding=0.7",https://drop-assets.ea.com/images/212FXcpkDUjs9ZJpZ038pM/676904f80719bc724267b7eb5609c6af/3.png,86,73,83,85,72,71,68,33,21,60,70,73,75,71,53,32,41,69,91,64,27,24,23,60,17,57,68,61,60,62,20,25,28,13,30,63,69,66,69,Long Stride High and Tight,65,73,78,65,67,33,15,9,25,21,24,26,91,66,20
20997,Jacob,Phillips,Sam Backer,SAM,Indianapolis Colts,10,68,26,LSU,75,228,54,5,Run Stopper - OLB,"https://ratings-images-prod.pulse.ea.com/madden-nfl-26/portraits/524.png?im=FaceCrop,padding=0.7",https://drop-assets.ea.com/images/5yTvAS7xG5Z8qw65gMLzSU/037cfcd90e26ee06666a24d762791f65/10.png,85,71,87,83,73,64,41,71,12,31,47,45,56,72,22,53,80,80,80,36,20,20,10,36,51,27,68,50,45,45,6,67,47,48,82,25,43,45,45,Default Stride Loose,31,52,82,28,33,82,6,6,6,6,24,12,88,35,57
23107,Jake,Moody,Kicker,K,Washington Commanders,26,68,25,Michigan,73,210,16,2,Power - KP,"https://ratings-images-prod.pulse.ea.com/madden-nfl-26/portraits/2318.png?im=FaceCrop,padding=0.7",https://drop-assets.ea.com/images/42h6FyIuthDAiH4cTWUXRH/bb952a9252013b5bfdf77ac3f4011601/RatingsteamcrestWashingtonCommanders256.png,64,59,66,85,51,51,16,21,17,15,40,12,33,51,7,10,30,16,91,21,73,94,10,10,12,8,68,15,10,10,16,10,10,10,32,12,15,10,10,Default Stride Awkward,10,15,65,25,11,29,26,32,34,19,35,17,60,15,15
4787,Jakobie,Keeney-James,Wide Receiver,WR,Green Bay Packers,20,68,25,Massachusetts,72,190,84,0,,,https://drop-assets.ea.com/images/4ztQk5XogdkrJe6reVd3h8/16ecf8a0f4caf228c6e54ad0f8e17425/20.png,93,87,89,88,63,62,76,27,26,71,71,75,79,88,71,10,21,40,87,74,15,19,81,21,11,71,68,29,15,20,16,23,10,14,28,69,42,24,20,Default,72,76,91,70,48,25,13,18,23,16,30,17,85,45,17
15152,Jalen,Travis,Left Tackle,LT,Indianapolis Colts,10,68,23,Iowa State,80,339,75,0,Power - OT,"https://ratings-images-prod.pulse.ea.com/madden-nfl-26/portraits/10758.png?im=FaceCrop,padding=0.7",https://drop-assets.ea.com/images/5yTvAS7xG5Z8qw65gMLzSU/037cfcd90e26ee06666a24d762791f65/10.png,70,57,84,86,88,68,14,29,15,11,28,21,22,50,5,20,32,82,87,17,17,13,10,80,11,5,68,73,73,75,6,24,26,15,21,23,73,71,73,Long Stride Awkward,18,18,68,10,51,28,6,6,6,6,17,12,87,26,14
22254,Jalyn,Armour-Davis,Cornerback,CB,Tennessee Titans,30,68,25,Alabama,73,195,18,3,Manto Man - CB,"https://ratings-images-prod.pulse.ea.com/madden-nfl-26/portraits/1142.png?im=FaceCrop,padding=0.7",https://drop-assets.ea.com/images/2YxvlDMaJsJwNQ4lS7qdCQ/d850f60dcbdcd71fb162eb55a46c7969/30.png,94,81,87,88,60,56,55,43,12,38,48,47,70,82,12,34,48,44,84,67,15,21,45,20,70,15,68,28,22,22,6,60,26,68,72,22,34,35,34,Short Stride Default,21,60,93,60,30,57,6,10,15,10,31,10,74,28,69
13239,Jalyn,Holmes,Left Edge,LEDG,Washington Commanders,26,68,29,Ohio State,77,283,96,7,Power Rusher - DE,"https://ratings-images-prod.pulse.ea.com/madden-nfl-26/portraits/8927.png?im=FaceCrop,padding=0.7",https://drop-assets.ea.com/images/42h6FyIuthDAiH4cTWUXRH/bb952a9252013b5bfdf77ac3f4011601/RatingsteamcrestWashingtonCommanders256.png,79,62,78,73,87,66,52,73,12,27,59,33,56,56,36,64,82,87,87,41,10,10,10,34,24,40,68,45,45,45,6,68,71,21,80,50,45,45,45,Long Stride Loose,45,36,78,36,46,79,6,6,6,6,23,14,82,58,29
20988,James,Lynch,Defensive Tackle,DT,Tennessee Titans,30,68,26,Baylor,76,295,97,5,,"https://ratings-images-prod.pulse.ea.com/madden-nfl-26/portraits/437.png?im=FaceCrop,padding=0.7",https://drop-assets.ea.com/images/2YxvlDMaJsJwNQ4lS7qdCQ/d850f60dcbdcd71fb162eb55a46c7969/30.png,76,71,72,75,82,66,32,76,12,18,42,25,38,66,14,59,82,83,85,32,56,71,10,29,26,19,68,45,45,45,9,64,71,14,79,24,45,45,45,Long Stride Loose,22,27,72,22,37,78,9,9,9,9,23,17,84,39,32
21082,James,Proche II,Wide Receiver,WR,Tennessee Titans,30,68,28,SMU,71,191,13,5,Slot - WR,"https://ratings-images-prod.pulse.ea.com/madden-nfl-26/portraits/533.png?im=FaceCrop,padding=0.7",https://drop-assets.ea.com/images/2YxvlDMaJsJwNQ4lS7qdCQ/d850f60dcbdcd71fb162eb55a46c7969/30.png,90,80,83,85,61,70,76,25,26,72,74,80,85,78,70,10,17,47,88,74,13,17,76,30,11,71,68,33,16,20,26,15,10,13,32,69,46,30,24,Short Stride Default,74,81,87,70,54,27,45,41,46,43,61,40,84,43,17
23045,Jammie,Robinson,Strong Safety,SS,Atlanta Falcons,14,68,24,Florida State,71,190,34,2,Run Support - S,"https://ratings-images-prod.pulse.ea.com/madden-nfl-26/portraits/2372.png?im=FaceCrop,padding=0.7",https://drop-assets.ea.com/images/3NTxf2X9VWdF6aL91pHAVu/6002a1f3e761a58c3b00f0e08bdccf5f/14.png,93,87,81,92,67,66,72,47,31,67,64,65,70,81,10,38,87,59,93,75,11,15,69,44,62,10,68,35,35,35,24,65,31,58,75,25,35,35,35,Short Stride Loose,20,67,86,70,33,72,21,23,25,22,27,25,88,39,69
21527,Jay,Tufele,Defensive Tackle,DT,NY Jets,18,68,26,USC,75,305,78,4,,"https://ratings-images-prod.pulse.ea.com/madden-nfl-26/portraits/838.png?im=FaceCrop,padding=0.7",https://drop-assets.ea.com/images/7M46e9acznPLjtJlC7FaWV/ef5cfc9e8306cbdae723a5f7e809b0fd/18.png,74,58,76,72,88,63,22,71,12,21,27,18,25,52,3,67,80,87,86,22,12,17,30,32,16,7,68,45,45,45,6,63,63,17,78,15,45,45,45,Long Stride Loose,10,19,71,21,29,83,6,6,6,6,23,17,91,33,21
15348,Jaylen,Reed,Free Safety,FS,Houston Texans,32,68,22,Penn State,72,211,23,0,Zone - S,"https://ratings-images-prod.pulse.ea.com/madden-nfl-26/portraits/10702.png?im=FaceCrop,padding=0.7",https://drop-assets.ea.com/images/4rWKgLRDGADEZ3pTbdrpW0/793a695de8ea5caf8f2e1b3973ae1b61/32.png,92,85,81,89,67,65,61,46,14,49,58,53,65,84,17,35,78,54,91,59,15,19,76,25,65,21,68,35,35,35,6,62,37,66,75,25,35,35,35,Default Stride Loose,28,58,89,53,39,65,6,6,6,6,24,12,89,41,70
22090,Jeremy,Ruckert,Tight End,TE,NY Jets,18,68,25,Ohio State,77,250,89,3,Possession - TE,"https://ratings-images-prod.pulse.ea.com/madden-nfl-26/portraits/1932.png?im=FaceCrop,padding=0.7",https://drop-assets.ea.com/images/7M46e9acznPLjtJlC7FaWV/ef5cfc9e8306cbdae723a5f7e809b0fd/18.png,85,74,78,84,78,68,65,36,11,57,76,76,80,69,53,24,42,72,92,62,24,28,15,62,14,57,68,61,59,60,13,20,33,16,42,62,67,65,60,Long Stride Default,64,78,82,62,63,37,14,20,25,15,30,10,87,70,15
17692,Jihad,Ward,Left Edge,LEDG,Tennessee Titans,30,68,31,Illinois,77,287,53,9,Run Stopper - DE,"https://ratings-images-prod.pulse.ea.com/madden-nfl-26/portraits/8251.png?im=FaceCrop,padding=0.7",https://drop-assets.ea.com/images/2YxvlDMaJsJwNQ4lS7qdCQ/d850f60dcbdcd71fb162eb55a46c7969/30.png,69,65,70,81,80,76,23,74,12,11,30,17,24,52,5,62,83,85,88,22,19,20,9,25,40,5,68,45,44,45,6,78,73,22,78,17,45,45,44,Long Stride High and Tight,14,17,68,21,27,81,6,6,6,6,22,14,89,33,46
14614,Joe,Milton,Quarterback,QB,Dallas Cowboys,11,68,25,Tennessee,77,246,10,1,Scrambler - QB,"https://ratings-images-prod.pulse.ea.com/madden-nfl-26/portraits/10180.png?im=FaceCrop,padding=0.7",https://drop-assets.ea.com/images/4fzYNoreZSo04KbSHo3Sqn/0855e78441c821f956abac278f04abb7/11.png,85,79,83,78,64,56,72,22,70,51,60,10,27,77,10,10,21,24,84,56,21,22,10,19,10,10,68,12,12,14,72,16,10,10,24,13,17,10,10,Long Stride Default,10,10,86,50,40,24,72,76,81,79,99,75,82,60,12
13038,Johnny,Mundt,Tight End,TE,Jacksonville Jaguars,17,68,30,Oregon,76,233,86,8,Vertical Threat - TE,"https://ratings-images-prod.pulse.ea.com/madden-nfl-26/portraits/9248.png?im=FaceCrop,padding=0.7",https://drop-assets.ea.com/images/4s3Xa9huMY7IrNAc9h1TDa/9eb764bbfbbb6a2f651e3d44cdcfa103/17.png,85,76,74,81,74,74,66,26,18,63,71,76,79,75,56,16,30,60,83,61,20,22,10,50,14,60,68,60,54,58,6,24,22,10,33,63,64,60,56,Long Stride Default,66,76,84,57,71,33,6,6,6,6,25,10,84,69,24
14658,Johnny,Wilson,Wide Receiver,WR,Philadelphia Eagles,13,68,24,Florida State,79,231,89,1,,"https://ratings-images-prod.pulse.ea.com/madden-nfl-26/portraits/10301.png?im=FaceCrop,padding=0.7",https://drop-assets.ea.com/images/1Nt5pFCpjcBcADzHRbwfIk/ce90f9cb564aef7cc30cf1dd88c84150/13.png,90,82,92,83,70,71,77,29,25,76,72,78,78,84,71,10,32,50,83,77,15,19,29,33,15,70,68,46,27,30,6,13,10,20,30,72,46,27,35,Long Stride Default,71,82,88,69,59,31,6,10,15,10,27,18,80,63,18
15167,Jonah,Savaiinaea,Left Guard,LG,Miami Dolphins,12,68,21,Arizona,76,324,72,0,Agile - G,"https://ratings-images-prod.pulse.ea.com/madden-nfl-26/portraits/10722.png?im=FaceCrop,padding=0.7",https://drop-assets.ea.com/images/1rcCzp9f3OyZFzRBRFJVpC/8dc08dce09c05a748587769908cd710c/12.png,78,65,59,88,84,72,10,23,10,5,30,15,21,57,5,10,26,84,89,11,15,15,10,82,10,5,68,66,68,64,6,22,10,10,23,16,73,75,71,Long Stride Awkward,10,18,74,13,14,20,6,6,6,6,22,13,90,30,10
23280,Jordon,Riley,Defensive Tackle,DT,Green Bay Packers,20,68,27,Oregon,77,325,97,2,,"https://ratings-images-prod.pulse.ea.com/madden-nfl-26/portraits/10958.png?im=FaceCrop,padding=0.7",https://drop-assets.ea.com/images/4ztQk5XogdkrJe6reVd3h8/16ecf8a0f4caf228c6e54ad0f8e17425/20.png,61,47,64,69,88,65,22,75,10,13,29,14,20,51,5,49,84,89,87,15,7,8,10,21,11,6,68,45,45,45,5,70,65,13,72,11,45,45,45,Long Stride Awkward,10,16,63,15,28,82,5,6,7,5,15,10,80,40,13
12708,Joshua,Dobbs,Quarterback,QB,New England Patriots,22,68,30,Tennessee,75,220,11,8,Scrambler - QB,"https://ratings-images-prod.pulse.ea.com/madden-nfl-26/portraits/8533.png?im=FaceCrop,padding=0.7",https://drop-assets.ea.com/images/6Z0rWjQfkWgvj8K58X0WfA/aaaaa7e6c313bdfc5e624309ba6dfc4e/22.png,86,84,80,75,74,61,87,27,77,75,57,42,52,77,10,10,39,36,84,75,15,20,15,26,18,20,68,24,20,20,81,18,10,15,34,28,20,15,15,Long Stride Default,30,40,88,69,64,33,78,79,83,82,85,80,84,73,25
16151,Korie,Black,Cornerback,CB,NY Giants,16,68,23,Oklahoma St.,72,192,38,0,Manto Man - CB,"https://ratings-images-prod.pulse.ea.com/madden-nfl-26/portraits/10875.png?im=FaceCrop,padding=0.7",https://drop-assets.ea.com/images/5hloGwLNaCrg2IBn0CoWVb/b5996a802009a4252f992182bd9acf85/16.png,91,83,92,91,58,62,59,46,28,45,53,53,68,83,24,27,62,39,89,68,22,25,45,23,70,23,68,35,35,25,28,61,32,63,73,30,35,35,25,Default Stride Loose,23,62,94,61,30,60,9,18,27,23,22,31,89,24,72
20422,L.J.,Collier,Defensive Tackle,DT,Arizona Cardinals,7,68,29,TCU,74,300,91,6,,"https://ratings-images-prod.pulse.ea.com/madden-nfl-26/portraits/9418.png?im=FaceCrop,padding=0.7",https://drop-assets.ea.com/images/5NdzvrqrP3clJDBL6kdTmu/1f61914ff14c6f4be0240d71e622f9c6/7.png,76,64,74,72,83,71,26,73,12,20,38,24,40,56,3,65,82,85,85,19,10,16,10,18,17,7,68,45,45,45,6,68,72,21,74,13,45,45,45,Long Stride Loose,12,23,77,14,30,80,6,6,6,6,23,10,84,32,26
17555,Laquon,Treadwell,Wide Receiver,WR,Indianapolis Colts,10,68,30,Ole Miss,74,215,13,8,Physical - WR,"https://ratings-images-prod.pulse.ea.com/madden-nfl-26/portraits/8238.png?im=FaceCrop,padding=0.7",https://drop-assets.ea.com/images/5yTvAS7xG5Z8qw65gMLzSU/037cfcd90e26ee06666a24d762791f65/10.png,86,81,86,83,70,72,80,37,22,72,74,80,83,76,72,11,15,43,88,76,22,23,25,21,16,72,68,43,15,11,20,21,11,16,40,71,45,26,32,Default Stride Loose,74,83,85,69,76,38,18,19,21,23,37,22,83,57,24
22976,Mike,Morris,Defensive Tackle,DT,Seattle Seahawks,28,68,24,Michigan,78,292,94,2,,"https://ratings-images-prod.pulse.ea.com/madden-nfl-26/portraits/2320.png?im=FaceCrop,padding=0.7",https://drop-assets.ea.com/images/2WrGCB8Atuo0aZ4MbstBrI/bbe9263ce111287adcef479efbc72160/28.png,84,69,71,69,82,63,45,79,7,29,52,41,51,61,11,59,81,85,90,42,14,17,10,29,25,16,68,40,40,40,6,65,69,35,74,19,45,45,45,Long Stride Awkward,25,45,74,35,47,75,5,5,11,6,22,8,88,44,32
22665,Mitchell,Fraboni,Long Snapper,LS,Denver Broncos,4,68,28,Arizona St.,74,223,48,4,Accurate - LS,"https://ratings-images-prod.pulse.ea.com/madden-nfl-26/portraits/3192.png?im=FaceCrop,padding=0.7",https://drop-assets.ea.com/images/4AYKY9OcX1CYbyMFBnvM8/ac07a8ff525004f92014e3259708acdf/4.png,76,66,73,77,75,53,51,41,15,25,60,39,45,66,35,10,52,65,88,42,14,15,10,50,17,40,68,54,51,49,10,32,10,15,49,24,54,45,51,Default Stride Awkward,44,40,80,45,54,55,10,15,25,10,35,10,83,49,18
1142,Myles,Harden,Cornerback,CB,Cleveland Browns,5,68,23,South Dakota,71,195,26,1,Slot - CB,"https://ratings-images-prod.pulse.ea.com/madden-nfl-26/portraits/10098.png?im=FaceCrop,padding=0.7",https://drop-assets.ea.com/images/4qbblHggBjaH9o46kyGeFo/27cab0f308b54edbd469e9b20cb506f7/5.png,94,90,85,83,59,53,57,49,22,62,55,57,71,95,27,34,73,43,87,75,11,11,55,19,71,30,68,30,25,25,14,54,28,67,74,35,35,30,30,Default Stride Loose,32,62,89,72,37,68,19,22,23,17,24,13,88,30,68
21264,Myles,Bryant,Strong Safety,SS,Houston Texans,32,68,27,Washington,69,185,25,5,Hybrid - S,"https://ratings-images-prod.pulse.ea.com/madden-nfl-26/portraits/196.png?im=FaceCrop,padding=0.7",https://drop-assets.ea.com/images/4rWKgLRDGADEZ3pTbdrpW0/793a695de8ea5caf8f2e1b3973ae1b61/32.png,87,88,77,89,52,71,70,54,12,50,61,58,71,91,22,35,73,53,90,71,12,16,48,15,66,26,68,35,35,35,6,70,26,66,77,31,35,35,35,Short Stride Loose,32,61,91,63,36,64,6,6,16,6,42,12,87,27,62
14921,Nathaniel,Watson,Sam Backer,SAM,Cleveland Browns,5,68,25,Mississippi St.,74,245,40,1,Run Stopper - OLB,"https://ratings-images-prod.pulse.ea.com/madden-nfl-26/portraits/10287.png?im=FaceCrop,padding=0.7",https://drop-assets.ea.com/images/4qbblHggBjaH9o46kyGeFo/27cab0f308b54edbd469e9b20cb506f7/5.png,87,72,76,82,68,68,62,69,12,49,54,53,62,72,6,59,83,78,90,54,14,15,25,41,58,8,68,35,33,35,5,64,72,56,78,14,45,41,41,Default Stride High and Tight,15,58,84,53,45,85,7,11,14,6,17,13,86,56,64
2816,Neville,Hewitt,Mike Backer,MIKE,NY Giants,16,68,32,Marshall,74,234,47,10,Field General - MLB,"https://ratings-images-prod.pulse.ea.com/madden-nfl-26/portraits/7712.png?im=FaceCrop,padding=0.7",https://drop-assets.ea.com/images/5hloGwLNaCrg2IBn0CoWVb/b5996a802009a4252f992182bd9acf85/16.png,82,74,86,84,67,71,33,64,12,20,49,33,63,65,5,64,84,84,89,49,20,16,10,21,62,5,68,45,45,45,6,67,55,55,81,12,45,45,45,Default Stride Awkward,15,35,85,40,42,86,6,6,6,6,22,15,85,25,67
22996,Noah,Sewell,Sam Backer,SAM,Chicago Bears,1,68,23,Oregon,73,246,44,2,Run Stopper - OLB,"https://ratings-images-prod.pulse.ea.com/madden-nfl-26/portraits/2390.png?im=FaceCrop,padding=0.7",https://drop-assets.ea.com/images/6jaEsYrn1V45DziwibpsDk/ed66ad67e63f08a3a7c25ce951dbf5b9/1.png,89,74,80,87,80,63,72,72,12,63,64,55,63,73,17,55,90,80,88,72,19,15,35,38,52,24,68,45,45,45,6,63,71,53,77,27,45,45,45,Default Stride High and Tight,34,57,82,65,70,80,6,6,6,6,25,10,91,65,58
22172,Otito,Ogbonnia,Defensive Tackle,DT,Los Angeles Chargers,8,68,25,UCLA,76,320,93,3,,"https://ratings-images-prod.pulse.ea.com/madden-nfl-26/portraits/1866.png?im=FaceCrop,padding=0.7",https://drop-assets.ea.com/images/1nyokQ4GLHKjmDL5IorxkB/29267d1765bd7f27730a007e1b070ec4/8.png,65,53,65,72,86,74,22,75,12,17,24,19,26,45,5,63,82,85,90,24,19,18,9,33,20,8,68,45,45,45,6,72,70,18,73,14,45,45,45,Long Stride Awkward,14,18,62,22,34,79,6,6,6,6,22,11,85,31,35
15042,Phil,Mafah,Halfback,HB,Dallas Cowboys,11,68,22,Clemson,73,234,37,0,Power Back - HB,"https://ratings-images-prod.pulse.ea.com/madden-nfl-26/portraits/10642.png?im=FaceCrop,padding=0.7",https://drop-assets.ea.com/images/4fzYNoreZSo04KbSHo3Sqn/0855e78441c821f956abac278f04abb7/11.png,88,80,79,88,75,74,78,41,34,78,90,53,67,79,45,28,39,45,88,77,30,27,80,33,30,50,68,53,43,41,27,35,34,30,46,48,38,35,36,Default Stride Loose,58,50,88,69,76,41,26,30,37,36,44,30,93,81,34
22661,Sam,Okuayinonu,Left Edge,LEDG,San Francisco 49ers,15,68,27,Maryland,73,269,91,3,Power Rusher - DE,"https://ratings-images-prod.pulse.ea.com/madden-nfl-26/portraits/4797.png?im=FaceCrop,padding=0.7",https://drop-assets.ea.com/images/1SoIzWJtk28ygwNAPEMRnf/deaee9a60ace23f7eaeaf4275c2282b0/15.png,85,68,85,69,83,63,15,71,12,24,27,20,35,63,3,66,77,79,88,19,31,36,10,23,29,5,68,35,30,30,6,62,75,20,77,12,40,35,35,Short Stride Awkward,10,32,80,15,21,77,5,6,7,7,21,8,82,35,35
22498,Sam,Roberts,Defensive Tackle,DT,Atlanta Falcons,14,68,27,NW Missouri State,77,295,99,3,,"https://ratings-images-prod.pulse.ea.com/madden-nfl-26/portraits/2614.png?im=FaceCrop,padding=0.7",https://drop-assets.ea.com/images/3NTxf2X9VWdF6aL91pHAVu/6002a1f3e761a58c3b00f0e08bdccf5f/14.png,75,57,74,72,85,71,27,74,12,16,25,11,24,49,4,62,79,83,90,22,12,13,10,47,12,8,68,48,47,49,6,70,75,10,77,14,51,51,49,Default Stride Awkward,15,15,69,24,31,78,6,6,6,6,14,10,85,40,13
17739,Sheldon,Day,Defensive Tackle,DT,Washington Commanders,26,68,31,Notre Dame,73,294,98,9,Power Rusher - DT,"https://ratings-images-prod.pulse.ea.com/madden-nfl-26/portraits/7971.png?im=FaceCrop,padding=0.7",https://drop-assets.ea.com/images/42h6FyIuthDAiH4cTWUXRH/bb952a9252013b5bfdf77ac3f4011601/RatingsteamcrestWashingtonCommanders256.png,75,66,74,76,82,73,24,70,12,13,37,26,34,58,3,63,81,84,87,21,17,17,9,32,29,5,68,44,45,44,6,70,75,13,75,15,45,45,46,Default Stride Awkward,13,28,69,17,35,79,6,6,6,6,23,10,88,32,45
14999,Sione,Vaki,Halfback,HB,Detroit Lions,19,68,24,Utah,72,208,33,1,Elusive Back - HB,"https://ratings-images-prod.pulse.ea.com/madden-nfl-26/portraits/10277.png?im=FaceCrop,padding=0.7",https://drop-assets.ea.com/images/7cuE4tZcli1uQyZbvXWMrd/a2df9decdab28170691ca6631dd62139/19.png,91,83,89,80,74,69,76,61,51,75,84,53,69,82,49,52,78,65,92,81,33,35,77,45,57,56,68,53,36,39,26,64,43,59,77,58,42,35,38,Default,64,55,89,76,72,69,35,42,47,44,48,27,90,77,70
15017,Tahj,Washington,Wide Receiver,WR,Miami Dolphins,12,68,24,USC,70,174,84,1,,"https://ratings-images-prod.pulse.ea.com/madden-nfl-26/portraits/10286.png?im=FaceCrop,padding=0.7",https://drop-assets.ea.com/images/1rcCzp9f3OyZFzRBRFJVpC/8dc08dce09c05a748587769908cd710c/12.png,87,89,83,84,53,48,81,25,22,75,76,78,82,88,74,10,21,37,86,81,11,11,76,23,10,73,68,25,20,18,6,15,10,10,25,68,36,23,16,Default Stride Loose,72,77,88,75,40,20,6,10,15,10,22,16,87,40,17
13731,Tanner,Hudson,Tight End,TE,Cincinnati Bengals,2,68,30,Southern Arkansas,77,241,87,7,Vertical Threat - TE,"https://ratings-images-prod.pulse.ea.com/madden-nfl-26/portraits/9807.png?im=FaceCrop,padding=0.7",https://drop-assets.ea.com/images/5oemvWKqCFgBCkCI4h9A2U/0629c6d345fe01a14ba9f40554fd182e/2.png,85,77,83,77,70,74,63,29,14,53,68,77,83,69,55,17,27,63,87,60,19,21,18,48,14,60,68,56,50,55,6,22,17,17,28,63,62,58,62,Long Stride Default,66,79,82,58,56,32,6,10,15,10,30,10,77,69,21
20867,Tom,Kennedy,Wide Receiver,WR,Detroit Lions,19,68,29,Bryant,70,194,85,7,,"https://ratings-images-prod.pulse.ea.com/madden-nfl-26/portraits/410.png?im=FaceCrop,padding=0.7",https://drop-assets.ea.com/images/7cuE4tZcli1uQyZbvXWMrd/a2df9decdab28170691ca6631dd62139/19.png,89,89,86,80,64,70,79,37,22,72,69,75,83,86,72,11,24,42,87,78,18,22,77,22,15,69,68,36,19,21,18,20,11,16,39,66,45,20,25,Short Stride Default,70,76,86,73,52,33,29,34,42,45,47,28,81,40,20
15223,Tonka,Hemingway,Defensive Tackle,DT,Las Vegas Raiders,23,68,23,South Carolina,75,284,97,0,,"https://ratings-images-prod.pulse.ea.com/madden-nfl-26/portraits/10583.png?im=FaceCrop,padding=0.7",https://drop-assets.ea.com/images/5ZrNmFWgR1vnwTOdqVmwYy/fe13aa7566120fb59130404e168c59ca/23.png,84,72,78,84,81,66,47,80,13,44,63,55,54,65,32,70,75,75,93,25,22,27,22,22,27,37,68,45,45,45,12,63,74,29,74,43,45,45,45,Long Stride Default,42,53,72,22,32,75,7,10,14,15,21,18,92,59,37
13467,Tremon,Smith,Cornerback,CB,Houston Texans,32,68,29,Central Arkansas,72,190,11,8,Zone - CB,"https://ratings-images-prod.pulse.ea.com/madden-nfl-26/portraits/9353.png?im=FaceCrop,padding=0.7",https://drop-assets.ea.com/images/4rWKgLRDGADEZ3pTbdrpW0/793a695de8ea5caf8f2e1b3973ae1b61/32.png,94,83,82,88,58,68,70,42,26,57,76,71,78,84,34,29,48,30,90,77,13,17,83,26,63,41,68,37,22,26,20,69,22,71,67,50,34,24,22,Default Stride Loose,48,76,91,68,47,51,19,25,29,32,47,21,80,43,68
16155,Trikweze,Bridges,Cornerback,CB,Dallas Cowboys,11,68,24,Florida,75,196,25,0,Zone - CB,"https://ratings-images-prod.pulse.ea.com/madden-nfl-26/portraits/10877.png?im=FaceCrop,padding=0.7",https://drop-assets.ea.com/images/4fzYNoreZSo04KbSHo3Sqn/0855e78441c821f956abac278f04abb7/11.png,94,83,83,85,62,64,72,47,32,50,59,63,73,80,32,37,52,42,91,72,28,23,78,24,68,33,68,35,35,25,24,61,24,64,70,35,35,35,25,Default Stride Loose,35,68,91,64,43,52,15,19,19,23,22,24,92,32,72
20838,Troy,Reeder,Mike Backer,MIKE,Los Angeles Rams,24,68,30,Delaware,75,245,51,6,Run Stopper - MLB,"https://ratings-images-prod.pulse.ea.com/madden-nfl-26/portraits/1506.png?im=FaceCrop,padding=0.7",https://drop-assets.ea.com/images/wS8JnLBEBj9eq68rO1qTb/b7b5285ad842936bc21bb149eb8c31b8/24.png,85,79,89,84,77,71,35,70,12,12,43,33,57,73,7,53,79,78,85,31,18,16,14,24,55,12,68,45,45,45,6,71,61,43,81,19,45,45,45,Long Stride Loose,19,35,87,22,41,78,6,6,6,6,25,16,81,34,56
21029,Tyler,Huntley,Quarterback,QB,Baltimore Ravens,25,68,27,Utah,73,204,5,5,Scrambler - QB,"https://ratings-images-prod.pulse.ea.com/madden-nfl-26/portraits/904.png?im=FaceCrop,padding=0.7",https://drop-assets.ea.com/images/3zZnTQ4izXUrnVi3ryTBcm/a12a28ccd2af4c0a0930b58db73552a7/25.png,91,85,88,80,53,66,74,17,79,60,60,43,46,81,18,10,12,15,84,68,11,17,10,10,10,21,68,11,10,10,77,13,10,10,24,20,11,10,10,Default,29,45,85,69,25,17,74,78,83,79,86,78,88,38,12
22325,Tyler,Goodson,Halfback,HB,Indianapolis Colts,10,68,24,Iowa,69,197,31,3,Elusive Back - HB,"https://ratings-images-prod.pulse.ea.com/madden-nfl-26/portraits/1736.png?im=FaceCrop,padding=0.7",https://drop-assets.ea.com/images/5yTvAS7xG5Z8qw65gMLzSU/037cfcd90e26ee06666a24d762791f65/10.png,92,88,81,82,57,65,73,20,35,73,81,60,67,84,45,10,22,35,86,81,21,25,56,34,18,54,68,42,20,24,15,20,10,20,37,43,27,15,17,Short Stride Default,62,58,92,76,74,24,15,20,25,15,30,11,73,50,20
22962,Tyler,Lacy,Defensive Tackle,DT,Detroit Lions,19,68,25,Oklahoma St.,76,285,78,2,,"https://ratings-images-prod.pulse.ea.com/madden-nfl-26/portraits/2281.png?im=FaceCrop,padding=0.7",https://drop-assets.ea.com/images/7cuE4tZcli1uQyZbvXWMrd/a2df9decdab28170691ca6631dd62139/19.png,81,65,71,72,86,64,23,73,11,23,41,33,37,58,10,61,81,85,88,40,9,10,10,35,24,15,68,40,40,40,6,63,67,32,74,15,45,45,45,Long Stride Awkward,25,34,69,36,45,81,6,6,6,6,21,16,87,39,30
15217,Vernon,Broughton,Defensive Tackle,DT,New Orleans Saints,27,68,24,Texas,77,311,91,0,Power Rusher - DT,"https://ratings-images-prod.pulse.ea.com/madden-nfl-26/portraits/10502.png?im=FaceCrop,padding=0.7",https://drop-assets.ea.com/images/5beev0Bk7MVWyDSbEqr75u/837fe770a82d43aa3028a13988d8baf3/27.png,80,63,72,76,86,69,46,74,17,36,62,46,51,59,38,69,82,86,88,41,23,26,28,25,9,42,68,45,45,45,13,68,74,15,72,44,45,45,45,Long Stride Awkward,45,50,72,33,42,76,7,7,12,11,13,12,87,46,15
22687,Will,Levis,Quarterback,QB,Tennessee Titans,30,68,26,Kentucky,76,229,8,2,Strong Arm - QB,"https://ratings-images-prod.pulse.ea.com/madden-nfl-26/portraits/7889.png?im=FaceCrop,padding=0.7",https://drop-assets.ea.com/images/2YxvlDMaJsJwNQ4lS7qdCQ/d850f60dcbdcd71fb162eb55a46c7969/30.png,85,83,89,80,69,58,82,18,67,72,62,13,47,79,11,10,20,26,87,66,16,27,10,19,10,13,68,13,10,10,78,12,10,10,22,14,20,16,12,Default,16,16,80,73,53,25,79,77,81,80,94,76,93,68,15
23311,Xavier,Smith,Wide Receiver,WR,Los Angeles Rams,24,68,27,Florida AM,69,174,19,2,Deep Threat - WR,"https://ratings-images-prod.pulse.ea.com/madden-nfl-26/portraits/4976.png?im=FaceCrop,padding=0.7",https://drop-assets.ea.com/images/wS8JnLBEBj9eq68rO1qTb/b7b5285ad842936bc21bb149eb8c31b8/24.png,93,78,82,81,60,68,81,26,29,74,76,75,84,79,72,10,30,34,84,76,18,21,80,20,13,71,68,23,14,10,27,16,10,13,32,69,38,24,17,Default,72,77,90,67,60,27,27,32,38,34,47,28,79,50,17
15225,Yahya,Black,Defensive Tackle,DT,Pittsburgh Steelers,29,68,23,Iowa,78,336,94,0,,"https://ratings-images-prod.pulse.ea.com/madden-nfl-26/portraits/10492.png?im=FaceCrop,padding=0.7",https://drop-assets.ea.com/images/4k4tkEjxICBzmTan96wMKZ/1d5d9145ace8a359ac5423c8c3e5e2d8/29.png,66,63,65,82,87,68,30,75,14,22,37,18,22,55,10,62,80,83,87,21,21,22,27,25,9,13,68,45,45,45,12,68,70,12,75,12,45,45,45,Long Stride Awkward,16,18,60,16,37,79,8,10,11,15,15,14,87,30,14
22925,Zacch,Pickens,Defensive Tackle,DT,Kansas City Chiefs,9,68,25,South Carolina,76,300,93,2,,"https://ratings-images-prod.pulse.ea.com/madden-nfl-26/portraits/2356.png?im=FaceCrop,padding=0.7",https://drop-assets.ea.com/images/3g9AewmTPjE4A7yc2tobiZ/20b6502896df3893414233cb5fe1b803/9.png,83,69,75,69,81,68,49,71,17,42,58,41,45,60,25,61,82,80,93,43,14,15,10,34,19,31,68,35,35,35,6,69,71,32,79,34,40,40,40,Long Stride Awkward,36,42,76,38,60,78,6,6,6,6,20,9,89,47,26
15213,Aeneas,Peebles,Defensive Tackle,DT,Baltimore Ravens,25,67,23,Virginia Tech,73,282,93,0,Power Rusher - DT,"https://ratings-images-prod.pulse.ea.com/madden-nfl-26/portraits/10690.png?im=FaceCrop,padding=0.7",https://drop-assets.ea.com/images/3zZnTQ4izXUrnVi3ryTBcm/a12a28ccd2af4c0a0930b58db73552a7/25.png,81,64,80,83,81,69,29,75,12,23,38,20,27,57,10,72,77,80,93,20,19,20,25,26,16,12,67,45,45,45,6,65,74,22,76,18,45,45,45,Long Stride Loose,15,22,73,19,28,78,6,6,6,6,23,10,88,26,21
22716,Aidan,O'Connell,Quarterback,QB,Las Vegas Raiders,23,67,27,Purdue,75,210,12,2,Field General - QB,"https://ratings-images-prod.pulse.ea.com/madden-nfl-26/portraits/2606.png?im=FaceCrop,padding=0.7",https://drop-assets.ea.com/images/5ZrNmFWgR1vnwTOdqVmwYy/fe13aa7566120fb59130404e168c59ca/23.png,79,73,73,78,55,68,59,20,59,35,64,10,21,75,10,10,15,19,82,39,13,15,10,14,10,10,67,17,19,14,78,13,10,10,23,12,15,15,11,Long Stride Default,10,10,75,31,26,20,77,77,86,78,86,79,82,27,13
22875,Alex,Forsyth,Center,C,Denver Broncos,4,67,26,Oregon,76,312,54,2,Power - C,"https://ratings-images-prod.pulse.ea.com/madden-nfl-26/portraits/2144.png?im=FaceCrop,padding=0.7",https://drop-assets.ea.com/images/4AYKY9OcX1CYbyMFBnvM8/ac07a8ff525004f92014e3259708acdf/4.png,65,54,55,84,86,71,26,31,12,26,23,37,34,50,15,10,38,81,90,24,22,24,10,76,12,21,67,75,72,77,6,20,10,15,34,33,73,74,72,Default Stride Awkward,31,35,66,23,37,34,6,6,6,6,25,10,85,32,13
13588,Austin,Schlottmann,Center,C,NY Giants,16,67,29,TCU,78,300,65,7,Agile - C,"https://ratings-images-prod.pulse.ea.com/madden-nfl-26/portraits/9909.png?im=FaceCrop,padding=0.7",https://drop-assets.ea.com/images/5hloGwLNaCrg2IBn0CoWVb/b5996a802009a4252f992182bd9acf85/16.png,75,58,74,80,86,74,15,25,12,5,29,20,36,47,8,10,15,78,86,10,21,20,10,80,12,10,67,73,75,71,6,10,10,10,31,32,70,73,66,Default Stride Awkward,16,20,70,10,10,35,6,6,6,6,17,10,85,15,12
15090,Beaux,Collins,Wide Receiver,WR,NY Giants,16,67,22,Notre Dame,75,206,81,0,Deep Threat - WR,"https://ratings-images-prod.pulse.ea.com/madden-nfl-26/portraits/10522.png?im=FaceCrop,padding=0.7",https://drop-assets.ea.com/images/5hloGwLNaCrg2IBn0CoWVb/b5996a802009a4252f992182bd9acf85/16.png,90,79,89,83,73,67,78,32,25,74,73,79,78,85,71,26,32,44,86,72,18,22,59,25,27,73,67,26,19,23,28,26,15,23,34,74,43,29,27,Long Stride Loose,74,80,88,65,65,35,22,14,22,25,26,18,84,60,34
14884,Braiden,McGregor,Left Edge,LEDG,NY Jets,18,67,24,Michigan,77,267,55,1,Power Rusher - DE,"https://ratings-images-prod.pulse.ea.com/madden-nfl-26/portraits/10172.png?im=FaceCrop,padding=0.7",https://drop-assets.ea.com/images/7M46e9acznPLjtJlC7FaWV/ef5cfc9e8306cbdae723a5f7e809b0fd/18.png,86,73,80,79,73,68,43,71,11,29,40,25,39,62,5,63,78,79,86,42,30,31,10,28,24,7,67,45,45,45,6,65,68,35,82,12,45,45,45,Long Stride High and Tight,10,28,80,35,46,82,5,6,7,5,27,5,83,41,29
22426,Brock,Hoffman,Center,C,Dallas Cowboys,11,67,26,Virginia Tech,76,302,67,3,Power - C,"https://ratings-images-prod.pulse.ea.com/madden-nfl-26/portraits/3322.png?im=FaceCrop,padding=0.7",https://drop-assets.ea.com/images/4fzYNoreZSo04KbSHo3Sqn/0855e78441c821f956abac278f04abb7/11.png,72,60,70,75,81,74,10,29,13,5,35,10,21,57,5,25,34,81,90,10,10,14,10,82,9,5,67,75,72,77,5,31,35,10,34,12,73,75,71,Default Stride Awkward,10,12,56,10,10,32,5,6,7,6,22,5,77,15,9
2700,C.J.,Goodwin,Cornerback,CB,Dallas Cowboys,11,67,35,California,75,190,29,11,Manto Man - CB,"https://ratings-images-prod.pulse.ea.com/madden-nfl-26/portraits/7477.png?im=FaceCrop,padding=0.7",https://drop-assets.ea.com/images/4fzYNoreZSo04KbSHo3Sqn/0855e78441c821f956abac278f04abb7/11.png,94,81,89,85,66,60,70,48,14,54,69,65,68,79,32,38,46,47,89,73,22,20,54,17,67,39,67,30,24,25,6,62,31,74,65,62,32,27,32,Default Stride Loose,49,75,93,72,52,48,6,10,15,10,35,13,66,45,64
14680,Cade,Stover,Tight End,TE,Houston Texans,32,67,25,Ohio State,76,247,87,1,Possession - TE,"https://ratings-images-prod.pulse.ea.com/madden-nfl-26/portraits/10256.png?im=FaceCrop,padding=0.7",https://drop-assets.ea.com/images/4rWKgLRDGADEZ3pTbdrpW0/793a695de8ea5caf8f2e1b3973ae1b61/32.png,88,70,83,82,74,69,73,56,16,68,70,75,77,70,52,51,60,66,89,68,14,15,15,67,44,59,67,58,56,56,10,45,53,33,60,65,64,59,58,Long Stride Default,64,76,84,59,67,58,10,15,20,10,26,14,86,67,50
4604,Carson,Vinson,Right Tackle,RT,Baltimore Ravens,25,67,23,Alabama AM,79,314,71,0,Agile - OT,"https://ratings-images-prod.pulse.ea.com/madden-nfl-26/portraits/10764.png?im=FaceCrop,padding=0.7",https://drop-assets.ea.com/images/3zZnTQ4izXUrnVi3ryTBcm/a12a28ccd2af4c0a0930b58db73552a7/25.png,70,63,71,86,81,70,13,37,13,14,26,15,28,52,5,14,25,83,87,10,11,14,13,79,11,5,67,74,74,72,6,22,23,10,31,17,73,74,71,Long Stride Awkward,15,29,68,10,21,24,6,6,6,6,15,11,87,25,14
2769,Charley,Hughlett,Long Snapper,LS,Philadelphia Eagles,13,67,35,UCF,76,248,47,11,Power - LS,"https://ratings-images-prod.pulse.ea.com/madden-nfl-26/portraits/7716.png?im=FaceCrop,padding=0.7",https://drop-assets.ea.com/images/1Nt5pFCpjcBcADzHRbwfIk/ce90f9cb564aef7cc30cf1dd88c84150/13.png,70,73,77,69,73,62,25,42,10,17,65,52,57,64,28,10,58,73,93,30,13,13,10,56,25,33,67,66,66,60,6,40,10,15,44,20,65,66,62,Default Stride Awkward,38,48,71,25,45,57,6,6,6,6,38,10,76,34,24
22215,Chase,Lucas,Cornerback,CB,San Francisco 49ers,15,67,28,Arizona St.,72,176,26,3,Zone - CB,"https://ratings-images-prod.pulse.ea.com/madden-nfl-26/portraits/1817.png?im=FaceCrop,padding=0.7",https://drop-assets.ea.com/images/1SoIzWJtk28ygwNAPEMRnf/deaee9a60ace23f7eaeaf4275c2282b0/15.png,94,90,92,87,54,61,74,42,19,66,66,55,62,89,24,30,49,39,89,77,12,12,45,15,67,30,67,34,34,34,6,59,24,67,61,25,34,34,34,Short Stride Default,37,60,90,68,44,46,11,13,16,14,25,9,77,35,71
1251,Chris,Roland-Wallace,Cornerback,CB,Kansas City Chiefs,9,67,23,USC,72,202,30,1,Manto Man - CB,"https://ratings-images-prod.pulse.ea.com/madden-nfl-26/portraits/10960.png?im=FaceCrop,padding=0.7",https://drop-assets.ea.com/images/3g9AewmTPjE4A7yc2tobiZ/20b6502896df3893414233cb5fe1b803/9.png,90,78,85,90,64,73,60,42,38,52,62,63,65,73,58,45,50,45,88,72,15,18,55,18,71,60,67,33,34,33,35,71,37,65,69,61,34,34,33,Short Stride Loose,62,65,86,64,28,56,31,34,36,32,38,26,89,33,70
14740,Christian,Jones,Right Tackle,RT,Arizona Cardinals,7,67,25,Texas,77,320,75,1,Agile - OT,"https://ratings-images-prod.pulse.ea.com/madden-nfl-26/portraits/10131.png?im=FaceCrop,padding=0.7",https://drop-assets.ea.com/images/5NdzvrqrP3clJDBL6kdTmu/1f61914ff14c6f4be0240d71e622f9c6/7.png,72,54,71,84,84,65,10,40,9,15,42,34,32,56,17,30,35,83,92,10,10,13,10,79,12,20,67,74,72,73,11,24,40,10,35,24,74,78,70,Long Stride Awkward,23,32,71,10,25,33,11,15,21,11,16,9,85,29,10
22244,Christopher,Smith II,Strong Safety,SS,NY Jets,18,67,25,Georgia,71,195,17,2,Zone - S,"https://ratings-images-prod.pulse.ea.com/madden-nfl-26/portraits/2397.png?im=FaceCrop,padding=0.7",https://drop-assets.ea.com/images/7M46e9acznPLjtJlC7FaWV/ef5cfc9e8306cbdae723a5f7e809b0fd/18.png,92,77,80,90,57,71,71,48,13,58,62,53,70,80,13,45,77,46,87,70,25,30,52,19,66,18,67,30,30,30,6,70,31,60,67,24,35,35,35,Default Stride Loose,28,69,86,65,35,64,6,6,6,6,22,14,79,27,70
13099,Chukwuma,Okorafor,Right Tackle,RT,NY Jets,18,67,28,W. Michigan,78,320,79,7,Agile - OT,"https://ratings-images-prod.pulse.ea.com/madden-nfl-26/portraits/9011.png?im=FaceCrop,padding=0.7",https://drop-assets.ea.com/images/7M46e9acznPLjtJlC7FaWV/ef5cfc9e8306cbdae723a5f7e809b0fd/18.png,63,57,61,88,85,71,10,24,12,12,27,15,24,51,7,14,29,82,91,10,13,18,10,82,11,10,67,73,71,75,6,18,18,10,26,13,74,77,71,Long Stride Awkward,15,12,67,10,10,28,6,6,6,6,18,13,81,24,13
15039,Corey,Kiner,Halfback,HB,Arizona Cardinals,7,67,23,Cincinnati,69,209,37,0,Elusive Back - HB,,https://drop-assets.ea.com/images/5NdzvrqrP3clJDBL6kdTmu/1f61914ff14c6f4be0240d71e622f9c6/7.png,89,82,85,86,73,66,81,32,23,80,87,49,66,79,43,25,28,43,88,79,18,16,69,34,24,50,67,47,38,36,25,30,23,23,35,47,38,27,29,Short Stride Loose,53,51,88,72,77,32,19,14,22,16,31,22,87,80,25
23149,Cory,Trice Jr,Cornerback,CB,Pittsburgh Steelers,29,67,25,Purdue,75,206,27,2,Slot - CB,"https://ratings-images-prod.pulse.ea.com/madden-nfl-26/portraits/2434.png?im=FaceCrop,padding=0.7",https://drop-assets.ea.com/images/4k4tkEjxICBzmTan96wMKZ/1d5d9145ace8a359ac5423c8c3e5e2d8/29.png,91,92,85,89,67,57,69,57,22,60,64,62,72,89,31,38,81,58,85,70,13,15,56,15,60,33,67,35,35,35,6,59,42,78,73,48,35,35,35,Long Stride Loose,34,71,90,64,66,70,10,11,12,7,25,13,85,55,68
22306,D.J.,Davidson,Defensive Tackle,DT,NY Giants,16,67,27,Arizona St.,75,327,98,3,,"https://ratings-images-prod.pulse.ea.com/madden-nfl-26/portraits/1326.png?im=FaceCrop,padding=0.7",https://drop-assets.ea.com/images/5hloGwLNaCrg2IBn0CoWVb/b5996a802009a4252f992182bd9acf85/16.png,69,64,71,72,83,70,23,72,14,22,35,16,34,55,10,60,77,81,88,19,16,15,10,40,12,11,67,45,45,45,10,72,71,16,77,15,50,50,50,Long Stride Awkward,13,18,65,17,24,80,13,16,20,13,22,12,86,30,13
15344,Dante,Trader Jr,Free Safety,FS,Miami Dolphins,12,67,22,Maryland,71,200,11,0,Zone - S,"https://ratings-images-prod.pulse.ea.com/madden-nfl-26/portraits/10756.png?im=FaceCrop,padding=0.7",https://drop-assets.ea.com/images/1rcCzp9f3OyZFzRBRFJVpC/8dc08dce09c05a748587769908cd710c/12.png,91,81,81,90,62,66,65,52,26,53,61,58,69,82,26,35,76,49,88,63,15,20,70,25,62,30,67,35,35,35,17,63,37,69,76,33,35,35,35,Default Stride Loose,35,60,84,57,43,67,14,18,22,22,34,19,87,45,72
22377,Dareke,Young,Wide Receiver,WR,Seattle Seahawks,28,67,26,Lenoir-Rhyne University,74,224,83,3,,"https://ratings-images-prod.pulse.ea.com/madden-nfl-26/portraits/2668.png?im=FaceCrop,padding=0.7",https://drop-assets.ea.com/images/2WrGCB8Atuo0aZ4MbstBrI/bbe9263ce111287adcef479efbc72160/28.png,93,86,88,80,71,66,82,28,19,75,78,79,78,82,66,10,36,45,85,74,17,21,85,27,12,67,67,30,28,29,6,15,10,12,42,62,40,26,31,Long Stride Loose,69,75,91,66,68,30,8,10,15,16,23,11,75,69,10
22840,Davis,Allen,Tight End,TE,Los Angeles Rams,24,67,24,Clemson,78,250,87,2,Vertical Threat - TE,"https://ratings-images-prod.pulse.ea.com/madden-nfl-26/portraits/852.png?im=FaceCrop,padding=0.7",https://drop-assets.ea.com/images/wS8JnLBEBj9eq68rO1qTb/b7b5285ad842936bc21bb149eb8c31b8/24.png,88,78,89,86,69,72,70,55,20,57,71,80,82,71,49,50,57,63,89,56,15,18,30,54,37,55,67,57,56,53,16,49,45,30,61,59,61,61,57,Long Stride Default,62,79,82,51,58,63,10,15,20,25,44,24,87,64,45
16143,Dillon,Gabriel,Quarterback,QB,Cleveland Browns,5,67,24,Oregon,72,205,8,0,Field General - QB,"https://ratings-images-prod.pulse.ea.com/madden-nfl-26/portraits/10557.png?im=FaceCrop,padding=0.7",https://drop-assets.ea.com/images/4qbblHggBjaH9o46kyGeFo/27cab0f308b54edbd469e9b20cb506f7/5.png,86,79,72,91,58,70,75,33,66,65,62,21,41,78,18,32,30,31,89,59,37,49,21,30,24,16,67,24,27,25,84,29,30,22,39,28,18,26,29,Default,21,18,83,54,46,35,78,79,84,77,84,80,90,34,48
23282,DJ,Ivey,Cornerback,CB,Cincinnati Bengals,2,67,25,Miami,73,192,38,2,Manto Man - CB,"https://ratings-images-prod.pulse.ea.com/madden-nfl-26/portraits/4447.png?im=FaceCrop,padding=0.7",https://drop-assets.ea.com/images/5oemvWKqCFgBCkCI4h9A2U/0629c6d345fe01a14ba9f40554fd182e/2.png,90,83,92,86,54,61,65,41,15,50,59,56,64,87,11,38,62,42,90,69,16,19,55,18,70,12,67,30,30,30,6,58,27,72,64,14,35,35,35,Default Stride Loose,17,63,90,64,49,56,6,6,6,6,22,13,78,35,69
15060,Dominic,Lovett,Wide Receiver,WR,Detroit Lions,19,67,22,Georgia,70,185,19,0,Deep Threat - WR,"https://ratings-images-prod.pulse.ea.com/madden-nfl-26/portraits/10640.png?im=FaceCrop,padding=0.7",https://drop-assets.ea.com/images/7cuE4tZcli1uQyZbvXWMrd/a2df9decdab28170691ca6631dd62139/19.png,92,80,81,83,62,66,78,28,31,71,73,76,82,84,69,24,23,31,87,72,21,21,64,24,67,68,67,24,15,21,22,44,21,30,27,70,38,17,17,Default Stride Loose,69,76,92,68,47,33,10,10,12,15,12,24,82,55,50
20436,Donald,Parham,Tight End,TE,Pittsburgh Steelers,29,67,28,Stetson,80,237,89,5,Vertical Threat - TE,"https://ratings-images-prod.pulse.ea.com/madden-nfl-26/portraits/1498.png?im=FaceCrop,padding=0.7",https://drop-assets.ea.com/images/4k4tkEjxICBzmTan96wMKZ/1d5d9145ace8a359ac5423c8c3e5e2d8/29.png,83,75,91,86,71,65,66,32,17,61,73,76,81,70,59,17,33,58,83,72,19,21,18,43,14,64,67,58,53,57,6,22,17,17,38,69,58,53,56,Long Stride Loose,67,79,85,66,62,38,6,10,15,10,30,10,87,64,21
22961,Dylan,Horton,Left Edge,LEDG,Houston Texans,32,67,25,TCU,76,275,92,2,Run Stopper - DE,"https://ratings-images-prod.pulse.ea.com/madden-nfl-26/portraits/2212.png?im=FaceCrop,padding=0.7",https://drop-assets.ea.com/images/4rWKgLRDGADEZ3pTbdrpW0/793a695de8ea5caf8f2e1b3973ae1b61/32.png,82,70,82,81,73,68,48,69,11,27,40,25,39,65,5,64,79,76,91,42,30,31,10,28,24,7,67,45,45,45,6,70,69,35,81,12,45,45,45,Default Stride High and Tight,10,28,81,35,49,81,5,6,7,5,27,5,84,44,29
15218,Elijah,Simmons,Defensive Tackle,DT,Tampa Bay Buccaneers,6,67,24,Tennessee,73,334,92,0,,"https://ratings-images-prod.pulse.ea.com/madden-nfl-26/portraits/10727.png?im=FaceCrop,padding=0.7",https://drop-assets.ea.com/images/1L5Fn21WqZN9jcLucGYg4c/ce29db9b9b4775d4e8fc337bf5c65027/6.png,69,67,78,84,89,63,21,73,12,16,36,18,38,55,5,63,79,88,87,18,12,16,10,26,20,7,67,45,45,45,6,61,72,15,75,15,45,45,45,Default Stride Awkward,16,18,63,18,31,80,6,6,6,6,20,10,88,30,25
12711,Eric,Saubert,Tight End,TE,Seattle Seahawks,28,67,31,Drake,77,253,81,8,Possession - TE,"https://ratings-images-prod.pulse.ea.com/madden-nfl-26/portraits/8717.png?im=FaceCrop,padding=0.7",https://drop-assets.ea.com/images/2WrGCB8Atuo0aZ4MbstBrI/bbe9263ce111287adcef479efbc72160/28.png,83,72,85,80,75,69,73,32,13,68,75,75,78,63,54,19,39,66,90,68,22,26,10,51,12,58,67,61,60,61,6,20,20,10,36,63,63,63,60,Long Stride Loose,64,80,82,69,70,30,6,10,15,10,20,10,83,68,15
22736,Eric,Gray,Halfback,HB,NY Giants,16,67,25,Oklahoma,70,210,20,2,Elusive Back - HB,"https://ratings-images-prod.pulse.ea.com/madden-nfl-26/portraits/2175.png?im=FaceCrop,padding=0.7",https://drop-assets.ea.com/images/5hloGwLNaCrg2IBn0CoWVb/b5996a802009a4252f992182bd9acf85/16.png,90,85,86,86,69,63,82,24,24,76,84,47,72,86,48,10,23,33,92,79,10,16,72,28,10,56,67,55,37,32,17,13,10,14,34,49,31,24,18,Long Stride Default,63,49,86,73,70,25,15,19,24,21,24,19,90,70,16
1348,Ethan,Bonner,Cornerback,CB,Miami Dolphins,12,67,25,Stanford,73,186,27,2,Manto Man - CB,"https://ratings-images-prod.pulse.ea.com/madden-nfl-26/portraits/10876.png?im=FaceCrop,padding=0.7",https://drop-assets.ea.com/images/1rcCzp9f3OyZFzRBRFJVpC/8dc08dce09c05a748587769908cd710c/12.png,91,90,85,81,53,63,65,47,17,61,55,53,63,88,21,34,57,41,86,70,22,21,55,10,69,23,67,33,25,24,15,60,30,66,68,25,35,32,31,Default Stride Loose,25,57,92,66,42,50,6,10,15,13,25,16,78,34,64
15263,Francisco,Mauigoa,Weak Backer,WILL,NY Jets,18,67,22,Miami,74,233,51,0,Run Stopper - OLB,"https://ratings-images-prod.pulse.ea.com/madden-nfl-26/portraits/10651.png?im=FaceCrop,padding=0.7",https://drop-assets.ea.com/images/7M46e9acznPLjtJlC7FaWV/ef5cfc9e8306cbdae723a5f7e809b0fd/18.png,90,75,84,87,73,68,49,63,33,38,63,45,56,71,20,61,78,72,88,49,18,22,10,24,59,23,67,45,45,45,17,67,55,46,81,24,45,45,45,Default Stride Loose,26,46,84,46,43,78,20,23,26,31,30,20,88,40,66
9718,George,Holani,Halfback,HB,Seattle Seahawks,28,67,25,Boise State,70,208,36,1,Elusive Back - HB,"https://ratings-images-prod.pulse.ea.com/madden-nfl-26/portraits/10108.png?im=FaceCrop,padding=0.7",https://drop-assets.ea.com/images/2WrGCB8Atuo0aZ4MbstBrI/bbe9263ce111287adcef479efbc72160/28.png,92,78,89,83,71,70,79,27,22,76,87,62,69,80,45,10,31,42,82,78,13,17,72,38,15,55,67,53,31,36,15,20,10,15,24,50,34,26,31,Default,60,58,89,71,68,25,20,26,31,17,42,15,79,73,18
1084,Giovanni,Manu,Left Tackle,LT,Detroit Lions,19,67,24,UBC,79,354,59,1,Power - OT,"https://ratings-images-prod.pulse.ea.com/madden-nfl-26/portraits/10414.png?im=FaceCrop,padding=0.7",https://drop-assets.ea.com/images/7cuE4tZcli1uQyZbvXWMrd/a2df9decdab28170691ca6631dd62139/19.png,75,50,81,79,86,49,38,39,17,37,44,39,37,52,22,23,49,82,89,23,15,21,10,84,7,23,67,69,65,74,6,16,41,8,42,28,76,75,77,Long Stride Awkward,24,35,70,21,51,43,9,12,15,6,29,15,87,45,7
14669,Isaiah,Williams,Wide Receiver,WR,NY Jets,18,67,24,Illinois,70,185,18,1,,"https://ratings-images-prod.pulse.ea.com/madden-nfl-26/portraits/10298.png?im=FaceCrop,padding=0.7",https://drop-assets.ea.com/images/7M46e9acznPLjtJlC7FaWV/ef5cfc9e8306cbdae723a5f7e809b0fd/18.png,92,91,88,80,59,64,78,23,49,73,76,77,81,92,64,10,22,40,90,77,30,28,83,29,10,67,67,30,15,15,51,17,10,13,29,71,41,29,26,Default Stride Loose,69,78,87,70,59,24,53,58,61,53,67,43,82,48,15
21177,Jack,Driscoll,Right Guard,RG,Pittsburgh Steelers,29,67,28,Auburn,77,312,68,5,Agile - G,"https://ratings-images-prod.pulse.ea.com/madden-nfl-26/portraits/261.png?im=FaceCrop,padding=0.7",https://drop-assets.ea.com/images/4k4tkEjxICBzmTan96wMKZ/1d5d9145ace8a359ac5423c8c3e5e2d8/29.png,74,61,73,85,83,76,28,29,12,17,29,29,36,49,8,27,42,79,84,19,20,22,10,84,12,16,67,68,70,66,6,26,33,10,30,22,70,72,68,Long Stride Awkward,26,25,70,15,26,36,6,6,6,6,25,14,92,37,15
4605,Jackson,Slater,Left Guard,LG,Tennessee Titans,30,67,22,Sacramento State,75,311,64,0,Power - G,"https://ratings-images-prod.pulse.ea.com/madden-nfl-26/portraits/10733.png?im=FaceCrop,padding=0.7",https://drop-assets.ea.com/images/2YxvlDMaJsJwNQ4lS7qdCQ/d850f60dcbdcd71fb162eb55a46c7969/30.png,72,61,79,86,89,68,13,36,11,8,29,25,25,52,5,33,22,81,87,11,12,17,10,79,12,5,67,70,69,71,5,24,35,10,31,15,71,70,71,Default Stride Awkward,13,24,72,10,15,35,5,5,5,5,24,9,87,26,14
24435,Jacob,Bobenmoyer,Long Snapper,LS,Las Vegas Raiders,23,67,28,N. Colorado,74,235,50,5,Accurate - LS,"https://ratings-images-prod.pulse.ea.com/madden-nfl-26/portraits/1400.png?im=FaceCrop,padding=0.7",https://drop-assets.ea.com/images/5ZrNmFWgR1vnwTOdqVmwYy/fe13aa7566120fb59130404e168c59ca/23.png,84,71,76,79,68,57,45,60,11,43,45,46,52,67,25,49,72,70,90,51,19,21,18,55,41,29,67,48,44,51,17,48,60,46,69,30,53,40,44,Default Stride Loose,33,38,79,47,52,68,13,16,18,19,27,10,89,46,47
20329,Jake,Browning,Quarterback,QB,Cincinnati Bengals,2,67,29,Washington,74,209,6,5,Field General - QB,"https://ratings-images-prod.pulse.ea.com/madden-nfl-26/portraits/9399.png?im=FaceCrop,padding=0.7",https://drop-assets.ea.com/images/5oemvWKqCFgBCkCI4h9A2U/0629c6d345fe01a14ba9f40554fd182e/2.png,82,76,72,79,57,72,62,22,61,41,66,27,39,73,10,10,15,15,93,56,47,59,10,12,10,13,67,11,10,10,74,15,10,10,30,14,11,10,10,Default,24,33,79,41,32,19,74,79,85,76,87,77,90,33,13
23118,Jalen,Brooks,Wide Receiver,WR,Arizona Cardinals,7,67,25,South Carolina,74,205,86,2,Slot - WR,"https://ratings-images-prod.pulse.ea.com/madden-nfl-26/portraits/1794.png?im=FaceCrop,padding=0.7",https://drop-assets.ea.com/images/5NdzvrqrP3clJDBL6kdTmu/1f61914ff14c6f4be0240d71e622f9c6/7.png,90,80,84,80,61,72,77,25,24,73,71,78,82,81,70,10,22,32,87,75,15,19,68,18,12,72,67,21,24,30,12,15,10,15,20,66,35,22,14,Long Stride Default,73,81,86,70,49,28,10,15,20,19,25,16,82,47,16
13286,Jalen,Davis,Cornerback,CB,Cincinnati Bengals,2,67,29,Utah State,70,186,35,7,Manto Man - CB,"https://ratings-images-prod.pulse.ea.com/madden-nfl-26/portraits/9744.png?im=FaceCrop,padding=0.7",https://drop-assets.ea.com/images/5oemvWKqCFgBCkCI4h9A2U/0629c6d345fe01a14ba9f40554fd182e/2.png,88,81,86,87,53,69,72,55,10,52,63,51,69,77,12,42,54,50,86,78,25,25,73,15,69,17,67,35,35,35,6,70,25,70,72,15,35,35,35,Short Stride Loose,27,62,88,71,31,57,6,6,6,6,30,12,78,25,67
15133,Jalen,Rivers,Right Guard,RG,Cincinnati Bengals,2,67,22,Miami,78,319,74,0,Power - G,"https://ratings-images-prod.pulse.ea.com/madden-nfl-26/portraits/10708.png?im=FaceCrop,padding=0.7",https://drop-assets.ea.com/images/5oemvWKqCFgBCkCI4h9A2U/0629c6d345fe01a14ba9f40554fd182e/2.png,65,56,69,85,83,67,13,23,12,12,40,18,21,49,5,23,27,87,82,15,23,13,24,80,11,5,67,69,69,72,6,29,34,10,21,18,71,71,73,Long Stride Awkward,16,18,63,12,13,24,6,6,6,6,23,12,83,32,13
14959,James,Williams Sr,Mike Backer,MIKE,Tennessee Titans,30,67,22,Miami,76,231,52,1,Pass Coverage - MLB,"https://ratings-images-prod.pulse.ea.com/madden-nfl-26/portraits/10299.png?im=FaceCrop,padding=0.7",https://drop-assets.ea.com/images/2YxvlDMaJsJwNQ4lS7qdCQ/d850f60dcbdcd71fb162eb55a46c7969/30.png,89,79,74,81,71,67,67,57,39,62,65,65,69,73,23,47,88,67,89,66,14,15,50,34,69,28,67,35,35,35,15,65,54,81,78,42,35,35,35,Long Stride Loose,33,71,84,63,68,71,24,27,34,29,35,14,87,65,71
21579,Jaret,Patterson,Halfback,HB,Los Angeles Chargers,8,67,25,Buffalo,68,195,32,4,Elusive Back - HB,"https://ratings-images-prod.pulse.ea.com/madden-nfl-26/portraits/1009.png?im=FaceCrop,padding=0.7",https://drop-assets.ea.com/images/1nyokQ4GLHKjmDL5IorxkB/29267d1765bd7f27730a007e1b070ec4/8.png,89,82,74,84,61,71,78,26,22,75,83,62,66,82,39,24,41,26,90,83,12,19,55,27,28,49,67,46,34,31,15,28,17,31,52,39,35,36,34,Short Stride Default,60,58,85,77,53,37,14,15,19,26,24,16,84,48,33
1125,Jarrett,Kingston,Left Guard,LG,Houston Texans,32,67,25,USC,76,308,63,1,Power - G,"https://ratings-images-prod.pulse.ea.com/madden-nfl-26/portraits/10143.png?im=FaceCrop,padding=0.7",https://drop-assets.ea.com/images/4rWKgLRDGADEZ3pTbdrpW0/793a695de8ea5caf8f2e1b3973ae1b61/32.png,77,66,77,83,90,62,25,28,9,10,28,15,25,64,5,25,27,80,92,15,11,15,10,79,10,5,67,69,67,71,6,25,24,8,34,10,70,66,71,Default Stride Awkward,10,21,72,13,29,25,6,7,8,7,20,11,82,25,12
15250,Jeffrey,Bassa,Weak Backer,WILL,Kansas City Chiefs,9,67,22,Oregon,74,235,31,0,Pass Coverage - OLB,"https://ratings-images-prod.pulse.ea.com/madden-nfl-26/portraits/10487.png?im=FaceCrop,padding=0.7",https://drop-assets.ea.com/images/3g9AewmTPjE4A7yc2tobiZ/20b6502896df3893414233cb5fe1b803/9.png,89,78,91,87,69,68,46,62,22,38,58,49,54,75,24,53,79,71,88,53,19,21,10,23,62,27,67,45,45,45,6,66,50,42,82,25,45,45,45,Default Stride High and Tight,30,51,85,47,40,81,6,6,6,6,25,12,88,41,65
22351,Jelani,Woods,Tight End,TE,NY Jets,18,67,26,Virginia,79,253,86,3,Vertical Threat - TE,"https://ratings-images-prod.pulse.ea.com/madden-nfl-26/portraits/2050.png?im=FaceCrop,padding=0.7",https://drop-assets.ea.com/images/7M46e9acznPLjtJlC7FaWV/ef5cfc9e8306cbdae723a5f7e809b0fd/18.png,87,84,89,85,78,52,74,35,66,66,72,77,78,73,59,20,37,62,89,71,14,15,15,59,12,61,67,61,61,59,58,15,15,35,40,62,63,63,61,Long Stride Loose,63,82,85,65,71,38,62,61,67,66,79,53,85,70,20
14903,Jeremiah,Trotter Jr,Sam Backer,SAM,Philadelphia Eagles,13,67,22,Clemson,72,230,54,1,Pass Coverage - OLB,"https://ratings-images-prod.pulse.ea.com/madden-nfl-26/portraits/10271.png?im=FaceCrop,padding=0.7",https://drop-assets.ea.com/images/1Nt5pFCpjcBcADzHRbwfIk/ce90f9cb564aef7cc30cf1dd88c84150/13.png,85,79,80,83,69,71,50,67,24,41,59,63,67,72,23,68,87,66,91,50,15,17,40,40,65,27,67,35,31,31,13,73,61,55,79,31,35,29,31,Default Stride Loose,31,64,78,45,40,77,9,13,13,14,23,10,90,42,68
14772,Jimmy,Horn Jr,Wide Receiver,WR,Carolina Panthers,21,67,22,Colorado,68,174,15,0,,"https://ratings-images-prod.pulse.ea.com/madden-nfl-26/portraits/10592.png?im=FaceCrop,padding=0.7",https://drop-assets.ea.com/images/4Klf6KKhbnVi5RaARK1OiL/13a917c75c0fbc4edb0eb018cb757d8d/21.png,91,83,87,84,61,69,79,26,23,70,74,75,77,85,71,20,19,32,88,73,25,24,78,22,64,72,67,21,15,23,16,37,18,25,24,68,38,12,13,Default Stride Loose,72,75,91,72,39,24,12,15,18,14,18,18,82,32,32
10866,Jimmy,Garoppolo,Quarterback,QB,Los Angeles Rams,24,67,33,E. Illinois,74,225,11,11,Field General - QB,"https://ratings-images-prod.pulse.ea.com/madden-nfl-26/portraits/6429.png?im=FaceCrop,padding=0.7",https://drop-assets.ea.com/images/wS8JnLBEBj9eq68rO1qTb/b7b5285ad842936bc21bb149eb8c31b8/24.png,71,73,73,88,63,68,66,16,70,47,60,15,35,70,14,10,12,28,82,57,10,20,10,22,17,16,67,10,10,10,87,22,10,10,37,20,26,10,10,Default,17,25,74,56,39,16,79,78,84,80,85,78,91,41,19
15208,JJ,Pegues,Defensive Tackle,DT,Las Vegas Raiders,23,67,23,Ole Miss,75,309,92,0,,"https://ratings-images-prod.pulse.ea.com/madden-nfl-26/portraits/10691.png?im=FaceCrop,padding=0.7",https://drop-assets.ea.com/images/5ZrNmFWgR1vnwTOdqVmwYy/fe13aa7566120fb59130404e168c59ca/23.png,69,62,69,83,84,64,51,78,36,47,60,56,52,60,24,71,81,82,92,46,29,32,35,32,19,31,67,45,45,45,35,62,67,19,77,30,45,45,45,Default,37,48,67,42,56,77,31,34,38,38,46,39,94,62,20
21276,Joe,Bachie,Weak Backer,WILL,Tennessee Titans,30,67,27,Michigan St.,73,235,48,5,Run Stopper - OLB,"https://ratings-images-prod.pulse.ea.com/madden-nfl-26/portraits/81.png?im=FaceCrop,padding=0.7",https://drop-assets.ea.com/images/2YxvlDMaJsJwNQ4lS7qdCQ/d850f60dcbdcd71fb162eb55a46c7969/30.png,87,78,81,85,76,64,54,67,12,39,61,38,60,70,27,48,81,80,84,59,20,16,10,21,52,34,67,47,45,45,6,67,55,51,78,32,48,45,45,Default Stride Loose,37,41,82,46,50,82,6,6,6,6,22,15,90,48,62
4678,Johnathan,Edwards,Cornerback,CB,Indianapolis Colts,10,67,23,Tulane,73,201,35,0,Manto Man - CB,"https://ratings-images-prod.pulse.ea.com/madden-nfl-26/portraits/11083.png?im=FaceCrop,padding=0.7",https://drop-assets.ea.com/images/5yTvAS7xG5Z8qw65gMLzSU/037cfcd90e26ee06666a24d762791f65/10.png,90,83,91,85,59,63,65,45,13,49,55,52,66,77,12,33,57,45,86,72,12,14,50,15,69,16,67,30,30,30,6,60,29,69,73,24,35,35,35,Default Stride Loose,24,59,92,65,35,60,6,6,6,6,25,10,87,28,65
14916,Jordan,Magee,Mike Backer,MIKE,Washington Commanders,26,67,24,Temple,74,228,58,1,Pass Coverage - MLB,"https://ratings-images-prod.pulse.ea.com/madden-nfl-26/portraits/10413.png?im=FaceCrop,padding=0.7",https://drop-assets.ea.com/images/42h6FyIuthDAiH4cTWUXRH/bb952a9252013b5bfdf77ac3f4011601/RatingsteamcrestWashingtonCommanders256.png,91,87,85,83,64,65,66,67,47,55,66,47,56,82,5,65,77,66,91,67,14,18,10,25,61,6,67,35,30,35,37,63,54,45,80,20,45,40,40,Default Stride Loose,10,53,87,65,48,79,42,46,50,44,54,32,88,57,66
1223,Josh,Wallace,Cornerback,CB,Los Angeles Rams,24,67,25,Michigan,71,189,30,1,Manto Man - CB,"https://ratings-images-prod.pulse.ea.com/madden-nfl-26/portraits/10283.png?im=FaceCrop,padding=0.7",https://drop-assets.ea.com/images/wS8JnLBEBj9eq68rO1qTb/b7b5285ad842936bc21bb149eb8c31b8/24.png,91,83,83,84,60,65,65,52,36,58,61,59,67,83,11,37,69,53,86,69,17,18,55,21,70,16,67,25,25,25,14,63,28,69,72,27,15,34,33,Short Stride High and Tight,26,65,86,63,57,63,20,22,25,24,25,22,83,41,71
22618,Julius,Chestnut,Halfback,HB,Tennessee Titans,30,67,24,Sacred Heart,71,228,36,3,Power Back - HB,"https://ratings-images-prod.pulse.ea.com/madden-nfl-26/portraits/3003.png?im=FaceCrop,padding=0.7",https://drop-assets.ea.com/images/2YxvlDMaJsJwNQ4lS7qdCQ/d850f60dcbdcd71fb162eb55a46c7969/30.png,91,83,82,80,76,67,78,38,21,80,87,63,68,79,45,10,40,45,85,78,17,21,75,42,10,50,67,55,51,48,10,16,10,10,42,52,45,46,42,Default Stride Loose,60,59,88,69,78,35,10,20,25,10,25,11,85,80,12
20732,Justin,Skule,Left Tackle,LT,Minnesota Vikings,31,67,28,Vanderbilt,78,315,67,6,Agile - OT,"https://ratings-images-prod.pulse.ea.com/madden-nfl-26/portraits/157.png?im=FaceCrop,padding=0.7",https://drop-assets.ea.com/images/bzuWJaOZo5LCC4SwdbVzx/f6dc0006f59641745e50721d0d8c9d38/31.png,64,64,65,81,85,72,14,30,12,8,22,26,28,54,7,17,38,78,86,13,22,20,10,82,12,13,67,69,72,67,6,21,22,10,33,47,72,75,69,Default Stride Awkward,22,24,65,10,10,32,6,6,6,6,18,10,85,24,12
22864,Justin,Dedich,Left Guard,LG,Los Angeles Rams,24,67,25,USC,74,300,67,1,Power - G,"https://ratings-images-prod.pulse.ea.com/madden-nfl-26/portraits/10890.png?im=FaceCrop,padding=0.7",https://drop-assets.ea.com/images/wS8JnLBEBj9eq68rO1qTb/b7b5285ad842936bc21bb149eb8c31b8/24.png,62,56,73,79,89,70,10,31,12,10,36,10,27,57,5,10,12,84,88,10,20,24,10,82,14,5,67,68,64,70,6,22,10,10,34,12,71,73,69,Long Stride Awkward,10,12,60,10,10,33,6,6,6,6,15,15,86,30,14
22453,Kalia,Davis,Defensive Tackle,DT,San Francisco 49ers,15,67,26,UCF,74,310,93,3,,"https://ratings-images-prod.pulse.ea.com/madden-nfl-26/portraits/1334.png?im=FaceCrop,padding=0.7",https://drop-assets.ea.com/images/1SoIzWJtk28ygwNAPEMRnf/deaee9a60ace23f7eaeaf4275c2282b0/15.png,80,54,69,68,84,65,20,73,10,15,27,25,32,48,5,60,76,86,80,25,10,10,10,32,20,9,67,45,45,45,6,69,70,15,74,20,45,45,45,Default Stride Awkward,15,19,70,24,25,78,6,6,6,6,20,10,78,25,28
14961,Kamal,Hadden,Cornerback,CB,Green Bay Packers,20,67,24,Tennessee,73,192,36,1,Zone - CB,"https://ratings-images-prod.pulse.ea.com/madden-nfl-26/portraits/10093.png?im=FaceCrop,padding=0.7",https://drop-assets.ea.com/images/4ztQk5XogdkrJe6reVd3h8/16ecf8a0f4caf228c6e54ad0f8e17425/20.png,94,81,83,83,65,64,65,47,22,64,58,61,72,81,16,39,65,44,85,71,19,20,59,15,63,21,67,30,24,25,11,61,31,73,64,24,32,26,28,Default Stride Loose,26,67,87,64,45,51,6,10,15,21,35,10,82,47,74
21729,Kene,Nwangwu,Halfback,HB,NY Jets,18,67,27,Iowa State,73,210,34,4,Elusive Back - HB,"https://ratings-images-prod.pulse.ea.com/madden-nfl-26/portraits/1180.png?im=FaceCrop,padding=0.7",https://drop-assets.ea.com/images/7M46e9acznPLjtJlC7FaWV/ef5cfc9e8306cbdae723a5f7e809b0fd/18.png,94,87,86,82,68,65,73,25,23,73,83,43,61,82,42,10,21,36,88,78,15,17,88,31,11,45,67,48,29,26,23,16,10,15,33,45,33,23,18,Default Stride High and Tight,52,42,93,70,64,29,12,17,20,20,31,11,80,60,18
21283,Khalid,Kareem,Right Edge,REDG,Atlanta Falcons,14,67,27,Notre Dame,76,268,92,5,Power Rusher - DE,"https://ratings-images-prod.pulse.ea.com/madden-nfl-26/portraits/709.png?im=FaceCrop,padding=0.7",https://drop-assets.ea.com/images/3NTxf2X9VWdF6aL91pHAVu/6002a1f3e761a58c3b00f0e08bdccf5f/14.png,82,71,82,77,84,65,22,75,12,13,39,19,37,60,3,59,80,80,85,25,13,18,10,11,19,7,67,45,45,45,6,62,71,19,78,12,45,45,45,Long Stride Loose,14,18,79,19,26,75,6,6,6,6,18,10,81,29,28
14967,Kitan,Oladapo,Strong Safety,SS,Green Bay Packers,20,67,24,Oregon State,74,216,27,1,Run Support - S,"https://ratings-images-prod.pulse.ea.com/madden-nfl-26/portraits/10201.png?im=FaceCrop,padding=0.7",https://drop-assets.ea.com/images/4ztQk5XogdkrJe6reVd3h8/16ecf8a0f4caf228c6e54ad0f8e17425/20.png,89,79,86,84,68,62,59,63,15,55,65,55,66,78,10,36,85,65,93,66,26,28,45,39,67,13,67,25,21,23,8,58,47,66,84,12,35,33,33,Default Stride High and Tight,15,61,86,64,52,73,6,8,9,7,27,9,88,57,68
20449,Kris,Boyd,Cornerback,CB,NY Jets,18,67,28,Texas,71,195,17,6,Manto Man - CB,"https://ratings-images-prod.pulse.ea.com/madden-nfl-26/portraits/9391.png?im=FaceCrop,padding=0.7",https://drop-assets.ea.com/images/7M46e9acznPLjtJlC7FaWV/ef5cfc9e8306cbdae723a5f7e809b0fd/18.png,88,85,87,88,65,70,76,53,15,68,72,48,60,87,22,39,55,55,88,74,14,19,57,15,65,29,67,40,35,35,10,67,35,69,73,20,35,35,35,Default Stride Loose,38,62,90,64,49,59,10,10,10,10,20,12,80,46,68
1171,KT,Leveston,Right Tackle,RT,Cleveland Browns,5,67,25,Kansas State,76,337,72,1,Power - OT,"https://ratings-images-prod.pulse.ea.com/madden-nfl-26/portraits/10157.png?im=FaceCrop,padding=0.7",https://drop-assets.ea.com/images/4qbblHggBjaH9o46kyGeFo/27cab0f308b54edbd469e9b20cb506f7/5.png,65,55,69,81,85,71,14,35,10,19,29,14,29,52,6,10,35,81,91,14,10,13,10,79,12,8,67,71,67,71,7,10,10,10,25,12,75,76,75,Default Stride Awkward,12,12,60,15,33,35,5,5,10,6,13,5,90,28,11
22634,Kurt,Hinish,Defensive Tackle,DT,Houston Texans,32,67,26,Notre Dame,74,300,93,3,,"https://ratings-images-prod.pulse.ea.com/madden-nfl-26/portraits/6547.png?im=FaceCrop,padding=0.7",https://drop-assets.ea.com/images/4rWKgLRDGADEZ3pTbdrpW0/793a695de8ea5caf8f2e1b3973ae1b61/32.png,78,67,70,66,88,65,28,71,12,19,34,18,37,63,3,48,78,88,88,15,11,14,10,32,12,7,67,45,45,45,6,67,70,14,72,24,45,45,45,Default Stride Awkward,15,20,70,14,31,77,6,6,6,6,19,10,84,33,19
22178,LaBryan,Ray,Defensive Tackle,DT,Carolina Panthers,21,67,27,Alabama,76,290,93,2,,"https://ratings-images-prod.pulse.ea.com/madden-nfl-26/portraits/1910.png?im=FaceCrop,padding=0.7",https://drop-assets.ea.com/images/4Klf6KKhbnVi5RaARK1OiL/13a917c75c0fbc4edb0eb018cb757d8d/21.png,70,62,71,75,83,69,39,72,12,24,40,20,40,64,4,48,82,86,80,28,12,13,5,18,16,8,67,35,35,35,6,68,67,15,71,26,45,45,45,Default Stride Awkward,15,24,68,31,40,84,6,6,6,6,20,10,76,35,19
21650,Liam,Eichenberg,Left Guard,LG,Miami Dolphins,12,67,27,Notre Dame,77,306,74,4,Agile - G,"https://ratings-images-prod.pulse.ea.com/madden-nfl-26/portraits/746.png?im=FaceCrop,padding=0.7",https://drop-assets.ea.com/images/1rcCzp9f3OyZFzRBRFJVpC/8dc08dce09c05a748587769908cd710c/12.png,70,66,67,90,85,77,15,17,12,21,24,15,24,53,5,10,29,79,92,12,13,12,10,76,12,8,67,66,66,66,6,25,10,10,18,12,73,76,70,Default Stride Awkward,10,21,68,10,23,26,6,6,6,6,21,11,76,25,15
15165,Marcus,Mbow,Right Tackle,RT,NY Giants,16,67,22,Purdue,76,302,71,0,Agile - OT,"https://ratings-images-prod.pulse.ea.com/madden-nfl-26/portraits/10652.png?im=FaceCrop,padding=0.7",https://drop-assets.ea.com/images/5hloGwLNaCrg2IBn0CoWVb/b5996a802009a4252f992182bd9acf85/16.png,73,68,73,87,84,66,16,28,12,15,44,21,23,57,5,24,37,81,86,13,14,11,10,80,11,5,67,71,73,72,6,32,37,10,23,20,74,75,73,Default Stride Awkward,21,23,71,11,19,32,6,6,6,6,22,13,87,24,14
20975,Matt,Hennessy,Center,C,San Francisco 49ers,15,67,27,Temple,75,307,61,5,Agile - C,"https://ratings-images-prod.pulse.ea.com/madden-nfl-26/portraits/343.png?im=FaceCrop,padding=0.7",https://drop-assets.ea.com/images/1SoIzWJtk28ygwNAPEMRnf/deaee9a60ace23f7eaeaf4275c2282b0/15.png,69,69,74,88,85,64,10,20,12,8,30,15,26,57,5,10,28,81,88,10,25,25,10,80,12,5,67,72,74,69,6,15,10,10,30,15,76,78,74,Default Stride Awkward,15,15,66,10,29,21,6,6,6,6,27,10,93,27,15
21116,Matt,Peart,Left Tackle,LT,Denver Broncos,4,67,28,Connecticut,79,318,79,5,Agile - OT,"https://ratings-images-prod.pulse.ea.com/madden-nfl-26/portraits/510.png?im=FaceCrop,padding=0.7",https://drop-assets.ea.com/images/4AYKY9OcX1CYbyMFBnvM8/ac07a8ff525004f92014e3259708acdf/4.png,73,54,74,82,86,75,15,29,12,6,40,15,27,49,5,22,20,80,82,10,12,15,10,83,12,5,67,72,73,69,5,32,28,10,33,15,70,72,67,Default Stride Awkward,15,15,69,10,10,37,5,5,5,5,11,10,89,24,13
22169,Matthew,Butler,Defensive Tackle,DT,Miami Dolphins,12,67,26,Tennessee,76,295,91,3,,"https://ratings-images-prod.pulse.ea.com/madden-nfl-26/portraits/1231.png?im=FaceCrop,padding=0.7",https://drop-assets.ea.com/images/1rcCzp9f3OyZFzRBRFJVpC/8dc08dce09c05a748587769908cd710c/12.png,82,54,82,73,80,71,33,72,12,28,37,30,36,51,20,59,77,81,91,32,17,17,10,30,14,25,67,44,44,44,6,70,67,12,77,26,45,45,45,Default Stride Awkward,29,31,72,26,34,80,6,6,6,6,23,12,80,32,17
16156,Micah,Robinson,Cornerback,CB,Tennessee Titans,30,67,23,Tulane,71,183,21,0,Zone - CB,"https://ratings-images-prod.pulse.ea.com/madden-nfl-26/portraits/10997.png?im=FaceCrop,padding=0.7",https://drop-assets.ea.com/images/2YxvlDMaJsJwNQ4lS7qdCQ/d850f60dcbdcd71fb162eb55a46c7969/30.png,94,79,84,86,58,64,58,48,26,45,65,62,75,78,17,23,49,40,88,74,29,21,80,23,65,20,67,35,35,25,17,63,25,65,74,26,35,35,25,Default,20,70,92,67,36,64,10,13,15,7,22,20,87,27,67
2431,Michael,Burton,Fullback,FB,Denver Broncos,4,67,33,Rutgers,72,247,20,10,Blocking - FB,"https://ratings-images-prod.pulse.ea.com/madden-nfl-26/portraits/7034.png?im=FaceCrop,padding=0.7",https://drop-assets.ea.com/images/4AYKY9OcX1CYbyMFBnvM8/ac07a8ff525004f92014e3259708acdf/4.png,78,74,80,80,82,69,72,28,12,29,74,48,62,71,27,30,63,70,91,60,14,14,35,80,10,35,67,65,43,48,5,15,25,15,43,54,69,55,59,Default,45,49,80,63,70,45,5,10,15,5,30,17,75,76,15
17756,Miles,Killebrew,Free Safety,FS,Pittsburgh Steelers,29,67,32,Southern Utah,74,222,28,9,Run Support - S,"https://ratings-images-prod.pulse.ea.com/madden-nfl-26/portraits/8096.png?im=FaceCrop,padding=0.7",https://drop-assets.ea.com/images/4k4tkEjxICBzmTan96wMKZ/1d5d9145ace8a359ac5423c8c3e5e2d8/29.png,85,82,86,81,76,70,53,61,18,48,76,44,69,75,10,46,89,64,90,69,18,21,42,19,54,10,67,25,33,34,6,71,51,67,73,23,19,33,33,Long Stride Default,20,63,86,57,48,70,6,6,6,6,27,12,87,53,60
4722,Nate,Carter,Halfback,HB,Atlanta Falcons,14,67,23,Michigan St.,70,202,38,0,Elusive Back - HB,"https://ratings-images-prod.pulse.ea.com/madden-nfl-26/portraits/11075.png?im=FaceCrop,padding=0.7",https://drop-assets.ea.com/images/3NTxf2X9VWdF6aL91pHAVu/6002a1f3e761a58c3b00f0e08bdccf5f/14.png,89,79,87,84,74,68,76,33,22,77,85,49,67,85,44,26,37,36,89,77,14,15,65,32,15,52,67,45,28,25,13,29,20,22,38,47,37,26,31,Default,59,51,91,76,71,36,12,15,21,15,25,11,88,78,20
22798,Nikko,Remigio,Wide Receiver,WR,Kansas City Chiefs,9,67,25,Fresno State,69,187,81,2,,"https://ratings-images-prod.pulse.ea.com/madden-nfl-26/portraits/10955.png?im=FaceCrop,padding=0.7",https://drop-assets.ea.com/images/3g9AewmTPjE4A7yc2tobiZ/20b6502896df3893414233cb5fe1b803/9.png,91,79,86,84,63,61,82,26,19,75,71,75,82,83,69,10,23,38,87,80,20,20,82,21,13,72,67,29,15,20,17,16,10,17,33,67,41,17,21,Short Stride Default,73,76,87,74,46,31,10,10,15,10,29,19,83,40,18
20479,Olisaemeka,Udoh,Left Tackle,LT,Tennessee Titans,30,67,28,Elon University,78,320,72,6,Power - OT,"https://ratings-images-prod.pulse.ea.com/madden-nfl-26/portraits/9660.png?im=FaceCrop,padding=0.7",https://drop-assets.ea.com/images/2YxvlDMaJsJwNQ4lS7qdCQ/d850f60dcbdcd71fb162eb55a46c7969/30.png,72,65,71,88,87,74,10,35,12,9,25,15,21,53,5,22,29,80,90,10,11,12,10,81,13,5,67,69,67,70,6,34,32,10,36,15,72,70,74,Default Stride Awkward,15,15,70,10,10,34,6,6,6,6,18,13,81,10,20
22999,Owen,Pappoe,Mike Backer,MIKE,Arizona Cardinals,7,67,24,Auburn,72,230,44,2,Field General - MLB,"https://ratings-images-prod.pulse.ea.com/madden-nfl-26/portraits/2347.png?im=FaceCrop,padding=0.7",https://drop-assets.ea.com/images/5NdzvrqrP3clJDBL6kdTmu/1f61914ff14c6f4be0240d71e622f9c6/7.png,92,77,85,84,77,65,58,61,22,45,55,54,62,74,8,60,86,65,87,70,12,17,30,24,66,10,67,35,35,35,10,61,55,54,87,15,40,40,40,Default Stride Loose,15,60,89,64,50,76,12,17,22,15,24,14,82,42,61
22165,Perrion,Winfrey,Defensive Tackle,DT,Dallas Cowboys,11,67,25,Oklahoma,76,290,99,3,,"https://ratings-images-prod.pulse.ea.com/madden-nfl-26/portraits/2042.png?im=FaceCrop,padding=0.7",https://drop-assets.ea.com/images/4fzYNoreZSo04KbSHo3Sqn/0855e78441c821f956abac278f04abb7/11.png,79,59,73,78,82,68,27,75,18,25,26,14,24,53,5,61,84,84,90,31,13,14,10,18,20,8,67,45,45,45,9,63,70,18,78,12,45,45,45,Long Stride Awkward,15,15,76,24,35,77,9,9,9,9,20,17,79,30,24
1096,Qwan'tez,Stiggers,Cornerback,CB,NY Jets,18,67,23,None,72,197,37,2,Zone - CB,"https://ratings-images-prod.pulse.ea.com/madden-nfl-26/portraits/10468.png?im=FaceCrop,padding=0.7",https://drop-assets.ea.com/images/7M46e9acznPLjtJlC7FaWV/ef5cfc9e8306cbdae723a5f7e809b0fd/18.png,94,83,86,84,60,60,66,54,23,57,57,61,73,81,16,34,68,56,92,69,15,15,55,32,69,21,67,30,24,25,15,62,26,60,70,24,35,31,30,Default Stride Loose,24,64,91,65,45,64,15,18,22,21,31,22,83,34,69
14795,Riley,Leonard,Quarterback,QB,Indianapolis Colts,10,67,22,Notre Dame,76,216,15,0,Scrambler - QB,"https://ratings-images-prod.pulse.ea.com/madden-nfl-26/portraits/10634.png?im=FaceCrop,padding=0.7",https://drop-assets.ea.com/images/5yTvAS7xG5Z8qw65gMLzSU/037cfcd90e26ee06666a24d762791f65/10.png,83,84,77,88,70,60,81,34,78,72,69,18,39,83,21,33,34,32,87,72,33,18,28,24,17,16,67,26,27,30,83,16,35,32,25,28,38,28,31,Long Stride Default,16,16,86,68,54,37,76,75,82,79,89,72,87,58,44
13848,Robert,Tonyan,Tight End,TE,Kansas City Chiefs,9,67,31,Indiana St.,77,237,85,7,Vertical Threat - TE,"https://ratings-images-prod.pulse.ea.com/madden-nfl-26/portraits/9943.png?im=FaceCrop,padding=0.7",https://drop-assets.ea.com/images/3g9AewmTPjE4A7yc2tobiZ/20b6502896df3893414233cb5fe1b803/9.png,88,78,86,83,74,62,66,33,35,58,73,78,84,72,54,10,22,62,84,68,12,17,10,50,15,58,67,56,50,53,22,39,10,25,34,71,58,55,58,Long Stride Loose,64,81,86,59,62,39,26,33,37,24,46,25,75,68,15
22336,Ronnie,Rivers,Halfback,HB,Los Angeles Rams,24,67,26,Fresno State,69,195,20,3,Elusive Back - HB,"https://ratings-images-prod.pulse.ea.com/madden-nfl-26/portraits/1914.png?im=FaceCrop,padding=0.7",https://drop-assets.ea.com/images/wS8JnLBEBj9eq68rO1qTb/b7b5285ad842936bc21bb149eb8c31b8/24.png,91,86,87,82,63,63,76,25,25,76,81,66,69,82,52,16,25,30,87,84,18,20,76,32,15,60,67,46,24,23,10,21,20,14,27,46,39,29,30,Short Stride Loose,65,57,88,76,50,29,20,22,25,22,30,11,87,48,20
16144,Ruben,Hyppolite II,Mike Backer,MIKE,Chicago Bears,1,67,23,Maryland,72,236,47,0,Field General - MLB,"https://ratings-images-prod.pulse.ea.com/madden-nfl-26/portraits/10915.png?im=FaceCrop,padding=0.7",https://drop-assets.ea.com/images/6jaEsYrn1V45DziwibpsDk/ed66ad67e63f08a3a7c25ce951dbf5b9/1.png,91,84,80,87,68,70,53,64,23,41,60,54,61,76,24,58,79,72,87,54,19,23,10,26,58,27,67,45,45,45,6,68,57,47,80,29,45,45,45,Default Stride High and Tight,32,58,88,51,47,79,6,6,6,6,24,11,87,43,64
1328,Shemar,Bartholomew,Cornerback,CB,Green Bay Packers,20,67,25,Ga. Southern,72,200,34,1,Zone - CB,"https://ratings-images-prod.pulse.ea.com/madden-nfl-26/portraits/10869.png?im=FaceCrop,padding=0.7",https://drop-assets.ea.com/images/4ztQk5XogdkrJe6reVd3h8/16ecf8a0f4caf228c6e54ad0f8e17425/20.png,93,79,85,82,60,71,68,52,14,52,61,59,71,77,12,38,63,49,86,71,19,21,55,15,63,16,67,30,30,30,8,70,31,60,76,19,35,35,35,Default Stride Loose,24,61,91,64,49,54,8,8,8,12,27,11,79,33,68
21742,Simi,Fehoko,Wide Receiver,WR,Arizona Cardinals,7,67,27,Stanford,75,225,80,4,Deep Threat - WR,"https://ratings-images-prod.pulse.ea.com/madden-nfl-26/portraits/1130.png?im=FaceCrop,padding=0.7",https://drop-assets.ea.com/images/5NdzvrqrP3clJDBL6kdTmu/1f61914ff14c6f4be0240d71e622f9c6/7.png,89,88,83,81,66,69,76,43,24,70,75,79,81,80,69,10,39,47,90,72,15,22,40,28,27,67,67,37,19,25,28,26,10,23,45,69,45,24,27,Long Stride High and Tight,68,80,90,70,48,43,10,10,15,10,25,18,83,44,38
22136,Spencer,Burford,Left Tackle,LT,San Francisco 49ers,15,67,25,UTSA,76,300,74,3,Agile - OT,"https://ratings-images-prod.pulse.ea.com/madden-nfl-26/portraits/1225.png?im=FaceCrop,padding=0.7",https://drop-assets.ea.com/images/1SoIzWJtk28ygwNAPEMRnf/deaee9a60ace23f7eaeaf4275c2282b0/15.png,75,65,72,87,86,76,15,25,14,12,34,15,32,56,5,10,30,81,90,15,20,23,10,85,10,10,67,69,68,70,6,20,10,10,30,15,73,75,71,Default Stride Awkward,15,15,66,10,30,29,6,6,6,6,24,10,78,20,11
22891,Spencer,Anderson,Left Guard,LG,Pittsburgh Steelers,29,67,25,Maryland,77,305,74,2,Power - G,"https://ratings-images-prod.pulse.ea.com/madden-nfl-26/portraits/2757.png?im=FaceCrop,padding=0.7",https://drop-assets.ea.com/images/4k4tkEjxICBzmTan96wMKZ/1d5d9145ace8a359ac5423c8c3e5e2d8/29.png,70,63,75,81,88,73,22,24,12,21,24,20,21,50,5,10,37,82,91,14,14,15,10,71,12,5,67,74,71,77,6,26,27,10,15,12,68,71,65,Long Stride Default,12,22,67,10,22,35,6,7,8,8,26,14,83,26,12
10837,Teddy,Bridgewater,Quarterback,QB,Tampa Bay Buccaneers,6,67,32,Louisville,74,210,10,11,Scrambler - QB,"https://ratings-images-prod.pulse.ea.com/madden-nfl-26/portraits/6359.png?im=FaceCrop,padding=0.7",https://drop-assets.ea.com/images/1L5Fn21WqZN9jcLucGYg4c/ce29db9b9b4775d4e8fc337bf5c65027/6.png,82,83,79,81,52,71,78,25,77,68,67,38,52,79,12,10,12,30,85,67,25,25,10,20,15,22,67,15,15,25,81,15,10,10,20,37,15,20,30,Default,32,34,80,72,48,29,76,75,82,81,85,79,93,34,20
21844,Thayer,Munford Jr,Right Tackle,RT,New England Patriots,22,67,25,Ohio State,78,320,74,3,Power - OT,"https://ratings-images-prod.pulse.ea.com/madden-nfl-26/portraits/1861.png?im=FaceCrop,padding=0.7",https://drop-assets.ea.com/images/6Z0rWjQfkWgvj8K58X0WfA/aaaaa7e6c313bdfc5e624309ba6dfc4e/22.png,69,55,58,79,83,65,23,22,10,10,23,10,24,48,6,10,27,82,87,10,11,12,10,80,8,8,67,72,68,75,6,15,10,10,19,12,75,75,75,Long Stride Awkward,10,15,59,10,17,25,6,8,10,6,26,7,85,22,8
4711,Theo,Benedet,Left Tackle,LT,Chicago Bears,1,67,23,UBC,79,304,79,1,Power - OT,"https://ratings-images-prod.pulse.ea.com/madden-nfl-26/portraits/11061.png?im=FaceCrop,padding=0.7",https://drop-assets.ea.com/images/6jaEsYrn1V45DziwibpsDk/ed66ad67e63f08a3a7c25ce951dbf5b9/1.png,73,61,73,81,83,70,10,25,12,9,25,17,22,54,5,10,25,79,89,10,11,21,10,75,12,5,67,70,69,70,6,14,15,10,25,12,76,74,76,Long Stride Awkward,17,15,68,10,10,25,6,6,6,6,11,13,82,21,12
22173,Thomas,Booker IV,Defensive Tackle,DT,Las Vegas Raiders,23,67,25,Stanford,75,301,99,3,,"https://ratings-images-prod.pulse.ea.com/madden-nfl-26/portraits/1182.png?im=FaceCrop,padding=0.7",https://drop-assets.ea.com/images/5ZrNmFWgR1vnwTOdqVmwYy/fe13aa7566120fb59130404e168c59ca/23.png,82,73,72,76,85,62,42,70,12,35,40,35,39,66,22,53,79,84,91,32,11,15,10,34,15,25,67,45,45,45,6,64,66,16,74,25,45,45,45,Default Stride Awkward,29,36,74,28,40,78,6,6,6,6,18,10,83,33,14
20978,Trystan,Colon,Center,C,Detroit Lions,19,67,27,Missouri,75,313,57,5,Agile - C,"https://ratings-images-prod.pulse.ea.com/madden-nfl-26/portraits/222.png?im=FaceCrop,padding=0.7",https://drop-assets.ea.com/images/7cuE4tZcli1uQyZbvXWMrd/a2df9decdab28170691ca6631dd62139/19.png,61,59,64,82,80,76,10,23,12,9,30,10,30,49,5,12,22,81,90,10,21,22,10,79,11,5,67,73,74,72,6,28,15,10,25,12,73,75,71,Default Stride Awkward,10,12,71,10,10,35,6,6,6,6,22,15,87,20,13
15243,Tyrion,Ingram-Dawkins,Left Edge,LEDG,Minnesota Vikings,31,67,22,Georgia,77,276,90,0,Power Rusher - DE,"https://ratings-images-prod.pulse.ea.com/madden-nfl-26/portraits/10601.png?im=FaceCrop,padding=0.7",https://drop-assets.ea.com/images/bzuWJaOZo5LCC4SwdbVzx/f6dc0006f59641745e50721d0d8c9d38/31.png,86,75,85,74,83,65,54,74,11,41,64,48,47,70,30,67,77,74,86,57,22,26,21,23,12,35,67,45,45,45,9,65,72,12,72,40,45,45,45,Long Stride Loose,40,47,77,48,53,74,10,12,14,10,28,10,85,57,13
1395,Winston,Reid,Weak Backer,WILL,Cleveland Browns,5,67,26,Weber State,72,225,59,1,Run Stopper - OLB,"https://ratings-images-prod.pulse.ea.com/madden-nfl-26/portraits/10954.png?im=FaceCrop,padding=0.7",https://drop-assets.ea.com/images/4qbblHggBjaH9o46kyGeFo/27cab0f308b54edbd469e9b20cb506f7/5.png,88,73,81,84,77,63,55,67,13,42,62,60,62,69,6,50,77,77,90,64,15,20,15,15,47,12,67,45,45,45,10,65,58,48,81,12,45,45,45,Default Stride Loose,22,57,85,56,45,79,6,10,15,6,28,10,87,50,56
22436,Alec,Anderson,Right Guard,RG,Buffalo Bills,3,66,25,UCLA,77,305,70,2,Power - G,"https://ratings-images-prod.pulse.ea.com/madden-nfl-26/portraits/10361.png?im=FaceCrop,padding=0.7",https://drop-assets.ea.com/images/212FXcpkDUjs9ZJpZ038pM/676904f80719bc724267b7eb5609c6af/3.png,56,49,62,82,85,68,28,40,12,23,45,35,40,46,10,30,40,83,91,10,20,22,10,74,12,18,66,68,65,72,6,30,35,10,50,35,76,78,73,Long Stride Awkward,28,25,60,15,20,45,6,6,6,6,25,13,83,32,15
22944,Ali,Gaye,Right Edge,REDG,Tennessee Titans,30,66,26,LSU,78,263,99,2,Smaller Speed Rusher - DE,"https://ratings-images-prod.pulse.ea.com/madden-nfl-26/portraits/2167.png?im=FaceCrop,padding=0.7",https://drop-assets.ea.com/images/2YxvlDMaJsJwNQ4lS7qdCQ/d850f60dcbdcd71fb162eb55a46c7969/30.png,87,78,79,79,73,63,40,67,12,34,44,34,41,72,17,69,78,74,86,57,20,20,10,17,35,22,66,45,45,45,6,59,60,38,76,21,45,45,45,Default Stride Loose,28,35,82,42,38,75,6,6,6,6,25,12,79,27,46
4742,Austin,Ajiake,Weak Backer,WILL,Indianapolis Colts,10,66,25,UNLV,73,223,58,0,Run Stopper - OLB,"https://ratings-images-prod.pulse.ea.com/madden-nfl-26/portraits/11096.png?im=FaceCrop,padding=0.7",https://drop-assets.ea.com/images/5yTvAS7xG5Z8qw65gMLzSU/037cfcd90e26ee06666a24d762791f65/10.png,90,79,84,86,65,61,45,65,22,39,57,44,53,80,19,54,79,71,86,48,18,21,10,22,57,22,66,45,45,45,6,59,52,45,83,23,45,45,45,Default,25,45,86,47,43,80,6,6,6,6,23,11,86,43,64
21479,Blake,Hance,Right Guard,RG,Tennessee Titans,30,66,29,Northwestern,77,310,73,5,Agile - G,"https://ratings-images-prod.pulse.ea.com/madden-nfl-26/portraits/1440.png?im=FaceCrop,padding=0.7",https://drop-assets.ea.com/images/2YxvlDMaJsJwNQ4lS7qdCQ/d850f60dcbdcd71fb162eb55a46c7969/30.png,62,61,68,83,85,75,21,41,12,19,41,31,43,53,20,24,31,78,90,30,21,22,10,85,13,23,66,63,64,62,6,39,30,10,32,30,72,75,68,Long Stride Awkward,29,33,70,16,28,43,6,6,6,6,30,10,82,32,15
22640,Brenden,Schooler,Free Safety,FS,New England Patriots,22,66,28,Texas,73,205,41,3,Zone - S,"https://ratings-images-prod.pulse.ea.com/madden-nfl-26/portraits/4924.png?im=FaceCrop,padding=0.7",https://drop-assets.ea.com/images/6Z0rWjQfkWgvj8K58X0WfA/aaaaa7e6c313bdfc5e624309ba6dfc4e/22.png,91,91,89,83,64,62,74,60,21,56,62,64,71,87,44,42,69,51,88,72,24,25,52,32,60,48,66,33,33,33,9,55,36,59,79,47,35,35,35,Default Stride Loose,50,67,92,65,45,61,13,16,20,22,27,11,87,47,65
22978,Brenton,Cox,Left Edge,LEDG,Green Bay Packers,20,66,25,Florida,76,250,57,2,Power Rusher - DE,"https://ratings-images-prod.pulse.ea.com/madden-nfl-26/portraits/2068.png?im=FaceCrop,padding=0.7",https://drop-assets.ea.com/images/4ztQk5XogdkrJe6reVd3h8/16ecf8a0f4caf228c6e54ad0f8e17425/20.png,88,65,80,73,81,64,45,75,11,29,42,40,48,66,5,65,84,72,88,45,14,20,10,33,41,7,66,40,40,40,6,60,71,51,76,20,45,45,45,Long Stride High and Tight,15,43,78,45,54,73,6,6,6,6,25,16,79,47,46
22190,Brian,Asamoah II,Mike Backer,MIKE,Cincinnati Bengals,2,66,25,Oklahoma,72,226,53,3,Field General - MLB,"https://ratings-images-prod.pulse.ea.com/madden-nfl-26/portraits/1145.png?im=FaceCrop,padding=0.7",https://drop-assets.ea.com/images/5oemvWKqCFgBCkCI4h9A2U/0629c6d345fe01a14ba9f40554fd182e/2.png,92,83,81,82,71,67,39,63,12,28,55,35,54,75,5,55,85,80,89,44,12,15,10,22,64,6,66,45,45,45,6,66,48,46,81,25,45,45,45,Default Stride Loose,10,32,87,38,34,77,6,6,6,6,23,10,85,40,61
21959,Brock,Wright,Tight End,TE,Detroit Lions,19,66,26,Notre Dame,76,255,89,4,Possession - TE,"https://ratings-images-prod.pulse.ea.com/madden-nfl-26/portraits/1102.png?im=FaceCrop,padding=0.7",https://drop-assets.ea.com/images/7cuE4tZcli1uQyZbvXWMrd/a2df9decdab28170691ca6631dd62139/19.png,89,73,78,84,79,74,59,35,13,45,73,75,79,72,53,10,26,68,84,58,21,22,10,56,11,58,66,58,56,58,6,16,10,13,34,60,59,56,60,Long Stride Default,64,76,86,48,51,43,6,10,15,10,26,10,83,55,14
16146,Bryce,Cabeldue,Left Guard,LG,Seattle Seahawks,28,66,23,Kansas,77,308,77,0,Power - G,"https://ratings-images-prod.pulse.ea.com/madden-nfl-26/portraits/10882.png?im=FaceCrop,padding=0.7",https://drop-assets.ea.com/images/2WrGCB8Atuo0aZ4MbstBrI/bbe9263ce111287adcef479efbc72160/28.png,77,61,71,87,90,67,18,34,12,5,41,13,30,61,5,29,44,80,86,10,13,13,10,78,11,5,66,68,66,69,6,20,31,10,27,13,70,69,71,Long Stride Awkward,12,16,74,10,22,41,6,6,6,6,19,11,87,18,11
15166,Cameron,Williams,Right Tackle,RT,Philadelphia Eagles,13,66,21,Texas,78,334,73,0,Power - OT,"https://ratings-images-prod.pulse.ea.com/madden-nfl-26/portraits/10779.png?im=FaceCrop,padding=0.7",https://drop-assets.ea.com/images/1Nt5pFCpjcBcADzHRbwfIk/ce90f9cb564aef7cc30cf1dd88c84150/13.png,72,55,64,86,88,65,34,25,17,33,29,20,19,51,5,11,30,85,87,19,19,16,14,76,12,5,66,70,70,73,6,27,32,10,13,16,71,69,72,Long Stride Awkward,18,18,66,18,34,32,6,6,6,6,22,6,88,31,15
21898,Cameron,Goode,Left Edge,LEDG,Miami Dolphins,12,66,27,California,75,245,53,3,Smaller Speed Rusher - DE,"https://ratings-images-prod.pulse.ea.com/madden-nfl-26/portraits/3237.png?im=FaceCrop,padding=0.7",https://drop-assets.ea.com/images/1rcCzp9f3OyZFzRBRFJVpC/8dc08dce09c05a748587769908cd710c/12.png,92,84,92,78,67,63,35,65,15,32,45,33,50,78,5,65,83,72,90,44,15,16,10,18,35,5,66,45,45,45,6,65,56,40,73,16,45,45,45,Default Stride Loose,15,40,85,39,33,73,6,6,6,6,25,11,65,34,43
1098,Casey,Washington,Wide Receiver,WR,Atlanta Falcons,14,66,24,Illinois,72,200,82,1,,"https://ratings-images-prod.pulse.ea.com/madden-nfl-26/portraits/10984.png?im=FaceCrop,padding=0.7",https://drop-assets.ea.com/images/3NTxf2X9VWdF6aL91pHAVu/6002a1f3e761a58c3b00f0e08bdccf5f/14.png,90,79,91,82,60,68,75,21,29,65,72,76,83,82,68,10,19,44,87,79,11,16,43,25,11,69,66,30,18,22,27,16,10,13,26,66,43,30,23,Long Stride Default,70,79,90,71,58,21,29,32,40,36,55,30,82,42,16
13585,Chris,Lammons,Cornerback,CB,Indianapolis Colts,10,66,29,South Carolina,70,190,38,8,Zone - CB,"https://ratings-images-prod.pulse.ea.com/madden-nfl-26/portraits/9839.png?im=FaceCrop,padding=0.7",https://drop-assets.ea.com/images/5yTvAS7xG5Z8qw65gMLzSU/037cfcd90e26ee06666a24d762791f65/10.png,92,81,84,84,55,62,48,51,14,37,62,41,63,83,6,37,70,57,82,68,15,15,35,12,68,10,66,35,35,35,6,59,31,62,73,17,35,35,35,Default Stride Loose,15,60,90,59,22,67,6,6,6,6,30,16,78,22,69
22223,Christian,Braswell,Cornerback,CB,Jacksonville Jaguars,17,66,25,Rutgers,70,181,21,2,Zone - CB,"https://ratings-images-prod.pulse.ea.com/madden-nfl-26/portraits/2879.png?im=FaceCrop,padding=0.7",https://drop-assets.ea.com/images/4s3Xa9huMY7IrNAc9h1TDa/9eb764bbfbbb6a2f651e3d44cdcfa103/17.png,90,89,93,87,42,61,69,51,31,61,62,62,69,87,44,33,55,39,88,72,12,13,60,14,63,45,66,35,35,35,23,59,29,59,64,38,35,35,35,Default Stride Loose,49,67,90,65,30,60,12,14,19,21,32,13,77,31,72
15158,Connor,Colby,Left Guard,LG,San Francisco 49ers,15,66,22,Iowa,78,309,75,0,Power - G,"https://ratings-images-prod.pulse.ea.com/madden-nfl-26/portraits/10520.png?im=FaceCrop,padding=0.7",https://drop-assets.ea.com/images/1SoIzWJtk28ygwNAPEMRnf/deaee9a60ace23f7eaeaf4275c2282b0/15.png,73,66,71,87,83,69,11,20,11,10,28,11,32,61,6,10,34,79,89,26,19,16,10,77,10,6,66,68,67,69,6,30,10,10,25,15,73,73,73,Long Stride Awkward,15,13,69,10,12,28,6,6,6,6,17,10,87,26,10
22249,Connor,Heyward,Tight End,TE,Pittsburgh Steelers,29,66,26,Michigan St.,72,230,83,3,Possession - TE,"https://ratings-images-prod.pulse.ea.com/madden-nfl-26/portraits/1764.png?im=FaceCrop,padding=0.7",https://drop-assets.ea.com/images/4k4tkEjxICBzmTan96wMKZ/1d5d9145ace8a359ac5423c8c3e5e2d8/29.png,86,72,79,80,68,68,79,46,42,68,81,79,78,67,49,21,60,64,90,63,37,42,64,68,15,56,66,58,57,58,26,31,25,10,50,60,58,54,55,Short Stride Default,65,77,82,60,71,40,24,20,32,35,37,26,91,73,15
1137,Daijahn,Anthony,Strong Safety,SS,Cincinnati Bengals,2,66,24,Ole Miss,72,200,33,1,Zone - S,"https://ratings-images-prod.pulse.ea.com/madden-nfl-26/portraits/10000.png?im=FaceCrop,padding=0.7",https://drop-assets.ea.com/images/5oemvWKqCFgBCkCI4h9A2U/0629c6d345fe01a14ba9f40554fd182e/2.png,92,87,88,84,56,59,64,53,21,62,58,60,69,88,15,44,85,60,93,71,15,17,60,28,64,20,66,35,35,35,16,57,37,63,76,26,35,35,35,Default Stride Loose,30,62,88,64,54,70,15,20,21,15,31,15,88,54,70
4780,Dalen,Cambre,Wide Receiver,WR,NY Giants,16,66,24,UL Lafayette,72,192,83,0,,,https://drop-assets.ea.com/images/5hloGwLNaCrg2IBn0CoWVb/b5996a802009a4252f992182bd9acf85/16.png,93,87,86,88,61,65,76,27,23,70,71,75,79,87,63,10,21,40,87,75,15,20,76,21,11,67,66,29,15,25,21,16,10,14,28,67,39,24,20,Default,73,77,91,70,48,25,11,15,19,19,39,17,85,45,17
21353,Daniel,Thomas,Strong Safety,SS,Detroit Lions,19,66,27,Auburn,70,215,2,5,Run Support - S,"https://ratings-images-prod.pulse.ea.com/madden-nfl-26/portraits/613.png?im=FaceCrop,padding=0.7",https://drop-assets.ea.com/images/7cuE4tZcli1uQyZbvXWMrd/a2df9decdab28170691ca6631dd62139/19.png,89,81,88,87,65,67,60,60,17,47,58,48,63,81,11,30,82,62,92,67,22,17,50,14,61,15,66,12,35,35,6,65,26,63,79,20,16,35,35,Default Stride Loose,25,63,87,62,54,67,6,6,6,6,18,10,90,48,64
21337,Danny,Pinter,Center,C,Indianapolis Colts,10,66,29,Ball State,76,306,63,5,Agile - C,"https://ratings-images-prod.pulse.ea.com/madden-nfl-26/portraits/531.png?im=FaceCrop,padding=0.7",https://drop-assets.ea.com/images/5yTvAS7xG5Z8qw65gMLzSU/037cfcd90e26ee06666a24d762791f65/10.png,75,60,73,82,82,74,33,35,12,31,38,40,48,56,25,21,33,80,87,25,21,22,10,86,13,31,66,64,66,62,6,30,33,10,29,40,74,77,72,Long Stride High and Tight,34,37,74,18,30,37,6,6,6,6,30,11,85,35,15
21556,Davis,Mills,Quarterback,QB,Houston Texans,32,66,26,Stanford,76,225,10,4,Field General - QB,"https://ratings-images-prod.pulse.ea.com/madden-nfl-26/portraits/969.png?im=FaceCrop,padding=0.7",https://drop-assets.ea.com/images/4rWKgLRDGADEZ3pTbdrpW0/793a695de8ea5caf8f2e1b3973ae1b61/32.png,75,76,77,77,56,67,55,19,52,38,61,15,22,75,10,10,15,18,88,51,41,54,10,10,10,11,66,14,15,13,81,15,10,10,21,14,16,10,14,Long Stride Default,12,12,78,34,30,19,77,79,83,73,87,76,88,33,14
1355,Demontrey,Jacobs,Left Tackle,LT,Arizona Cardinals,7,66,26,USF,78,315,66,2,Agile - OT,"https://ratings-images-prod.pulse.ea.com/madden-nfl-26/portraits/10919.png?im=FaceCrop,padding=0.7",https://drop-assets.ea.com/images/5NdzvrqrP3clJDBL6kdTmu/1f61914ff14c6f4be0240d71e622f9c6/7.png,70,67,66,81,83,72,10,31,12,5,30,22,28,56,10,15,38,79,92,10,11,21,10,81,12,15,66,72,69,66,6,21,20,10,33,22,72,75,73,Long Stride Awkward,22,25,67,10,10,34,6,6,6,6,16,13,85,21,12
22047,Desmond,Ridder,Quarterback,QB,Green Bay Packers,20,66,26,Cincinnati,75,207,18,3,Scrambler - QB,"https://ratings-images-prod.pulse.ea.com/madden-nfl-26/portraits/1912.png?im=FaceCrop,padding=0.7",https://drop-assets.ea.com/images/4ztQk5XogdkrJe6reVd3h8/16ecf8a0f4caf228c6e54ad0f8e17425/20.png,90,79,86,85,64,54,82,21,70,56,57,17,48,81,11,10,17,23,92,61,15,19,11,15,10,15,66,14,12,15,82,12,10,10,27,15,18,12,13,Long Stride Default,20,21,88,49,52,27,75,77,83,82,90,74,94,45,12
22482,Drew,Ogletree,Tight End,TE,Indianapolis Colts,10,66,27,Youngstown St.,77,260,85,3,Vertical Threat - TE,"https://ratings-images-prod.pulse.ea.com/madden-nfl-26/portraits/2154.png?im=FaceCrop,padding=0.7",https://drop-assets.ea.com/images/5yTvAS7xG5Z8qw65gMLzSU/037cfcd90e26ee06666a24d762791f65/10.png,86,77,84,80,74,68,62,24,21,61,74,73,79,67,55,10,34,64,86,64,14,19,10,54,10,60,66,62,62,59,6,21,10,10,31,61,58,58,57,Long Stride Default,65,76,82,58,68,26,6,10,15,12,25,11,78,69,10
20328,Drew,Lock,Quarterback,QB,Seattle Seahawks,28,66,28,Missouri,76,228,2,6,Field General - QB,"https://ratings-images-prod.pulse.ea.com/madden-nfl-26/portraits/9553.png?im=FaceCrop,padding=0.7",https://drop-assets.ea.com/images/2WrGCB8Atuo0aZ4MbstBrI/bbe9263ce111287adcef479efbc72160/28.png,85,80,76,77,68,68,71,20,68,52,56,28,42,79,17,10,19,23,87,40,12,18,20,14,14,23,66,13,13,14,75,15,10,10,26,12,24,14,18,Default,29,37,83,31,33,22,75,76,84,75,89,74,91,46,16
14983,Dwight,McGlothern,Cornerback,CB,Minnesota Vikings,31,66,23,Arkansas,74,185,6,1,Zone - CB,"https://ratings-images-prod.pulse.ea.com/madden-nfl-26/portraits/10171.png?im=FaceCrop,padding=0.7",https://drop-assets.ea.com/images/bzuWJaOZo5LCC4SwdbVzx/f6dc0006f59641745e50721d0d8c9d38/31.png,92,75,78,88,59,63,72,36,24,66,55,61,62,83,16,41,48,47,89,75,21,25,65,23,62,18,66,20,20,20,12,86,35,60,60,24,22,20,22,Default Stride Loose,20,64,90,67,43,54,18,25,30,31,33,23,84,44,66
4774,Dylan,Drummond,Wide Receiver,WR,Atlanta Falcons,14,66,25,Eastern Michigan,72,190,81,0,,,https://drop-assets.ea.com/images/3NTxf2X9VWdF6aL91pHAVu/6002a1f3e761a58c3b00f0e08bdccf5f/14.png,89,88,80,88,57,62,75,29,23,71,71,76,80,83,70,10,25,42,87,74,20,20,65,24,18,71,66,27,17,20,17,14,10,15,31,69,41,26,19,Short Stride Default,72,78,88,70,42,28,13,18,20,19,28,17,87,43,23
23269,Erick,Hallett II,Strong Safety,SS,Tennessee Titans,30,66,25,Pittsburgh,71,190,41,2,Zone - S,"https://ratings-images-prod.pulse.ea.com/madden-nfl-26/portraits/3258.png?im=FaceCrop,padding=0.7",https://drop-assets.ea.com/images/2YxvlDMaJsJwNQ4lS7qdCQ/d850f60dcbdcd71fb162eb55a46c7969/30.png,91,89,89,88,55,63,62,47,10,60,59,58,70,91,33,40,71,45,93,75,14,21,65,18,60,35,66,30,30,30,6,68,35,60,64,28,35,35,35,Default Stride Loose,41,63,89,67,40,69,6,6,6,6,22,16,76,34,68
22182,Esezi,Otomewo,Defensive Tackle,DT,Pittsburgh Steelers,29,66,26,Minnesota,77,282,93,3,,"https://ratings-images-prod.pulse.ea.com/madden-nfl-26/portraits/1871.png?im=FaceCrop,padding=0.7",https://drop-assets.ea.com/images/4k4tkEjxICBzmTan96wMKZ/1d5d9145ace8a359ac5423c8c3e5e2d8/29.png,81,62,69,72,81,67,22,76,15,24,29,20,25,48,8,57,76,85,91,26,24,25,10,45,18,10,66,45,45,45,6,65,69,15,70,12,45,45,45,Long Stride Awkward,12,18,76,20,35,74,6,6,6,6,17,6,81,28,24
23128,Evan,Hull,Halfback,HB,New Orleans Saints,27,66,24,Northwestern,70,214,34,2,Elusive Back - HB,"https://ratings-images-prod.pulse.ea.com/madden-nfl-26/portraits/2218.png?im=FaceCrop,padding=0.7",https://drop-assets.ea.com/images/5beev0Bk7MVWyDSbEqr75u/837fe770a82d43aa3028a13988d8baf3/27.png,91,87,87,85,71,58,77,27,22,74,88,52,70,84,49,12,29,42,90,78,15,19,74,39,13,56,66,50,33,27,14,16,11,15,36,52,42,28,32,Default,62,51,90,70,71,32,10,15,20,22,25,15,87,72,18
20664,Fred,Johnson,Left Tackle,LT,Philadelphia Eagles,13,66,28,Florida,79,326,74,6,Power - OT,"https://ratings-images-prod.pulse.ea.com/madden-nfl-26/portraits/9530.png?im=FaceCrop,padding=0.7",https://drop-assets.ea.com/images/1Nt5pFCpjcBcADzHRbwfIk/ce90f9cb564aef7cc30cf1dd88c84150/13.png,60,53,63,81,85,78,16,25,12,5,20,17,24,42,5,10,40,79,89,14,13,14,10,79,9,8,66,70,68,71,6,15,10,10,23,15,72,74,70,Long Stride Awkward,18,15,63,10,22,31,6,6,6,6,12,10,83,25,14
4698,Gage,Larvadain,Wide Receiver,WR,Cleveland Browns,5,66,22,South Carolina,68,171,84,0,,"https://ratings-images-prod.pulse.ea.com/madden-nfl-26/portraits/11012.png?im=FaceCrop,padding=0.7",https://drop-assets.ea.com/images/4qbblHggBjaH9o46kyGeFo/27cab0f308b54edbd469e9b20cb506f7/5.png,92,79,90,85,62,63,79,26,29,73,71,75,78,84,68,10,26,37,86,78,18,21,72,21,13,67,66,31,19,23,17,22,19,13,32,64,39,29,22,Default,69,77,90,76,44,25,15,17,18,24,29,28,82,36,17
20843,Gunner,Olszewski,Wide Receiver,WR,NY Giants,16,66,28,Bemidji State,72,190,80,6,Slot - WR,"https://ratings-images-prod.pulse.ea.com/madden-nfl-26/portraits/498.png?im=FaceCrop,padding=0.7",https://drop-assets.ea.com/images/5hloGwLNaCrg2IBn0CoWVb/b5996a802009a4252f992182bd9acf85/16.png,89,86,86,83,56,75,78,53,22,67,72,74,80,80,64,33,58,48,88,77,22,20,85,29,58,69,66,33,27,25,20,53,28,54,62,62,47,27,29,Default Stride Loose,70,77,88,71,48,50,20,37,43,42,51,34,94,35,60
15025,Hunter,Nourzad,Center,C,Kansas City Chiefs,9,66,25,Penn State,75,315,60,1,Agile - C,"https://ratings-images-prod.pulse.ea.com/madden-nfl-26/portraits/10427.png?im=FaceCrop,padding=0.7",https://drop-assets.ea.com/images/3g9AewmTPjE4A7yc2tobiZ/20b6502896df3893414233cb5fe1b803/9.png,73,66,65,83,83,75,10,34,12,5,41,10,22,55,5,35,35,80,93,10,20,22,10,81,9,5,66,72,69,69,6,35,38,10,41,12,71,73,72,Default Stride Awkward,10,12,67,10,10,35,6,6,8,6,22,14,90,15,9
4741,Jacob,Saylors,Halfback,HB,Detroit Lions,19,66,25,E. Tenn. St.,71,195,25,0,Elusive Back - HB,"https://ratings-images-prod.pulse.ea.com/madden-nfl-26/portraits/11094.png?im=FaceCrop,padding=0.7",https://drop-assets.ea.com/images/7cuE4tZcli1uQyZbvXWMrd/a2df9decdab28170691ca6631dd62139/19.png,90,77,80,86,73,73,77,33,29,78,87,48,67,77,44,20,25,34,88,79,10,15,80,33,22,53,66,49,26,30,19,20,10,20,36,47,39,27,28,Default Stride High and Tight,61,50,88,72,71,34,10,15,18,27,36,19,87,75,25
10983,Jake,McQuaide,Long Snapper,LS,Los Angeles Rams,24,66,37,Ohio State,74,235,44,14,Accurate - LS,"https://ratings-images-prod.pulse.ea.com/madden-nfl-26/portraits/5355.png?im=FaceCrop,padding=0.7",https://drop-assets.ea.com/images/wS8JnLBEBj9eq68rO1qTb/b7b5285ad842936bc21bb149eb8c31b8/24.png,71,71,72,72,71,65,20,48,10,15,70,58,60,61,32,10,43,68,93,15,29,21,10,53,29,37,66,59,50,59,6,28,10,10,44,55,49,35,40,Default,42,48,65,10,10,53,6,6,6,6,25,10,75,25,21
1104,Jamal,Hill,Mike Backer,MIKE,Houston Texans,32,66,24,Oregon,72,226,56,1,Pass Coverage - MLB,"https://ratings-images-prod.pulse.ea.com/madden-nfl-26/portraits/10396.png?im=FaceCrop,padding=0.7",https://drop-assets.ea.com/images/4rWKgLRDGADEZ3pTbdrpW0/793a695de8ea5caf8f2e1b3973ae1b61/32.png,89,78,80,81,65,63,57,63,12,52,55,56,64,75,5,59,77,65,90,65,11,18,35,35,60,10,66,35,35,35,11,61,51,55,79,20,45,40,40,Default Stride Loose,15,60,91,60,45,78,21,23,24,14,28,13,83,48,69
21515,Janarius,Robinson,Left Edge,LEDG,Kansas City Chiefs,9,66,27,Florida State,77,260,98,4,Power Rusher - DE,"https://ratings-images-prod.pulse.ea.com/madden-nfl-26/portraits/1035.png?im=FaceCrop,padding=0.7",https://drop-assets.ea.com/images/3g9AewmTPjE4A7yc2tobiZ/20b6502896df3893414233cb5fe1b803/9.png,85,73,82,70,81,67,41,70,12,27,43,35,50,67,16,63,83,81,85,40,19,18,10,21,33,20,66,45,45,45,6,65,67,34,76,25,45,45,45,Long Stride Loose,25,40,81,38,38,74,6,6,6,6,25,18,82,31,45
1134,Javontae,Jean-Baptiste,Left Edge,LEDG,Washington Commanders,26,66,25,Notre Dame,77,260,90,1,Run Stopper - DE,"https://ratings-images-prod.pulse.ea.com/madden-nfl-26/portraits/10121.png?im=FaceCrop,padding=0.7",https://drop-assets.ea.com/images/42h6FyIuthDAiH4cTWUXRH/bb952a9252013b5bfdf77ac3f4011601/RatingsteamcrestWashingtonCommanders256.png,85,67,83,74,77,67,42,72,15,33,30,45,52,58,34,63,74,80,90,41,29,34,10,20,31,38,66,48,48,49,6,69,64,22,78,42,40,40,40,Long Stride Loose,43,29,84,35,46,75,5,6,9,6,18,5,80,49,30
14883,Jaylen,Harrell,Left Edge,LEDG,Tennessee Titans,30,66,23,Michigan,76,247,92,1,Smaller Speed Rusher - DE,"https://ratings-images-prod.pulse.ea.com/madden-nfl-26/portraits/10100.png?im=FaceCrop,padding=0.7",https://drop-assets.ea.com/images/2YxvlDMaJsJwNQ4lS7qdCQ/d850f60dcbdcd71fb162eb55a46c7969/30.png,88,67,88,79,75,65,26,66,12,15,32,20,44,67,5,70,70,77,90,33,24,25,10,11,39,5,66,45,45,45,6,64,66,31,79,25,45,45,45,Long Stride Bread Loaf,15,20,83,28,28,74,6,6,6,6,27,13,80,27,43
14965,Jaylin,Simpson,Free Safety,FS,Green Bay Packers,20,66,25,Auburn,72,179,38,1,Hybrid - S,"https://ratings-images-prod.pulse.ea.com/madden-nfl-26/portraits/10246.png?im=FaceCrop,padding=0.7",https://drop-assets.ea.com/images/4ztQk5XogdkrJe6reVd3h8/16ecf8a0f4caf228c6e54ad0f8e17425/20.png,92,83,93,84,53,60,71,49,25,67,62,63,74,80,15,43,63,51,88,69,21,22,60,17,70,23,66,30,25,26,15,59,37,74,73,33,35,31,31,Default Stride Loose,33,67,90,65,45,60,21,23,34,25,35,15,75,41,72
23034,JL,Skinner,Strong Safety,SS,Denver Broncos,4,66,24,Boise State,76,220,34,2,Run Support - S,"https://ratings-images-prod.pulse.ea.com/madden-nfl-26/portraits/2394.png?im=FaceCrop,padding=0.7",https://drop-assets.ea.com/images/4AYKY9OcX1CYbyMFBnvM8/ac07a8ff525004f92014e3259708acdf/4.png,91,87,86,87,59,61,71,57,13,69,62,73,75,77,45,44,84,62,91,69,23,25,35,24,59,55,66,35,35,35,11,66,28,76,72,65,41,40,39,Long Stride Loose,53,77,89,63,72,67,12,13,19,11,27,11,88,57,69
22175,John,Ridgeway III,Defensive Tackle,DT,New Orleans Saints,27,66,26,Arkansas,77,321,95,3,,"https://ratings-images-prod.pulse.ea.com/madden-nfl-26/portraits/1913.png?im=FaceCrop,padding=0.7",https://drop-assets.ea.com/images/5beev0Bk7MVWyDSbEqr75u/837fe770a82d43aa3028a13988d8baf3/27.png,70,55,70,71,86,63,20,76,9,14,23,14,21,53,4,55,80,88,91,13,10,12,10,31,12,6,66,45,45,45,6,60,67,10,74,12,45,45,45,Long Stride Awkward,14,20,62,12,29,81,6,6,6,6,19,6,84,32,14
21767,John,Bates,Tight End,TE,Washington Commanders,26,66,27,Boise State,78,259,87,4,Possession - TE,"https://ratings-images-prod.pulse.ea.com/madden-nfl-26/portraits/1388.png?im=FaceCrop,padding=0.7",https://drop-assets.ea.com/images/42h6FyIuthDAiH4cTWUXRH/bb952a9252013b5bfdf77ac3f4011601/RatingsteamcrestWashingtonCommanders256.png,79,84,78,87,75,66,67,45,13,52,75,75,77,73,52,10,44,70,92,66,19,23,15,57,21,59,66,63,63,60,6,31,10,24,50,62,64,60,63,Long Stride High and Tight,64,75,78,65,67,47,6,10,15,10,25,10,83,63,26
23123,Jon,Gaines II,Center,C,Arizona Cardinals,7,66,25,UCLA,76,315,71,2,Agile - C,"https://ratings-images-prod.pulse.ea.com/madden-nfl-26/portraits/2148.png?im=FaceCrop,padding=0.7",https://drop-assets.ea.com/images/5NdzvrqrP3clJDBL6kdTmu/1f61914ff14c6f4be0240d71e622f9c6/7.png,85,72,79,87,77,71,25,28,12,10,28,10,25,64,5,25,27,68,89,15,12,14,10,85,10,5,66,74,78,68,6,25,24,10,24,15,69,71,67,Default Stride Awkward,10,12,72,13,29,25,6,6,6,6,20,11,76,30,12
22884,Jordan,McFadden,Right Guard,RG,Chicago Bears,1,66,25,Clemson,74,303,74,2,Agile - G,"https://ratings-images-prod.pulse.ea.com/madden-nfl-26/portraits/2304.png?im=FaceCrop,padding=0.7",https://drop-assets.ea.com/images/6jaEsYrn1V45DziwibpsDk/ed66ad67e63f08a3a7c25ce951dbf5b9/1.png,76,61,71,85,82,73,13,15,12,8,38,15,26,54,5,13,22,75,92,11,13,12,10,81,10,7,66,73,76,71,5,19,12,10,22,12,65,67,62,Default Stride Awkward,13,14,73,10,15,35,5,5,5,5,11,14,85,20,11
22400,Juanyeh,Thomas,Strong Safety,SS,Dallas Cowboys,11,66,25,Georgia Tech,75,217,2,3,Zone - S,"https://ratings-images-prod.pulse.ea.com/madden-nfl-26/portraits/1977.png?im=FaceCrop,padding=0.7",https://drop-assets.ea.com/images/4fzYNoreZSo04KbSHo3Sqn/0855e78441c821f956abac278f04abb7/11.png,92,76,82,88,65,64,71,61,15,54,65,53,62,84,25,47,67,64,92,67,16,14,67,23,63,29,66,34,34,34,6,62,38,66,77,34,35,35,35,Default,31,57,87,60,42,69,6,6,6,6,24,11,81,47,68
15258,Kain,Medrano,Weak Backer,WILL,Washington Commanders,26,66,24,UCLA,75,222,56,0,Run Stopper - OLB,"https://ratings-images-prod.pulse.ea.com/madden-nfl-26/portraits/10659.png?im=FaceCrop,padding=0.7",https://drop-assets.ea.com/images/42h6FyIuthDAiH4cTWUXRH/bb952a9252013b5bfdf77ac3f4011601/RatingsteamcrestWashingtonCommanders256.png,92,85,89,87,71,66,47,62,31,39,61,43,50,80,18,52,77,70,89,47,18,21,10,22,55,21,66,40,40,40,15,64,49,45,79,22,40,40,40,Default Stride Loose,24,49,90,44,42,77,18,21,24,29,22,18,88,42,61
4754,Ke'Shawn,Williams,Wide Receiver,WR,Cincinnati Bengals,2,66,23,Indiana,69,188,12,0,,"https://ratings-images-prod.pulse.ea.com/madden-nfl-26/portraits/11090.png?im=FaceCrop,padding=0.7",https://drop-assets.ea.com/images/5oemvWKqCFgBCkCI4h9A2U/0629c6d345fe01a14ba9f40554fd182e/2.png,90,84,87,85,53,61,76,26,19,72,71,75,80,86,68,10,28,38,87,73,20,20,79,21,13,72,66,29,22,20,17,36,10,17,33,73,41,22,21,Short Stride Default,74,76,89,70,40,31,10,10,15,10,29,19,85,40,18
20998,Kenneth,Murray Jr,Mike Backer,MIKE,Dallas Cowboys,11,66,26,Oklahoma,74,241,59,5,Run Stopper - MLB,"https://ratings-images-prod.pulse.ea.com/madden-nfl-26/portraits/477.png?im=FaceCrop,padding=0.7",https://drop-assets.ea.com/images/4fzYNoreZSo04KbSHo3Sqn/0855e78441c821f956abac278f04abb7/11.png,89,83,90,90,73,69,51,66,20,30,55,43,60,74,15,62,85,70,88,54,12,14,10,23,58,15,66,45,45,45,25,64,51,52,77,25,45,45,45,Default Stride Loose,15,47,87,48,45,82,19,20,22,21,25,28,85,35,56
22046,Kenny,Pickett,Quarterback,QB,Las Vegas Raiders,23,66,27,Pittsburgh,75,225,15,3,Scrambler - QB,"https://ratings-images-prod.pulse.ea.com/madden-nfl-26/portraits/1889.png?im=FaceCrop,padding=0.7",https://drop-assets.ea.com/images/5ZrNmFWgR1vnwTOdqVmwYy/fe13aa7566120fb59130404e168c59ca/23.png,87,80,80,87,68,62,82,25,75,72,51,22,45,78,12,5,16,25,88,70,40,51,12,16,9,15,66,16,12,15,80,19,5,9,29,18,20,15,19,Default Stride Loose,25,39,81,71,44,29,78,78,83,82,86,77,88,61,10
15343,Kitan,Crawford,Free Safety,FS,Arizona Cardinals,7,66,23,Nevada,71,202,36,0,Hybrid - S,"https://ratings-images-prod.pulse.ea.com/madden-nfl-26/portraits/10529.png?im=FaceCrop,padding=0.7",https://drop-assets.ea.com/images/5NdzvrqrP3clJDBL6kdTmu/1f61914ff14c6f4be0240d71e622f9c6/7.png,90,83,95,86,64,62,66,50,14,51,62,53,62,86,17,34,76,53,88,65,15,19,83,25,64,21,66,35,35,35,6,59,35,65,76,25,35,35,35,Default Stride Loose,28,58,92,57,44,65,6,6,6,6,24,13,87,44,67
15272,Kobe,King,Weak Backer,WILL,NY Jets,18,66,22,Penn State,73,243,45,0,Run Stopper - OLB,"https://ratings-images-prod.pulse.ea.com/madden-nfl-26/portraits/10625.png?im=FaceCrop,padding=0.7",https://drop-assets.ea.com/images/7M46e9acznPLjtJlC7FaWV/ef5cfc9e8306cbdae723a5f7e809b0fd/18.png,91,77,80,87,76,66,46,64,22,37,60,42,49,73,17,51,79,78,88,46,18,22,10,22,55,20,66,45,45,45,6,65,52,45,79,21,45,45,45,Default Stride Loose,23,48,83,43,41,76,6,6,6,6,23,12,88,40,61
16147,Kyonte,Hamilton,Defensive Tackle,DT,Houston Texans,32,66,22,Rutgers,75,305,58,0,,"https://ratings-images-prod.pulse.ea.com/madden-nfl-26/portraits/10907.png?im=FaceCrop,padding=0.7",https://drop-assets.ea.com/images/4rWKgLRDGADEZ3pTbdrpW0/793a695de8ea5caf8f2e1b3973ae1b61/32.png,79,68,67,85,85,57,44,73,44,38,41,17,26,62,11,65,78,81,88,35,33,18,28,23,12,14,66,45,45,45,38,57,71,20,75,15,45,45,45,Default Stride High and Tight,16,19,72,27,29,80,34,37,41,40,49,40,93,36,17
21296,Lucas,Niang,Right Tackle,RT,Washington Commanders,26,66,27,TCU,78,315,53,5,Agile - OT,"https://ratings-images-prod.pulse.ea.com/madden-nfl-26/portraits/485.png?im=FaceCrop,padding=0.7",https://drop-assets.ea.com/images/42h6FyIuthDAiH4cTWUXRH/bb952a9252013b5bfdf77ac3f4011601/RatingsteamcrestWashingtonCommanders256.png,57,60,70,84,86,72,22,25,12,9,23,26,30,50,7,10,22,83,84,18,25,25,10,82,15,13,66,69,71,67,6,15,10,10,24,18,72,74,70,Default Stride Awkward,23,24,66,13,15,28,6,6,6,6,30,10,94,28,20
22856,Luke,Wypler,Center,C,Cleveland Browns,5,66,24,Ohio State,75,303,56,2,Agile - C,"https://ratings-images-prod.pulse.ea.com/madden-nfl-26/portraits/2489.png?im=FaceCrop,padding=0.7",https://drop-assets.ea.com/images/4qbblHggBjaH9o46kyGeFo/27cab0f308b54edbd469e9b20cb506f7/5.png,77,63,75,85,85,72,24,25,10,25,34,23,29,59,15,18,32,71,92,23,15,19,10,84,10,20,66,72,75,67,6,15,20,12,35,25,68,73,63,Default Stride Awkward,25,31,68,22,25,26,6,6,6,6,20,10,83,29,10
16145,Luke,Newman,Left Guard,LG,Chicago Bears,1,66,23,Michigan St.,75,308,65,0,Agile - G,"https://ratings-images-prod.pulse.ea.com/madden-nfl-26/portraits/14374.png?im=FaceCrop,padding=0.7",https://drop-assets.ea.com/images/6jaEsYrn1V45DziwibpsDk/ed66ad67e63f08a3a7c25ce951dbf5b9/1.png,74,61,57,86,87,69,15,35,11,14,23,10,23,61,5,26,36,79,88,11,14,16,10,77,13,5,66,69,71,68,6,25,39,10,32,11,71,71,70,Long Stride Awkward,10,11,70,13,12,30,6,6,6,6,13,10,87,29,15
23126,Malik,Heath,Wide Receiver,WR,Atlanta Falcons,14,66,25,Ole Miss,74,215,86,2,,"https://ratings-images-prod.pulse.ea.com/madden-nfl-26/portraits/10394.png?im=FaceCrop,padding=0.7",https://drop-assets.ea.com/images/3NTxf2X9VWdF6aL91pHAVu/6002a1f3e761a58c3b00f0e08bdccf5f/14.png,91,85,84,82,64,66,77,27,30,72,74,80,81,79,66,10,28,44,88,76,12,17,75,20,12,68,66,29,18,20,20,16,10,16,30,68,47,14,24,Long Stride Default,70,81,87,70,72,31,15,20,25,24,33,23,83,58,19
14986,Marcellas,Dial Jr,Cornerback,CB,New England Patriots,22,66,24,South Carolina,72,190,27,1,Manto Man - CB,"https://ratings-images-prod.pulse.ea.com/madden-nfl-26/portraits/10056.png?im=FaceCrop,padding=0.7",https://drop-assets.ea.com/images/6Z0rWjQfkWgvj8K58X0WfA/aaaaa7e6c313bdfc5e624309ba6dfc4e/22.png,90,78,94,85,62,66,63,59,13,63,57,55,67,80,11,33,74,62,95,69,21,22,58,24,66,16,66,15,11,14,8,62,26,67,66,27,25,15,16,Default Stride Loose,26,65,91,65,32,70,8,9,17,8,27,14,83,42,64
13088,Mason,Rudolph,Quarterback,QB,Pittsburgh Steelers,29,66,30,Oklahoma St.,77,235,2,7,Field General - QB,"https://ratings-images-prod.pulse.ea.com/madden-nfl-26/portraits/9044.png?im=FaceCrop,padding=0.7",https://drop-assets.ea.com/images/4k4tkEjxICBzmTan96wMKZ/1d5d9145ace8a359ac5423c8c3e5e2d8/29.png,76,67,71,67,66,69,64,22,64,46,66,24,40,65,15,10,17,24,91,49,16,20,14,20,10,19,66,14,10,13,77,20,10,10,32,18,17,10,13,Long Stride High and Tight,24,20,74,40,44,31,77,78,85,72,86,78,87,47,16
20364,Max,Scharping,Right Guard,RG,Pittsburgh Steelers,29,66,29,N. Illinois,78,325,64,6,Power - G,"https://ratings-images-prod.pulse.ea.com/madden-nfl-26/portraits/9623.png?im=FaceCrop,padding=0.7",https://drop-assets.ea.com/images/4k4tkEjxICBzmTan96wMKZ/1d5d9145ace8a359ac5423c8c3e5e2d8/29.png,64,60,70,86,86,76,10,39,12,6,40,15,35,54,5,21,30,76,89,10,25,25,10,81,12,5,66,65,64,66,6,27,31,10,32,15,71,69,73,Default Stride Awkward,15,15,65,10,30,42,6,6,6,6,30,12,88,25,15
22106,Max,Mitchell,Left Tackle,LT,NY Jets,18,66,25,UL Lafayette,78,299,61,3,Agile - OT,"https://ratings-images-prod.pulse.ea.com/madden-nfl-26/portraits/1854.png?im=FaceCrop,padding=0.7",https://drop-assets.ea.com/images/7M46e9acznPLjtJlC7FaWV/ef5cfc9e8306cbdae723a5f7e809b0fd/18.png,72,55,64,84,85,75,16,25,14,12,29,13,24,58,5,13,26,79,91,14,19,22,10,85,10,5,66,68,70,65,6,20,15,10,32,12,73,74,72,Long Stride Awkward,15,15,62,11,29,29,5,6,8,6,24,10,86,25,10
10551,Morgan,Cox,Long Snapper,LS,Tennessee Titans,30,66,39,Tennessee,76,233,46,16,Power - LS,"https://ratings-images-prod.pulse.ea.com/madden-nfl-26/portraits/4613.png?im=FaceCrop,padding=0.7",https://drop-assets.ea.com/images/2YxvlDMaJsJwNQ4lS7qdCQ/d850f60dcbdcd71fb162eb55a46c7969/30.png,62,62,68,71,73,73,22,63,12,26,67,44,58,58,35,55,59,57,92,14,18,29,10,41,15,40,66,56,40,50,10,29,56,15,63,25,50,35,40,Default,47,42,71,10,25,63,10,10,10,10,22,13,82,33,20
4657,Myles,Price,Wide Receiver,WR,Minnesota Vikings,31,66,23,Indiana,69,178,4,0,,"https://ratings-images-prod.pulse.ea.com/madden-nfl-26/portraits/11015.png?im=FaceCrop,padding=0.7",https://drop-assets.ea.com/images/bzuWJaOZo5LCC4SwdbVzx/f6dc0006f59641745e50721d0d8c9d38/31.png,92,81,84,80,53,67,77,20,28,72,70,74,80,82,69,10,20,34,84,74,14,18,82,22,12,68,66,29,22,20,22,14,10,15,34,64,37,31,23,Short Stride Default,69,76,92,72,38,26,18,20,25,35,36,29,84,39,19
14734,Nathan,Thomas,Left Tackle,LT,Dallas Cowboys,11,66,24,UL Lafayette,77,332,71,1,Power - OT,"https://ratings-images-prod.pulse.ea.com/madden-nfl-26/portraits/10264.png?im=FaceCrop,padding=0.7",https://drop-assets.ea.com/images/4fzYNoreZSo04KbSHo3Sqn/0855e78441c821f956abac278f04abb7/11.png,74,52,64,79,85,62,49,32,15,44,57,47,53,55,35,10,31,85,90,41,15,25,10,77,12,40,66,69,65,72,15,10,10,10,34,50,76,77,72,Long Stride Awkward,43,59,66,39,49,28,10,15,20,10,25,12,87,47,12
15219,Nazir,Stackhouse,Defensive Tackle,DT,Green Bay Packers,20,66,23,Georgia,76,327,93,0,,"https://ratings-images-prod.pulse.ea.com/madden-nfl-26/portraits/10739.png?im=FaceCrop,padding=0.7",https://drop-assets.ea.com/images/4ztQk5XogdkrJe6reVd3h8/16ecf8a0f4caf228c6e54ad0f8e17425/20.png,70,63,63,82,85,66,21,72,12,17,36,18,38,52,5,58,78,84,93,18,12,16,10,26,18,7,66,45,45,45,6,65,66,18,74,15,45,45,45,Default Stride Awkward,16,18,67,18,33,80,6,6,6,6,20,10,90,32,21
1172,Nick,Gargiulo,Right Guard,RG,Denver Broncos,4,66,25,South Carolina,77,310,66,1,Power - G,"https://ratings-images-prod.pulse.ea.com/madden-nfl-26/portraits/10081.png?im=FaceCrop,padding=0.7",https://drop-assets.ea.com/images/4AYKY9OcX1CYbyMFBnvM8/ac07a8ff525004f92014e3259708acdf/4.png,72,71,79,79,87,70,21,31,7,19,41,31,43,58,14,24,31,80,90,30,20,22,10,78,11,17,66,71,68,70,7,35,30,10,32,22,69,70,69,Long Stride Awkward,21,33,64,16,28,33,5,5,6,6,30,10,77,32,12
4753,Nick,Whiteside,Cornerback,CB,Detroit Lions,19,66,25,Saginaw Valley,73,200,38,0,Zone - CB,"https://ratings-images-prod.pulse.ea.com/madden-nfl-26/portraits/11093.png?im=FaceCrop,padding=0.7",https://drop-assets.ea.com/images/7cuE4tZcli1uQyZbvXWMrd/a2df9decdab28170691ca6631dd62139/19.png,90,81,75,87,54,63,64,42,14,51,58,57,67,83,13,31,57,50,88,71,15,15,49,15,67,19,66,33,30,35,6,61,25,69,69,23,35,35,35,Short Stride Loose,25,66,89,62,33,52,6,6,6,6,25,10,83,28,74
21904,Nick,Niemann,Mike Backer,MIKE,Green Bay Packers,20,66,27,Iowa,75,244,31,4,Field General - MLB,"https://ratings-images-prod.pulse.ea.com/madden-nfl-26/portraits/1054.png?im=FaceCrop,padding=0.7",https://drop-assets.ea.com/images/4ztQk5XogdkrJe6reVd3h8/16ecf8a0f4caf228c6e54ad0f8e17425/20.png,90,86,81,84,71,66,45,60,12,33,52,49,57,73,21,41,74,69,92,37,20,20,10,29,55,28,66,45,45,45,6,68,39,38,78,41,45,45,45,Default Stride Loose,31,52,88,33,42,82,6,6,6,6,21,12,83,37,63
22886,Olusegun,Oluwatimi,Center,C,Seattle Seahawks,28,66,26,Michigan,75,308,55,2,Power - C,"https://ratings-images-prod.pulse.ea.com/madden-nfl-26/portraits/2342.png?im=FaceCrop,padding=0.7",https://drop-assets.ea.com/images/2WrGCB8Atuo0aZ4MbstBrI/bbe9263ce111287adcef479efbc72160/28.png,71,60,72,87,84,65,10,21,14,5,25,22,27,53,5,21,39,84,92,10,20,21,10,78,12,8,66,71,66,74,6,26,31,10,26,12,72,69,75,Default Stride Awkward,10,26,60,10,10,28,6,6,6,6,27,10,90,15,10
20743,Quinton,Bell,Right Edge,REDG,Miami Dolphins,12,66,29,P. View AM,76,253,56,7,Smaller Speed Rusher - DE,"https://ratings-images-prod.pulse.ea.com/madden-nfl-26/portraits/105.png?im=FaceCrop,padding=0.7",https://drop-assets.ea.com/images/1rcCzp9f3OyZFzRBRFJVpC/8dc08dce09c05a748587769908cd710c/12.png,89,75,89,75,75,58,48,66,12,29,57,51,66,66,37,67,80,77,87,65,14,18,10,17,52,44,66,45,45,45,6,56,59,38,78,50,45,45,45,Long Stride Loose,50,54,89,58,23,75,6,6,6,6,24,10,85,46,60
15352,Rayuan,Lane III,Strong Safety,SS,Jacksonville Jaguars,17,66,22,Navy,71,201,25,0,Zone - S,"https://ratings-images-prod.pulse.ea.com/madden-nfl-26/portraits/10632.png?im=FaceCrop,padding=0.7",https://drop-assets.ea.com/images/4s3Xa9huMY7IrNAc9h1TDa/9eb764bbfbbb6a2f651e3d44cdcfa103/17.png,85,79,88,91,59,72,67,46,14,52,63,52,64,79,17,36,77,52,91,64,15,19,80,25,60,21,66,35,35,35,6,72,30,71,75,25,35,35,35,Default Stride Loose,28,57,87,56,44,65,6,6,6,6,24,12,92,45,65
4768,Reese,Taylor,Cornerback,CB,Denver Broncos,4,66,26,Purdue,69,188,35,0,Zone - CB,,https://drop-assets.ea.com/images/4AYKY9OcX1CYbyMFBnvM8/ac07a8ff525004f92014e3259708acdf/4.png,90,87,91,85,54,58,64,44,11,51,64,53,65,87,11,34,57,43,87,72,15,14,50,15,67,15,66,35,35,35,19,56,29,70,71,14,35,35,35,Short Stride Loose,21,65,90,62,31,54,19,22,25,18,32,17,83,29,74
1362,Rico,Payton,Cornerback,CB,NY Giants,16,66,25,Pittsburg St.,71,182,36,1,Slot - CB,"https://ratings-images-prod.pulse.ea.com/madden-nfl-26/portraits/10951.png?im=FaceCrop,padding=0.7",https://drop-assets.ea.com/images/5hloGwLNaCrg2IBn0CoWVb/b5996a802009a4252f992182bd9acf85/16.png,91,86,88,82,58,66,66,51,23,57,58,61,68,90,16,34,68,44,88,69,15,15,55,16,65,21,66,30,24,25,15,63,26,63,69,24,35,31,30,Short Stride Default,24,64,86,65,45,64,15,18,22,21,31,22,80,34,67
28419,Ryan,Miller,Wide Receiver,WR,NY Giants,16,66,25,Furman,73,221,9,2,,"https://ratings-images-prod.pulse.ea.com/madden-nfl-26/portraits/10941.png?im=FaceCrop,padding=0.7",https://drop-assets.ea.com/images/5hloGwLNaCrg2IBn0CoWVb/b5996a802009a4252f992182bd9acf85/16.png,88,89,78,82,63,59,82,28,19,74,70,79,78,82,64,10,29,37,87,79,17,21,43,24,12,67,66,30,28,29,6,15,10,12,37,67,40,26,26,Default,69,79,88,70,55,30,8,10,15,16,23,11,81,47,10
22271,Sam,Webb,Cornerback,CB,Cleveland Browns,5,66,27,Missouri W State,72,202,27,3,Manto Man - CB,"https://ratings-images-prod.pulse.ea.com/madden-nfl-26/portraits/2016.png?im=FaceCrop,padding=0.7",https://drop-assets.ea.com/images/4qbblHggBjaH9o46kyGeFo/27cab0f308b54edbd469e9b20cb506f7/5.png,92,85,96,82,58,60,71,43,10,55,61,62,68,85,48,34,58,42,90,72,20,20,65,13,68,52,66,35,35,35,6,56,26,70,63,39,35,35,35,Default Stride Loose,56,67,90,66,39,52,6,6,6,6,35,11,67,33,70
1170,Sanoussi,Kane,Strong Safety,SS,Tennessee Titans,30,66,23,Purdue,71,207,42,1,Run Support - S,"https://ratings-images-prod.pulse.ea.com/madden-nfl-26/portraits/10406.png?im=FaceCrop,padding=0.7",https://drop-assets.ea.com/images/2YxvlDMaJsJwNQ4lS7qdCQ/d850f60dcbdcd71fb162eb55a46c7969/30.png,91,81,87,83,58,61,65,66,31,63,56,49,57,81,10,42,81,64,90,67,47,53,55,32,64,11,66,33,31,33,24,60,47,66,81,12,35,35,35,Default Stride Loose,15,52,88,63,45,71,22,23,35,32,31,23,89,55,62
14710,Sedrick,Van Pran-Granger,Center,C,Buffalo Bills,3,66,23,Georgia,76,310,62,1,Agile - C,"https://ratings-images-prod.pulse.ea.com/madden-nfl-26/portraits/10452.png?im=FaceCrop,padding=0.7",https://drop-assets.ea.com/images/212FXcpkDUjs9ZJpZ038pM/676904f80719bc724267b7eb5609c6af/3.png,73,69,68,85,82,78,15,25,11,9,25,10,24,53,5,17,26,81,95,10,9,10,10,77,10,5,66,72,69,70,8,20,19,10,27,10,72,72,70,Default Stride Awkward,12,15,66,9,24,31,6,8,9,7,17,14,87,23,10
22633,Shane,Zylstra,Tight End,TE,Detroit Lions,19,66,28,Minnesota State,77,215,84,4,Vertical Threat - TE,"https://ratings-images-prod.pulse.ea.com/madden-nfl-26/portraits/2716.png?im=FaceCrop,padding=0.7",https://drop-assets.ea.com/images/7cuE4tZcli1uQyZbvXWMrd/a2df9decdab28170691ca6631dd62139/19.png,84,79,83,82,65,62,80,31,22,71,76,80,79,78,59,20,35,52,88,70,21,24,10,36,15,62,66,49,48,46,6,24,22,18,44,68,58,56,51,Long Stride High and Tight,64,80,82,65,61,34,6,6,6,6,25,10,81,62,15
13323,Siran,Neal,Free Safety,FS,San Francisco 49ers,15,66,31,Jacksonville State,72,206,33,7,Hybrid - S,"https://ratings-images-prod.pulse.ea.com/madden-nfl-26/portraits/9000.png?im=FaceCrop,padding=0.7",https://drop-assets.ea.com/images/1SoIzWJtk28ygwNAPEMRnf/deaee9a60ace23f7eaeaf4275c2282b0/15.png,86,81,92,86,60,64,67,60,15,35,63,56,67,80,28,48,80,63,94,65,15,18,25,15,64,35,66,35,35,35,6,65,41,76,72,30,35,35,35,Default,40,64,90,60,38,68,6,6,6,6,21,14,92,49,70
22964,Thomas,Incoom,Left Edge,LEDG,Carolina Panthers,21,66,26,Central Michigan,74,265,48,2,Power Rusher - DE,"https://ratings-images-prod.pulse.ea.com/madden-nfl-26/portraits/2227.png?im=FaceCrop,padding=0.7",https://drop-assets.ea.com/images/4Klf6KKhbnVi5RaARK1OiL/13a917c75c0fbc4edb0eb018cb757d8d/21.png,91,78,75,73,77,63,53,66,12,44,55,55,54,72,35,59,76,85,91,47,36,38,15,28,25,41,66,45,45,45,6,61,66,27,75,44,45,45,45,Default Stride Loose,45,51,84,40,41,78,6,7,11,7,24,11,77,50,31
14744,Trevor,Keegan,Left Guard,LG,Dallas Cowboys,11,66,25,Michigan,78,305,76,1,Power - G,"https://ratings-images-prod.pulse.ea.com/madden-nfl-26/portraits/10139.png?im=FaceCrop,padding=0.7",https://drop-assets.ea.com/images/4fzYNoreZSo04KbSHo3Sqn/0855e78441c821f956abac278f04abb7/11.png,72,60,75,83,85,70,18,21,8,13,25,15,31,54,5,15,35,80,91,19,24,26,10,79,10,5,66,73,67,72,6,21,15,10,23,20,70,70,70,Long Stride Awkward,10,15,64,22,15,34,11,11,15,7,22,10,89,29,10
14910,Ty'Ron,Hopper,Weak Backer,WILL,Green Bay Packers,20,66,24,Missouri,74,228,59,1,Run Stopper - OLB,"https://ratings-images-prod.pulse.ea.com/madden-nfl-26/portraits/10110.png?im=FaceCrop,padding=0.7",https://drop-assets.ea.com/images/4ztQk5XogdkrJe6reVd3h8/16ecf8a0f4caf228c6e54ad0f8e17425/20.png,87,77,86,82,66,73,42,65,22,21,55,52,58,71,5,66,79,67,91,56,14,15,45,29,52,7,66,40,40,40,16,75,72,52,86,13,45,45,45,Default Stride High and Tight,15,54,83,55,40,70,25,26,31,14,35,13,83,44,64
12498,Tyler,Ott,Long Snapper,LS,Washington Commanders,26,66,33,Harvard,75,253,69,10,Accurate - LS,"https://ratings-images-prod.pulse.ea.com/madden-nfl-26/portraits/8392.png?im=FaceCrop,padding=0.7",https://drop-assets.ea.com/images/42h6FyIuthDAiH4cTWUXRH/bb952a9252013b5bfdf77ac3f4011601/RatingsteamcrestWashingtonCommanders256.png,77,64,75,76,72,55,48,43,18,20,68,54,69,60,38,24,53,56,92,48,24,25,10,41,15,43,66,54,40,50,10,25,19,25,57,44,49,35,40,Default,48,59,75,41,42,52,10,10,10,10,39,10,83,34,25
22427,Vederian,Lowe,Left Tackle,LT,New England Patriots,22,66,26,Illinois,78,320,59,3,Power - OT,"https://ratings-images-prod.pulse.ea.com/madden-nfl-26/portraits/1814.png?im=FaceCrop,padding=0.7",https://drop-assets.ea.com/images/6Z0rWjQfkWgvj8K58X0WfA/aaaaa7e6c313bdfc5e624309ba6dfc4e/22.png,75,57,65,81,82,78,27,33,10,13,24,20,50,54,5,21,37,84,92,20,11,12,10,73,8,15,66,75,68,70,6,25,24,10,31,13,71,75,71,Default Stride Awkward,32,16,65,22,31,29,6,6,6,6,19,6,82,28,9
15212,Warren,Brinson,Defensive Tackle,DT,Green Bay Packers,20,66,23,Georgia,77,315,91,0,Power Rusher - DT,"https://ratings-images-prod.pulse.ea.com/madden-nfl-26/portraits/10498.png?im=FaceCrop,padding=0.7",https://drop-assets.ea.com/images/4ztQk5XogdkrJe6reVd3h8/16ecf8a0f4caf228c6e54ad0f8e17425/20.png,75,65,74,73,83,66,33,77,11,21,39,18,19,59,12,72,77,82,87,18,25,14,32,24,10,15,66,45,45,45,6,63,77,11,73,13,45,45,45,Default Stride Awkward,17,18,70,18,34,76,6,6,6,6,24,10,86,32,14
183,Xavier,Weaver,Wide Receiver,WR,Arizona Cardinals,7,66,24,Colorado,73,185,89,1,,"https://ratings-images-prod.pulse.ea.com/madden-nfl-26/portraits/10290.png?im=FaceCrop,padding=0.7",https://drop-assets.ea.com/images/5NdzvrqrP3clJDBL6kdTmu/1f61914ff14c6f4be0240d71e622f9c6/7.png,94,83,87,83,56,58,82,26,29,76,76,75,78,85,65,10,30,34,87,79,18,21,72,20,13,66,66,23,14,10,27,16,10,13,32,66,38,24,17,Default,67,77,91,68,60,27,27,32,38,34,47,28,84,50,17
22017,Zayne,Anderson,Free Safety,FS,Green Bay Packers,20,66,28,BYU,74,206,39,4,Zone - S,"https://ratings-images-prod.pulse.ea.com/madden-nfl-26/portraits/2070.png?im=FaceCrop,padding=0.7",https://drop-assets.ea.com/images/4ztQk5XogdkrJe6reVd3h8/16ecf8a0f4caf228c6e54ad0f8e17425/20.png,89,90,82,86,59,60,53,45,18,35,60,50,65,84,15,52,63,47,80,60,24,23,45,20,64,20,66,35,35,35,10,61,43,58,76,25,35,35,35,Default,28,53,90,58,38,67,10,10,16,10,31,12,74,40,70
4669,Adin,Huntington,Defensive Tackle,DT,Cleveland Browns,5,65,23,Tulane,73,281,98,0,Speed Rusher - DT,"https://ratings-images-prod.pulse.ea.com/madden-nfl-26/portraits/11004.png?im=FaceCrop,padding=0.7",https://drop-assets.ea.com/images/4qbblHggBjaH9o46kyGeFo/27cab0f308b54edbd469e9b20cb506f7/5.png,87,67,86,87,81,60,22,69,12,17,38,20,34,67,5,74,75,80,87,21,15,17,10,27,25,7,65,45,45,45,6,56,68,17,76,15,45,45,45,Default Stride Loose,15,21,82,16,28,74,6,6,6,6,20,10,87,34,32
15149,Ajani,Cornelius,Right Tackle,RT,Dallas Cowboys,11,65,23,Oregon,77,312,69,0,Power - OT,"https://ratings-images-prod.pulse.ea.com/madden-nfl-26/portraits/10527.png?im=FaceCrop,padding=0.7",https://drop-assets.ea.com/images/4fzYNoreZSo04KbSHo3Sqn/0855e78441c821f956abac278f04abb7/11.png,70,51,73,87,86,69,12,29,11,13,30,21,20,46,5,27,33,83,88,14,12,14,10,79,10,5,65,70,70,72,6,31,28,10,29,13,70,71,71,Long Stride Awkward,18,21,64,11,15,29,6,6,6,6,13,6,88,28,12
4735,Ale,Kaho,Weak Backer,WILL,Washington Commanders,26,65,25,UCLA,74,230,51,0,Run Stopper - OLB,"https://ratings-images-prod.pulse.ea.com/madden-nfl-26/portraits/11084.png?im=FaceCrop,padding=0.7",https://drop-assets.ea.com/images/42h6FyIuthDAiH4cTWUXRH/bb952a9252013b5bfdf77ac3f4011601/RatingsteamcrestWashingtonCommanders256.png,89,82,80,86,66,62,42,63,18,41,56,44,52,74,21,50,78,70,88,49,16,18,10,25,57,22,65,45,45,45,6,60,49,46,80,24,45,45,44,Default Stride Loose,23,45,86,44,43,81,6,6,6,6,22,15,87,45,66
15355,Alijah,Clark,Free Safety,FS,Dallas Cowboys,11,65,22,Syracuse,73,187,38,0,Hybrid - S,"https://ratings-images-prod.pulse.ea.com/madden-nfl-26/portraits/10519.png?im=FaceCrop,padding=0.7",https://drop-assets.ea.com/images/4fzYNoreZSo04KbSHo3Sqn/0855e78441c821f956abac278f04abb7/11.png,93,83,85,88,64,60,62,48,13,50,57,58,65,82,24,34,76,52,86,63,15,19,52,15,66,27,65,35,35,35,6,57,33,66,74,30,35,35,35,Default Stride Loose,30,57,89,59,45,65,6,6,6,6,24,12,87,43,65
1427,Art,Green,Cornerback,CB,NY Giants,16,65,25,Houston,73,198,23,2,Zone - CB,"https://ratings-images-prod.pulse.ea.com/madden-nfl-26/portraits/11059.png?im=FaceCrop,padding=0.7",https://drop-assets.ea.com/images/5hloGwLNaCrg2IBn0CoWVb/b5996a802009a4252f992182bd9acf85/16.png,95,83,86,83,57,59,66,45,16,50,58,59,68,83,21,33,54,35,87,74,12,14,40,10,62,23,65,25,25,25,15,55,25,62,74,20,30,30,30,Default Stride Loose,27,65,94,64,29,56,18,24,29,22,29,16,83,26,66
4712,Austen,Pleasants,Right Tackle,RT,San Francisco 49ers,15,65,28,Ohio,79,330,62,3,Power - OT,"https://ratings-images-prod.pulse.ea.com/madden-nfl-26/portraits/11081.png?im=FaceCrop,padding=0.7",https://drop-assets.ea.com/images/1SoIzWJtk28ygwNAPEMRnf/deaee9a60ace23f7eaeaf4275c2282b0/15.png,65,49,66,81,84,68,15,24,13,15,23,19,24,50,5,10,25,81,86,10,12,11,10,77,11,5,65,71,70,73,6,14,12,10,21,12,71,69,71,Long Stride Awkward,15,17,62,10,15,23,6,6,6,6,11,10,81,21,10
4685,Austin,Brinkman,Long Snapper,LS,Houston Texans,32,65,23,West Virginia,75,242,40,0,Accurate - LS,"https://ratings-images-prod.pulse.ea.com/madden-nfl-26/portraits/11021.png?im=FaceCrop,padding=0.7",https://drop-assets.ea.com/images/4rWKgLRDGADEZ3pTbdrpW0/793a695de8ea5caf8f2e1b3973ae1b61/32.png,76,66,68,75,65,50,31,46,11,25,58,42,47,60,22,10,48,67,89,32,20,17,10,49,18,28,65,53,43,49,6,26,10,16,49,24,49,42,46,Default Stride Loose,34,45,70,22,44,54,6,6,6,6,29,10,80,25,25
22126,Ben,Brown,Center,C,New England Patriots,22,65,27,Ole Miss,77,312,77,4,Agile - C,"https://ratings-images-prod.pulse.ea.com/madden-nfl-26/portraits/1198.png?im=FaceCrop,padding=0.7",https://drop-assets.ea.com/images/6Z0rWjQfkWgvj8K58X0WfA/aaaaa7e6c313bdfc5e624309ba6dfc4e/22.png,63,58,64,79,85,75,10,14,12,14,34,15,25,45,5,10,20,83,88,10,15,20,10,73,10,5,65,68,71,68,6,15,10,10,24,15,71,74,70,Long Stride Awkward,15,15,61,10,10,15,6,6,6,6,22,9,82,16,10
22851,Blake,Freeland,Left Tackle,LT,Indianapolis Colts,10,65,24,BYU,80,302,73,2,Agile - OT,"https://ratings-images-prod.pulse.ea.com/madden-nfl-26/portraits/2146.png?im=FaceCrop,padding=0.7",https://drop-assets.ea.com/images/5yTvAS7xG5Z8qw65gMLzSU/037cfcd90e26ee06666a24d762791f65/10.png,81,72,87,84,83,66,52,47,52,49,57,53,53,55,45,44,58,75,90,44,23,21,15,69,14,48,65,67,70,64,42,10,55,10,51,57,70,75,65,Long Stride Awkward,51,54,73,40,55,47,39,46,48,43,54,35,85,51,15
14691,Brevyn,Spann-Ford,Tight End,TE,Dallas Cowboys,11,65,25,Minnesota,79,260,89,1,Possession - TE,"https://ratings-images-prod.pulse.ea.com/madden-nfl-26/portraits/10254.png?im=FaceCrop,padding=0.7",https://drop-assets.ea.com/images/4fzYNoreZSo04KbSHo3Sqn/0855e78441c821f956abac278f04abb7/11.png,83,71,77,83,72,65,72,51,24,62,70,74,77,66,51,40,58,64,89,63,22,29,27,53,29,59,65,61,56,62,5,31,46,31,59,63,64,63,65,Long Stride Default,63,76,80,55,67,55,5,10,15,10,25,15,88,67,38
22507,Britain,Covey,Wide Receiver,WR,Philadelphia Eagles,13,65,28,Utah,68,173,18,3,,"https://ratings-images-prod.pulse.ea.com/madden-nfl-26/portraits/3037.png?im=FaceCrop,padding=0.7",https://drop-assets.ea.com/images/1Nt5pFCpjcBcADzHRbwfIk/ce90f9cb564aef7cc30cf1dd88c84150/13.png,93,91,78,82,41,62,84,16,56,74,73,73,77,90,59,10,15,30,83,74,15,16,88,16,14,64,65,22,16,18,45,16,10,10,32,53,31,21,20,Short Stride Loose,66,71,89,65,33,22,44,49,50,57,48,28,85,27,15
22942,Brodric,Martin,Defensive Tackle,DT,Las Vegas Raiders,23,65,26,W. Kentucky,77,330,93,2,,"https://ratings-images-prod.pulse.ea.com/madden-nfl-26/portraits/4674.png?im=FaceCrop,padding=0.7",https://drop-assets.ea.com/images/5ZrNmFWgR1vnwTOdqVmwYy/fe13aa7566120fb59130404e168c59ca/23.png,69,48,64,67,87,62,39,74,9,35,51,45,48,49,26,52,83,90,91,24,12,13,10,44,15,34,65,45,45,45,8,59,66,10,73,44,45,45,45,Long Stride Awkward,38,48,61,22,51,81,6,8,12,7,16,10,85,45,21
1538,Bryce,Oliver,Wide Receiver,WR,Tennessee Titans,30,65,25,Youngstown St.,73,214,80,1,,"https://ratings-images-prod.pulse.ea.com/madden-nfl-26/portraits/10950.png?im=FaceCrop,padding=0.7",https://drop-assets.ea.com/images/2YxvlDMaJsJwNQ4lS7qdCQ/d850f60dcbdcd71fb162eb55a46c7969/30.png,86,80,78,85,60,68,78,27,25,75,70,77,79,81,68,10,26,44,91,77,15,17,43,22,10,69,65,31,24,28,28,14,10,10,28,64,48,27,31,Default Stride Loose,70,78,87,73,53,29,6,10,15,25,30,19,88,57,10
21901,Buddy,Johnson,Mike Backer,MIKE,Indianapolis Colts,10,65,26,Texas AM,73,240,59,4,Run Stopper - MLB,"https://ratings-images-prod.pulse.ea.com/madden-nfl-26/portraits/981.png?im=FaceCrop,padding=0.7",https://drop-assets.ea.com/images/5yTvAS7xG5Z8qw65gMLzSU/037cfcd90e26ee06666a24d762791f65/10.png,87,76,91,82,75,66,47,65,39,37,59,42,61,72,31,46,83,75,87,45,15,19,10,36,52,33,65,45,45,45,32,66,49,38,81,38,45,45,45,Default Stride Loose,36,49,86,39,41,79,26,29,41,37,51,33,87,48,58
22827,Cameron,Latu,Tight End,TE,Philadelphia Eagles,13,65,25,Alabama,77,244,36,2,Vertical Threat - TE,"https://ratings-images-prod.pulse.ea.com/madden-nfl-26/portraits/2287.png?im=FaceCrop,padding=0.7",https://drop-assets.ea.com/images/1Nt5pFCpjcBcADzHRbwfIk/ce90f9cb564aef7cc30cf1dd88c84150/13.png,84,74,79,85,73,72,77,49,16,64,69,73,76,74,54,29,47,64,88,65,10,12,10,54,21,60,65,56,52,56,5,36,27,25,52,60,63,62,59,Long Stride Default,65,77,80,58,64,50,5,10,15,10,25,15,88,69,27
1343,Charles,Woods,Cornerback,CB,New England Patriots,22,65,25,SMU,71,185,22,1,Manto Man - CB,"https://ratings-images-prod.pulse.ea.com/madden-nfl-26/portraits/10995.png?im=FaceCrop,padding=0.7",https://drop-assets.ea.com/images/6Z0rWjQfkWgvj8K58X0WfA/aaaaa7e6c313bdfc5e624309ba6dfc4e/22.png,85,87,79,81,55,68,69,45,26,63,65,66,70,85,23,29,52,64,84,68,15,14,54,28,68,28,65,27,23,21,12,65,34,72,70,32,35,31,31,Default Stride Loose,30,65,86,63,48,53,13,14,20,22,21,13,79,54,69
21327,Charlie,Woerner,Tight End,TE,Atlanta Falcons,14,65,27,Georgia,77,241,89,5,Possession - TE,"https://ratings-images-prod.pulse.ea.com/madden-nfl-26/portraits/683.png?im=FaceCrop,padding=0.7",https://drop-assets.ea.com/images/3NTxf2X9VWdF6aL91pHAVu/6002a1f3e761a58c3b00f0e08bdccf5f/14.png,83,76,83,84,77,72,63,56,21,54,71,74,73,68,51,42,63,73,91,55,13,17,57,64,50,56,65,61,59,59,13,58,36,50,58,62,62,60,57,Long Stride Default,64,74,82,51,59,58,11,16,22,18,34,17,90,66,57
15142,Chase,Lundt,Right Tackle,RT,Buffalo Bills,3,65,23,Connecticut,79,304,77,0,Agile - OT,"https://ratings-images-prod.pulse.ea.com/madden-nfl-26/portraits/10641.png?im=FaceCrop,padding=0.7",https://drop-assets.ea.com/images/212FXcpkDUjs9ZJpZ038pM/676904f80719bc724267b7eb5609c6af/3.png,74,62,67,86,82,72,25,25,11,13,44,27,37,56,17,18,26,85,86,26,12,11,10,77,11,21,65,70,71,69,6,18,20,10,29,20,71,72,69,Long Stride Awkward,24,27,69,25,27,25,6,6,6,6,20,13,87,24,13
4622,Chaz,Chambliss,Right Edge,REDG,Minnesota Vikings,31,65,22,Georgia,73,242,57,0,Smaller Speed Rusher - DE,"https://ratings-images-prod.pulse.ea.com/madden-nfl-26/portraits/11019.png?im=FaceCrop,padding=0.7",https://drop-assets.ea.com/images/bzuWJaOZo5LCC4SwdbVzx/f6dc0006f59641745e50721d0d8c9d38/31.png,84,82,78,87,79,61,40,61,22,38,58,47,51,74,21,66,78,76,86,41,16,20,10,24,54,24,65,45,45,45,6,58,63,43,76,25,45,45,45,Default Stride Awkward,27,45,81,43,41,77,6,6,6,6,25,12,86,42,60
1429,Chigozie,Anusiem,Cornerback,CB,Las Vegas Raiders,23,65,24,Colorado St.,73,200,29,1,Zone - CB,"https://ratings-images-prod.pulse.ea.com/madden-nfl-26/portraits/10865.png?im=FaceCrop,padding=0.7",https://drop-assets.ea.com/images/5ZrNmFWgR1vnwTOdqVmwYy/fe13aa7566120fb59130404e168c59ca/23.png,90,82,89,85,60,63,68,53,24,55,57,54,64,77,15,45,68,56,90,70,14,15,45,25,61,24,65,35,35,35,6,62,35,75,73,24,35,35,35,Default,31,57,91,65,62,62,6,6,6,6,26,10,87,51,66
13850,Chris,Board,Weak Backer,WILL,NY Giants,16,65,30,North Dakota St.,74,239,49,7,Run Stopper - OLB,"https://ratings-images-prod.pulse.ea.com/madden-nfl-26/portraits/9709.png?im=FaceCrop,padding=0.7",https://drop-assets.ea.com/images/5hloGwLNaCrg2IBn0CoWVb/b5996a802009a4252f992182bd9acf85/16.png,87,85,83,83,69,66,48,60,15,40,55,40,55,74,10,52,76,78,91,63,16,18,42,24,57,10,65,30,35,35,6,68,48,43,80,25,42,35,35,Default Stride Loose,15,46,87,54,50,80,6,6,6,6,20,11,87,52,62
15310,Cobee,Bryant,Cornerback,CB,Atlanta Falcons,14,65,23,Kansas,72,180,37,0,Manto Man - CB,,https://drop-assets.ea.com/images/3NTxf2X9VWdF6aL91pHAVu/6002a1f3e761a58c3b00f0e08bdccf5f/14.png,92,79,85,87,62,60,62,47,13,50,60,59,69,83,21,31,55,40,86,69,15,13,51,15,69,27,65,30,30,30,6,58,26,70,70,24,35,35,35,Default Stride Loose,33,68,88,60,32,48,6,6,6,6,26,10,86,27,71
12931,Cooper,Rush,Quarterback,QB,Baltimore Ravens,25,65,31,Central Michigan,75,225,15,8,Field General - QB,"https://ratings-images-prod.pulse.ea.com/madden-nfl-26/portraits/8714.png?im=FaceCrop,padding=0.7",https://drop-assets.ea.com/images/3zZnTQ4izXUrnVi3ryTBcm/a12a28ccd2af4c0a0930b58db73552a7/25.png,75,70,74,72,62,66,50,23,54,36,61,26,28,68,12,10,18,26,92,42,15,19,17,16,12,14,65,15,18,14,80,20,10,11,30,19,18,19,20,Default,14,22,73,24,27,29,77,78,84,79,85,77,88,32,18
4677,Corey,Thornton,Cornerback,CB,Carolina Panthers,21,65,24,Louisville,73,193,31,0,Zone - CB,"https://ratings-images-prod.pulse.ea.com/madden-nfl-26/portraits/11031.png?im=FaceCrop,padding=0.7",https://drop-assets.ea.com/images/4Klf6KKhbnVi5RaARK1OiL/13a917c75c0fbc4edb0eb018cb757d8d/21.png,91,77,79,90,55,65,66,42,13,52,56,60,67,85,11,34,57,41,86,72,15,14,49,15,69,17,65,30,30,30,6,63,29,65,70,24,35,35,35,Default Stride Loose,22,67,85,63,32,56,6,6,6,6,27,10,85,29,72
1338,Dalton,Tucker,Left Guard,LG,Indianapolis Colts,10,65,25,Marshall,78,307,68,1,Power - G,"https://ratings-images-prod.pulse.ea.com/madden-nfl-26/portraits/10980.png?im=FaceCrop,padding=0.7",https://drop-assets.ea.com/images/5yTvAS7xG5Z8qw65gMLzSU/037cfcd90e26ee06666a24d762791f65/10.png,62,63,79,83,82,63,10,20,12,5,20,10,35,57,5,10,12,77,88,10,12,16,10,79,12,5,65,68,65,71,6,10,10,10,23,12,73,70,75,Default Stride Awkward,10,12,66,10,10,29,6,6,6,6,21,10,87,15,12
4673,Danny,Striggow,Right Edge,REDG,Jacksonville Jaguars,17,65,23,Minnesota,76,253,92,0,Power Rusher - DE,"https://ratings-images-prod.pulse.ea.com/madden-nfl-26/portraits/11033.png?im=FaceCrop,padding=0.7",https://drop-assets.ea.com/images/4s3Xa9huMY7IrNAc9h1TDa/9eb764bbfbbb6a2f651e3d44cdcfa103/17.png,80,81,80,76,75,63,33,68,12,24,34,19,35,74,5,68,77,65,87,31,13,15,10,20,34,7,65,45,45,45,6,62,71,33,78,15,45,45,45,Long Stride Loose,15,23,78,29,33,75,6,6,6,6,22,10,84,30,47
21408,Del'Shawn,Phillips,Sam Backer,SAM,Los Angeles Chargers,8,65,28,Illinois,74,230,53,6,Run Stopper - OLB,"https://ratings-images-prod.pulse.ea.com/madden-nfl-26/portraits/1501.png?im=FaceCrop,padding=0.7",https://drop-assets.ea.com/images/1nyokQ4GLHKjmDL5IorxkB/29267d1765bd7f27730a007e1b070ec4/8.png,83,76,86,82,72,68,44,66,15,43,58,42,65,70,6,52,84,75,88,62,14,15,10,20,54,10,65,45,45,45,6,69,46,46,77,19,45,45,45,Default Stride Loose,15,60,87,54,41,76,6,6,6,6,25,13,83,46,63
17751,Deon,Bush,Strong Safety,SS,Kansas City Chiefs,9,65,32,Miami,72,200,26,9,Run Support - S,"https://ratings-images-prod.pulse.ea.com/madden-nfl-26/portraits/7926.png?im=FaceCrop,padding=0.7",https://drop-assets.ea.com/images/3g9AewmTPjE4A7yc2tobiZ/20b6502896df3893414233cb5fe1b803/9.png,88,82,86,88,71,69,62,46,15,45,62,32,68,79,10,27,83,59,87,62,18,21,42,14,59,10,65,25,33,34,15,71,31,62,70,23,14,33,33,Default Stride Loose,20,60,88,59,42,62,10,10,15,15,27,12,83,53,65
23284,Desjuan,Johnson,Right Edge,REDG,Los Angeles Rams,24,65,25,Toledo,74,278,94,2,Power Rusher - DE,"https://ratings-images-prod.pulse.ea.com/madden-nfl-26/portraits/4521.png?im=FaceCrop,padding=0.7",https://drop-assets.ea.com/images/wS8JnLBEBj9eq68rO1qTb/b7b5285ad842936bc21bb149eb8c31b8/24.png,80,62,72,74,79,68,32,70,8,13,46,45,46,64,6,69,80,84,92,43,8,11,10,24,22,8,65,40,40,40,7,67,73,25,78,15,45,45,45,Default Stride Awkward,18,41,72,35,34,74,6,7,6,6,10,9,88,34,29
22677,Deven,Thompkins,Wide Receiver,WR,Atlanta Falcons,14,65,25,Utah State,68,160,83,3,,"https://ratings-images-prod.pulse.ea.com/madden-nfl-26/portraits/2423.png?im=FaceCrop,padding=0.7",https://drop-assets.ea.com/images/3NTxf2X9VWdF6aL91pHAVu/6002a1f3e761a58c3b00f0e08bdccf5f/14.png,93,86,91,80,48,62,82,15,24,60,61,71,77,89,65,10,14,30,83,76,12,15,76,19,27,62,65,31,14,13,17,22,10,15,28,53,30,11,13,Short Stride Loose,63,74,94,69,32,20,10,15,20,24,24,11,77,25,25
22623,Devon,Key,Free Safety,FS,Denver Broncos,4,65,27,W. Kentucky,72,208,26,4,Hybrid - S,"https://ratings-images-prod.pulse.ea.com/madden-nfl-26/portraits/10408.png?im=FaceCrop,padding=0.7",https://drop-assets.ea.com/images/4AYKY9OcX1CYbyMFBnvM8/ac07a8ff525004f92014e3259708acdf/4.png,89,79,90,84,66,64,58,59,24,44,60,49,58,83,15,39,86,63,92,68,12,14,30,25,62,20,65,35,35,35,15,60,45,71,77,20,35,35,35,Default Stride Loose,30,54,86,64,44,69,10,10,15,20,30,16,86,45,64
15169,Drew,Kendall,Center,C,Philadelphia Eagles,13,65,23,Boston College,76,308,66,0,Power - C,"https://ratings-images-prod.pulse.ea.com/madden-nfl-26/portraits/10622.png?im=FaceCrop,padding=0.7",https://drop-assets.ea.com/images/1Nt5pFCpjcBcADzHRbwfIk/ce90f9cb564aef7cc30cf1dd88c84150/13.png,72,66,75,84,81,76,10,15,11,6,23,20,22,64,5,11,24,79,92,10,12,13,10,77,11,10,65,71,69,71,6,24,25,10,31,12,71,71,69,Long Stride Awkward,18,22,71,10,10,23,6,6,6,6,15,12,90,21,10
22562,Elijah,Garcia,Defensive Tackle,DT,Atlanta Falcons,14,65,26,Rice,77,302,91,3,,"https://ratings-images-prod.pulse.ea.com/madden-nfl-26/portraits/2498.png?im=FaceCrop,padding=0.7",https://drop-assets.ea.com/images/3NTxf2X9VWdF6aL91pHAVu/6002a1f3e761a58c3b00f0e08bdccf5f/14.png,74,70,74,73,83,55,19,77,12,23,26,11,30,60,5,50,81,76,89,17,12,14,10,22,17,6,65,45,45,45,6,54,68,10,74,12,45,45,45,Default Stride Awkward,10,12,72,11,29,78,6,6,6,6,13,17,78,26,19
22497,Eric,Johnson II,Defensive Tackle,DT,Indianapolis Colts,10,65,27,Missouri State,76,320,98,3,,"https://ratings-images-prod.pulse.ea.com/madden-nfl-26/portraits/2151.png?im=FaceCrop,padding=0.7",https://drop-assets.ea.com/images/5yTvAS7xG5Z8qw65gMLzSU/037cfcd90e26ee06666a24d762791f65/10.png,80,65,69,73,79,69,18,70,12,15,30,14,32,59,3,57,76,82,92,25,14,17,10,28,15,5,65,45,45,45,6,66,67,10,79,15,45,45,45,Default Stride Awkward,13,16,77,24,32,77,6,6,6,6,23,12,82,30,16
14882,Eric,Watts,Left Edge,LEDG,NY Jets,18,65,24,Connecticut,78,274,95,1,Run Stopper - DE,"https://ratings-images-prod.pulse.ea.com/madden-nfl-26/portraits/10288.png?im=FaceCrop,padding=0.7",https://drop-assets.ea.com/images/7M46e9acznPLjtJlC7FaWV/ef5cfc9e8306cbdae723a5f7e809b0fd/18.png,88,65,87,86,79,63,48,74,20,41,41,32,35,58,14,68,78,71,90,45,26,26,39,35,28,16,65,32,36,30,13,64,69,35,72,19,37,33,36,Long Stride Loose,18,35,83,38,32,76,14,19,25,15,32,21,90,37,21
15154,Hayden,Conner,Left Guard,LG,Arizona Cardinals,7,65,23,Texas,78,315,58,0,Power - G,"https://ratings-images-prod.pulse.ea.com/madden-nfl-26/portraits/10524.png?im=FaceCrop,padding=0.7",https://drop-assets.ea.com/images/5NdzvrqrP3clJDBL6kdTmu/1f61914ff14c6f4be0240d71e622f9c6/7.png,75,63,52,88,86,65,33,39,12,35,38,32,21,57,26,38,41,80,89,18,22,19,20,77,10,27,65,69,67,70,6,29,42,10,28,28,71,69,71,Long Stride Awkward,31,33,65,20,35,35,6,6,6,6,23,6,88,35,11
21563,Hunter,Long,Tight End,TE,Jacksonville Jaguars,17,65,27,Boston College,77,253,84,4,Possession - TE,"https://ratings-images-prod.pulse.ea.com/madden-nfl-26/portraits/1378.png?im=FaceCrop,padding=0.7",https://drop-assets.ea.com/images/4s3Xa9huMY7IrNAc9h1TDa/9eb764bbfbbb6a2f651e3d44cdcfa103/17.png,86,71,79,83,72,63,70,50,14,61,74,79,79,69,55,38,56,64,88,63,19,23,24,50,14,60,65,59,58,54,6,38,47,17,52,61,59,57,53,Long Stride High and Tight,66,80,81,50,68,53,6,10,15,10,30,10,87,69,21
15351,Hunter,Wohler,Free Safety,FS,Indianapolis Colts,10,65,22,Wisconsin,74,213,30,0,Zone - S,"https://ratings-images-prod.pulse.ea.com/madden-nfl-26/portraits/10788.png?im=FaceCrop,padding=0.7",https://drop-assets.ea.com/images/5yTvAS7xG5Z8qw65gMLzSU/037cfcd90e26ee06666a24d762791f65/10.png,90,92,88,88,63,62,64,51,14,49,60,52,64,83,16,34,74,51,85,63,15,19,70,25,61,20,65,35,35,35,6,60,37,66,74,25,35,35,35,Default Stride Loose,27,57,87,55,42,67,6,6,6,6,24,12,84,44,66
4779,Isaiah,Johnson,Cornerback,CB,Miami Dolphins,12,65,25,Syracuse,75,205,46,1,Manto Man - CB,,https://drop-assets.ea.com/images/1rcCzp9f3OyZFzRBRFJVpC/8dc08dce09c05a748587769908cd710c/12.png,91,89,87,88,60,57,59,43,12,45,59,57,62,84,21,28,57,43,87,70,13,15,36,15,66,23,65,35,35,35,6,59,26,68,71,28,35,35,35,Long Stride Loose,24,61,92,54,36,55,6,6,6,6,25,10,84,25,69
21926,Isaiahh,Loudermilk,Defensive Tackle,DT,Pittsburgh Steelers,29,65,27,Wisconsin,79,293,92,4,,"https://ratings-images-prod.pulse.ea.com/madden-nfl-26/portraits/1582.png?im=FaceCrop,padding=0.7",https://drop-assets.ea.com/images/4k4tkEjxICBzmTan96wMKZ/1d5d9145ace8a359ac5423c8c3e5e2d8/29.png,78,66,71,74,79,61,44,72,12,29,49,40,51,63,18,67,81,80,88,39,15,15,10,29,14,23,65,45,45,45,6,64,64,15,76,28,45,45,45,Long Stride Loose,28,42,69,34,43,79,6,6,6,6,28,13,84,43,24
21776,Jack,Stoll,Tight End,TE,New Orleans Saints,27,65,27,Nebraska,76,247,88,4,Possession - TE,"https://ratings-images-prod.pulse.ea.com/madden-nfl-26/portraits/1070.png?im=FaceCrop,padding=0.7",https://drop-assets.ea.com/images/5beev0Bk7MVWyDSbEqr75u/837fe770a82d43aa3028a13988d8baf3/27.png,85,82,77,84,68,65,68,35,17,45,74,75,80,75,49,10,26,65,90,65,18,24,46,56,15,58,65,59,55,58,6,20,10,10,39,61,62,62,58,Default,63,78,83,62,58,34,6,10,17,10,33,10,85,64,19
1092,Jacob,Monk,Center,C,Green Bay Packers,20,65,24,Duke,75,308,62,1,Agile - C,"https://ratings-images-prod.pulse.ea.com/madden-nfl-26/portraits/10185.png?im=FaceCrop,padding=0.7",https://drop-assets.ea.com/images/4ztQk5XogdkrJe6reVd3h8/16ecf8a0f4caf228c6e54ad0f8e17425/20.png,76,67,73,84,83,72,10,21,9,5,25,22,27,57,5,21,39,80,94,10,19,25,10,80,11,8,65,70,69,68,9,26,23,9,36,12,69,73,65,Default Stride Awkward,15,26,69,10,10,28,10,11,15,8,25,9,85,15,10
14800,Jalen,Milroe,Quarterback,QB,Seattle Seahawks,28,65,22,Alabama,74,216,6,0,Scrambler - QB,"https://ratings-images-prod.pulse.ea.com/madden-nfl-26/portraits/10664.png?im=FaceCrop,padding=0.7",https://drop-assets.ea.com/images/2WrGCB8Atuo0aZ4MbstBrI/bbe9263ce111287adcef479efbc72160/28.png,93,89,87,81,69,49,87,37,74,74,56,21,40,87,23,38,40,26,88,78,21,28,33,31,20,19,65,23,32,32,79,26,38,19,28,28,30,33,33,Default Stride Loose,19,18,93,73,68,42,78,73,76,77,92,74,89,52,18
22098,James,Mitchell,Tight End,TE,Carolina Panthers,21,65,26,Virginia Tech,75,255,85,3,Vertical Threat - TE,"https://ratings-images-prod.pulse.ea.com/madden-nfl-26/portraits/1853.png?im=FaceCrop,padding=0.7",https://drop-assets.ea.com/images/4Klf6KKhbnVi5RaARK1OiL/13a917c75c0fbc4edb0eb018cb757d8d/21.png,87,76,78,79,70,65,70,32,48,57,76,75,76,69,61,22,39,60,83,67,19,25,10,58,18,63,65,59,60,58,31,14,23,10,35,63,57,59,52,Long Stride High and Tight,63,73,84,59,67,35,30,33,37,44,42,30,83,63,20
15228,Jay,Toia,Defensive Tackle,DT,Dallas Cowboys,11,65,22,UCLA,75,341,93,0,,"https://ratings-images-prod.pulse.ea.com/madden-nfl-26/portraits/10755.png?im=FaceCrop,padding=0.7",https://drop-assets.ea.com/images/4fzYNoreZSo04KbSHo3Sqn/0855e78441c821f956abac278f04abb7/11.png,72,53,63,81,86,72,31,73,12,28,41,18,20,51,12,60,74,83,94,17,21,21,26,46,11,15,65,45,45,45,11,71,68,13,71,13,45,45,45,Default Stride Awkward,17,18,65,18,33,73,7,10,14,9,19,13,91,30,16
22163,Jeremiah,Moon,Left Edge,LEDG,Pittsburgh Steelers,29,65,27,Florida,77,247,53,3,Smaller Speed Rusher - DE,"https://ratings-images-prod.pulse.ea.com/madden-nfl-26/portraits/1856.png?im=FaceCrop,padding=0.7",https://drop-assets.ea.com/images/4k4tkEjxICBzmTan96wMKZ/1d5d9145ace8a359ac5423c8c3e5e2d8/29.png,90,81,94,78,68,51,42,67,12,43,39,35,42,67,4,70,78,69,85,52,12,16,10,18,42,8,65,45,45,45,6,49,62,45,78,16,45,45,45,Long Stride Loose,15,33,80,46,45,79,6,6,6,6,20,18,80,33,50
23267,Jerrick,Reed II,Free Safety,FS,Tennessee Titans,30,65,25,New Mexico,70,196,28,2,Hybrid - S,"https://ratings-images-prod.pulse.ea.com/madden-nfl-26/portraits/4907.png?im=FaceCrop,padding=0.7",https://drop-assets.ea.com/images/2YxvlDMaJsJwNQ4lS7qdCQ/d850f60dcbdcd71fb162eb55a46c7969/30.png,93,78,90,85,59,62,72,50,17,61,63,63,71,81,41,33,83,55,90,70,17,16,52,25,67,39,65,30,30,30,11,64,26,61,64,39,35,35,35,Short Stride Loose,44,67,91,63,30,66,8,10,15,19,21,12,79,26,62
4734,John,Bullock,Weak Backer,WILL,Indianapolis Colts,10,65,24,Nebraska,72,230,57,0,Run Stopper - OLB,"https://ratings-images-prod.pulse.ea.com/madden-nfl-26/portraits/11067.png?im=FaceCrop,padding=0.7",https://drop-assets.ea.com/images/5yTvAS7xG5Z8qw65gMLzSU/037cfcd90e26ee06666a24d762791f65/10.png,85,79,78,87,69,64,45,62,24,39,56,40,58,70,21,53,80,69,88,50,15,15,10,21,60,23,65,45,45,45,6,61,51,48,80,25,45,45,45,Default Stride Loose,25,49,85,43,43,81,6,6,6,6,21,12,86,45,66
22455,Jordan,Jackson,Defensive Tackle,DT,Denver Broncos,4,65,27,Air Force,76,294,94,3,,"https://ratings-images-prod.pulse.ea.com/madden-nfl-26/portraits/1777.png?im=FaceCrop,padding=0.7",https://drop-assets.ea.com/images/4AYKY9OcX1CYbyMFBnvM8/ac07a8ff525004f92014e3259708acdf/4.png,74,76,75,74,78,67,26,70,16,19,30,17,24,66,5,59,76,79,88,22,21,22,10,25,23,5,65,45,45,45,6,69,68,20,78,17,45,45,45,Long Stride Awkward,14,17,74,21,27,78,6,6,6,6,22,14,86,34,29
22644,Josh,Blackwell,Cornerback,CB,Chicago Bears,1,65,26,Duke,71,179,39,3,Manto Man - CB,"https://ratings-images-prod.pulse.ea.com/madden-nfl-26/portraits/10364.png?im=FaceCrop,padding=0.7",https://drop-assets.ea.com/images/6jaEsYrn1V45DziwibpsDk/ed66ad67e63f08a3a7c25ce951dbf5b9/1.png,92,91,88,84,53,56,64,38,21,55,55,48,59,84,24,32,54,37,87,72,12,13,62,15,65,30,65,35,35,35,15,52,26,71,69,35,35,35,35,Default Stride Loose,34,52,94,66,29,47,16,20,22,23,24,13,85,30,62
21094,Josiah,Deguara,Tight End,TE,Arizona Cardinals,7,65,28,Cincinnati,74,240,45,5,Possession - TE,"https://ratings-images-prod.pulse.ea.com/madden-nfl-26/portraits/247.png?im=FaceCrop,padding=0.7",https://drop-assets.ea.com/images/5NdzvrqrP3clJDBL6kdTmu/1f61914ff14c6f4be0240d71e622f9c6/7.png,84,77,84,84,78,61,70,41,26,55,74,78,81,73,54,10,32,67,86,59,16,21,30,61,12,57,65,56,54,52,21,27,14,17,41,65,60,61,55,Long Stride Default,63,80,85,56,61,41,20,25,30,26,41,26,87,63,14
16153,Julian,Ashby,Long Snapper,LS,New England Patriots,22,65,23,Vanderbilt,73,231,47,0,Accurate - LS,"https://ratings-images-prod.pulse.ea.com/madden-nfl-26/portraits/10999.png?im=FaceCrop,padding=0.7",https://drop-assets.ea.com/images/6Z0rWjQfkWgvj8K58X0WfA/aaaaa7e6c313bdfc5e624309ba6dfc4e/22.png,83,72,74,76,68,60,52,37,14,51,62,49,45,69,35,32,22,56,88,45,24,24,10,31,17,40,65,45,40,41,17,34,32,15,52,34,51,49,51,Default Stride Awkward,47,47,74,44,47,50,10,11,10,14,29,16,86,45,20
14937,Kalen,King,Cornerback,CB,Arizona Cardinals,7,65,22,Penn State,71,191,35,1,Manto Man - CB,"https://ratings-images-prod.pulse.ea.com/madden-nfl-26/portraits/10142.png?im=FaceCrop,padding=0.7",https://drop-assets.ea.com/images/5NdzvrqrP3clJDBL6kdTmu/1f61914ff14c6f4be0240d71e622f9c6/7.png,91,87,88,85,47,66,65,54,23,61,59,65,68,90,18,41,61,44,94,72,9,11,55,16,62,25,65,30,26,25,15,61,36,72,69,35,35,29,31,Default Stride Loose,31,67,87,66,40,56,9,10,15,15,23,8,76,36,65
21706,Keith,Taylor,Cornerback,CB,Jacksonville Jaguars,17,65,26,Washington,75,195,32,4,Zone - CB,"https://ratings-images-prod.pulse.ea.com/madden-nfl-26/portraits/1284.png?im=FaceCrop,padding=0.7",https://drop-assets.ea.com/images/4s3Xa9huMY7IrNAc9h1TDa/9eb764bbfbbb6a2f651e3d44cdcfa103/17.png,90,88,81,90,58,66,61,44,15,47,57,49,57,83,5,39,56,42,92,71,13,18,43,22,61,12,65,35,35,35,6,65,32,76,70,10,35,35,35,Default Stride Loose,17,54,88,65,38,62,6,6,6,6,30,17,87,36,67
4715,Keyon,Martin,Cornerback,CB,Baltimore Ravens,25,65,24,UL Lafayette,69,170,38,0,Manto Man - CB,,https://drop-assets.ea.com/images/3zZnTQ4izXUrnVi3ryTBcm/a12a28ccd2af4c0a0930b58db73552a7/25.png,93,85,92,87,54,54,60,44,10,52,55,59,62,86,12,35,55,40,84,70,13,14,55,17,67,17,65,30,30,30,6,51,27,67,69,26,35,35,35,Short Stride Loose,29,61,92,64,33,51,6,6,6,6,25,10,83,29,66
22483,Ko,Kieft,Tight End,TE,Tampa Bay Buccaneers,6,65,27,Minnesota,77,265,41,3,Blocking - TE,"https://ratings-images-prod.pulse.ea.com/madden-nfl-26/portraits/2566.png?im=FaceCrop,padding=0.7",https://drop-assets.ea.com/images/1L5Fn21WqZN9jcLucGYg4c/ce29db9b9b4775d4e8fc337bf5c65027/6.png,70,79,76,82,75,66,58,35,12,52,72,72,74,65,51,10,35,73,91,59,12,15,10,63,10,58,65,63,63,59,15,25,10,10,37,66,65,64,63,Default Stride High and Tight,64,71,73,52,66,34,11,15,22,19,24,11,92,66,10
16154,Kobee,Minor,Cornerback,CB,New England Patriots,22,65,23,Memphis,71,188,19,0,Zone - CB,"https://ratings-images-prod.pulse.ea.com/madden-nfl-26/portraits/10861.png?im=FaceCrop,padding=0.7",https://drop-assets.ea.com/images/6Z0rWjQfkWgvj8K58X0WfA/aaaaa7e6c313bdfc5e624309ba6dfc4e/22.png,90,78,86,84,55,68,64,43,24,44,50,47,64,78,24,24,48,40,87,68,23,24,48,26,64,24,65,35,35,25,33,69,30,67,68,26,35,35,25,Default Stride Loose,23,58,87,60,32,50,27,29,12,17,20,30,79,25,69
23356,Markees,Watts,Left Edge,LEDG,Tampa Bay Buccaneers,6,65,25,Charlotte,73,240,58,2,Smaller Speed Rusher - DE,"https://ratings-images-prod.pulse.ea.com/madden-nfl-26/portraits/10987.png?im=FaceCrop,padding=0.7",https://drop-assets.ea.com/images/1L5Fn21WqZN9jcLucGYg4c/ce29db9b9b4775d4e8fc337bf5c65027/6.png,81,81,77,79,71,59,51,67,12,33,51,43,52,73,5,72,82,65,91,46,17,15,10,28,44,7,65,45,45,45,6,60,66,16,79,12,45,45,45,Default Stride Loose,10,48,81,39,29,72,6,6,6,6,31,17,82,45,52
13390,Matt,Dickerson,Defensive Tackle,DT,Jacksonville Jaguars,17,65,29,UCLA,77,292,93,7,,"https://ratings-images-prod.pulse.ea.com/madden-nfl-26/portraits/8869.png?im=FaceCrop,padding=0.7",https://drop-assets.ea.com/images/4s3Xa9huMY7IrNAc9h1TDa/9eb764bbfbbb6a2f651e3d44cdcfa103/17.png,67,64,76,72,81,63,13,75,12,10,26,10,30,56,2,57,76,83,84,17,12,14,10,22,22,3,65,45,45,45,6,65,66,10,73,12,45,45,45,Default Stride Awkward,10,12,72,11,29,79,6,6,6,6,13,17,86,26,33
1120,Michael,Jerrell,Right Tackle,RT,Atlanta Falcons,14,65,26,Findlay,77,294,72,1,Agile - OT,"https://ratings-images-prod.pulse.ea.com/madden-nfl-26/portraits/10401.png?im=FaceCrop,padding=0.7",https://drop-assets.ea.com/images/3NTxf2X9VWdF6aL91pHAVu/6002a1f3e761a58c3b00f0e08bdccf5f/14.png,81,53,79,76,82,53,13,31,12,13,24,20,23,54,7,18,33,78,93,10,17,18,10,84,9,11,65,70,75,66,5,15,12,10,34,15,72,74,70,Long Stride Awkward,12,19,74,10,10,36,5,5,5,7,16,10,88,25,12
22609,Mike,Caliendo,Right Guard,RG,Kansas City Chiefs,9,65,27,W. Michigan,76,301,66,3,Power - G,"https://ratings-images-prod.pulse.ea.com/madden-nfl-26/portraits/2998.png?im=FaceCrop,padding=0.7",https://drop-assets.ea.com/images/3g9AewmTPjE4A7yc2tobiZ/20b6502896df3893414233cb5fe1b803/9.png,71,59,71,77,82,66,15,26,12,19,32,15,42,55,13,10,27,79,92,12,11,10,10,72,12,17,65,70,73,72,6,10,10,10,27,20,72,70,75,Default Stride Awkward,25,14,60,10,20,25,6,6,6,6,17,14,79,30,12
15146,Myles,Hinton,Right Tackle,RT,Philadelphia Eagles,13,65,23,Michigan,79,325,78,0,Agile - OT,"https://ratings-images-prod.pulse.ea.com/madden-nfl-26/portraits/10589.png?im=FaceCrop,padding=0.7",https://drop-assets.ea.com/images/1Nt5pFCpjcBcADzHRbwfIk/ce90f9cb564aef7cc30cf1dd88c84150/13.png,69,56,77,86,82,67,22,31,12,20,43,17,22,52,5,36,38,80,86,14,10,14,10,81,13,5,65,72,73,71,6,29,44,10,21,14,71,72,70,Long Stride Awkward,12,15,66,21,12,30,6,6,6,6,29,7,86,21,15
21880,Naquan,Jones,Defensive Tackle,DT,Houston Texans,32,65,27,Michigan St.,75,313,91,4,,"https://ratings-images-prod.pulse.ea.com/madden-nfl-26/portraits/930.png?im=FaceCrop,padding=0.7",https://drop-assets.ea.com/images/4rWKgLRDGADEZ3pTbdrpW0/793a695de8ea5caf8f2e1b3973ae1b61/32.png,56,57,64,75,82,73,25,73,12,19,42,23,33,53,10,55,75,84,87,15,15,15,25,41,12,12,65,45,45,45,6,75,72,14,74,12,45,45,45,Long Stride Loose,18,22,61,14,35,78,6,6,6,6,19,10,78,45,13
22174,PJ,Mustipher,Defensive Tackle,DT,Arizona Cardinals,7,65,26,Penn State,76,320,79,2,,"https://ratings-images-prod.pulse.ea.com/madden-nfl-26/portraits/2338.png?im=FaceCrop,padding=0.7",https://drop-assets.ea.com/images/5NdzvrqrP3clJDBL6kdTmu/1f61914ff14c6f4be0240d71e622f9c6/7.png,67,52,69,72,79,68,25,76,12,14,22,13,25,46,5,51,81,80,91,21,11,12,10,44,10,6,65,40,40,40,7,63,65,11,74,9,45,45,44,Default Stride Awkward,10,14,59,20,19,83,6,7,9,6,20,7,85,45,10
4716,Reddy,Steward,Cornerback,CB,Dallas Cowboys,11,65,24,Troy,71,178,27,1,Zone - CB,"https://ratings-images-prod.pulse.ea.com/madden-nfl-26/portraits/11079.png?im=FaceCrop,padding=0.7",https://drop-assets.ea.com/images/4fzYNoreZSo04KbSHo3Sqn/0855e78441c821f956abac278f04abb7/11.png,94,76,83,86,55,59,61,43,11,52,55,59,63,84,15,32,56,43,87,69,18,12,50,15,68,18,65,30,30,30,6,55,27,66,70,24,35,35,35,Default Stride Loose,30,61,88,61,31,54,6,6,6,6,24,10,80,30,72
23087,Rejzohn,Wright,Cornerback,CB,New Orleans Saints,27,65,24,Oregon State,74,193,25,2,Zone - CB,"https://ratings-images-prod.pulse.ea.com/madden-nfl-26/portraits/2488.png?im=FaceCrop,padding=0.7",https://drop-assets.ea.com/images/5beev0Bk7MVWyDSbEqr75u/837fe770a82d43aa3028a13988d8baf3/27.png,92,84,89,88,53,63,65,49,44,45,49,65,70,81,15,43,67,47,88,69,17,20,47,15,59,26,65,22,22,22,40,64,28,76,74,35,34,34,34,Long Stride Loose,31,72,89,64,35,50,40,42,44,43,47,33,83,35,67
22380,Sam,Howell,Quarterback,QB,Philadelphia Eagles,13,65,24,North Carolina,73,220,14,3,Scrambler - QB,"https://ratings-images-prod.pulse.ea.com/madden-nfl-26/portraits/1770.png?im=FaceCrop,padding=0.7",https://drop-assets.ea.com/images/1Nt5pFCpjcBcADzHRbwfIk/ce90f9cb564aef7cc30cf1dd88c84150/13.png,87,78,71,91,64,51,81,24,72,71,66,37,61,78,12,10,23,27,93,72,37,36,14,16,12,14,65,15,14,18,79,13,10,10,33,15,23,16,22,Default,15,51,82,66,51,29,78,76,81,78,91,74,92,53,14
23330,Segun,Olubi,Mike Backer,MIKE,Indianapolis Colts,10,65,25,San Diego St.,72,225,50,3,Pass Coverage - MLB,"https://ratings-images-prod.pulse.ea.com/madden-nfl-26/portraits/10433.png?im=FaceCrop,padding=0.7",https://drop-assets.ea.com/images/5yTvAS7xG5Z8qw65gMLzSU/037cfcd90e26ee06666a24d762791f65/10.png,91,82,83,80,66,61,51,64,22,44,53,49,63,79,5,62,84,64,87,66,29,31,35,27,57,5,65,45,45,45,10,63,51,44,82,15,45,45,45,Short Stride Loose,15,48,90,63,42,75,12,14,15,15,21,14,80,48,66
4758,Terrell,Jennings,Halfback,HB,New England Patriots,22,65,24,Florida AM,73,225,26,0,Power Back - HB,,https://drop-assets.ea.com/images/6Z0rWjQfkWgvj8K58X0WfA/aaaaa7e6c313bdfc5e624309ba6dfc4e/22.png,91,75,86,84,74,69,78,35,33,77,88,51,65,78,48,27,27,46,88,77,16,20,56,36,24,53,65,50,35,38,31,30,20,23,38,49,39,33,26,Default,58,52,88,70,76,31,28,37,39,37,32,29,85,79,24
15121,Thomas,Fidone II,Tight End,TE,NY Giants,16,65,22,Nebraska,77,243,86,0,Vertical Threat - TE,"https://ratings-images-prod.pulse.ea.com/madden-nfl-26/portraits/10553.png?im=FaceCrop,padding=0.7",https://drop-assets.ea.com/images/5hloGwLNaCrg2IBn0CoWVb/b5996a802009a4252f992182bd9acf85/16.png,89,83,85,82,71,63,65,45,19,61,69,74,77,78,57,42,35,64,80,66,27,26,22,50,28,61,65,62,60,63,23,32,38,18,45,63,56,54,56,Long Stride Default,66,73,81,60,63,42,22,17,24,21,29,33,81,66,30
1072,Tip,Reiman,Tight End,TE,Arizona Cardinals,7,65,23,Illinois,76,271,87,1,Possession - TE,"https://ratings-images-prod.pulse.ea.com/madden-nfl-26/portraits/10225.png?im=FaceCrop,padding=0.7",https://drop-assets.ea.com/images/5NdzvrqrP3clJDBL6kdTmu/1f61914ff14c6f4be0240d71e622f9c6/7.png,88,82,84,81,77,50,69,37,12,67,75,78,79,75,48,17,41,64,88,62,19,21,18,62,14,53,65,62,58,62,6,17,17,17,34,61,66,63,67,Long Stride Default,60,73,84,58,62,34,6,10,15,10,28,15,87,66,21
20510,Trayveon,Williams,Halfback,HB,Cleveland Browns,5,65,27,Texas AM,68,206,38,6,Elusive Back - HB,"https://ratings-images-prod.pulse.ea.com/madden-nfl-26/portraits/9680.png?im=FaceCrop,padding=0.7",https://drop-assets.ea.com/images/4qbblHggBjaH9o46kyGeFo/27cab0f308b54edbd469e9b20cb506f7/5.png,90,81,80,82,64,69,77,21,28,76,81,58,69,78,54,10,21,44,86,77,18,13,82,29,12,59,65,56,30,28,18,12,10,10,23,56,29,18,15,Default,63,56,89,75,68,26,18,28,33,26,30,20,85,58,14
12743,Trent,Taylor,Wide Receiver,WR,San Francisco 49ers,15,65,31,LA. Tech,68,181,81,8,,"https://ratings-images-prod.pulse.ea.com/madden-nfl-26/portraits/8744.png?im=FaceCrop,padding=0.7",https://drop-assets.ea.com/images/1SoIzWJtk28ygwNAPEMRnf/deaee9a60ace23f7eaeaf4275c2282b0/15.png,87,88,79,83,62,61,78,31,24,73,73,80,82,86,64,23,46,53,88,78,15,13,75,31,15,68,65,44,19,19,24,23,15,24,39,65,49,17,23,Short Stride Default,70,76,86,71,58,35,18,21,28,28,31,20,84,53,23
22955,Truman,Jones,Right Edge,REDG,Tennessee Titans,30,65,25,Harvard,75,250,56,2,Power Rusher - DE,"https://ratings-images-prod.pulse.ea.com/madden-nfl-26/portraits/10403.png?im=FaceCrop,padding=0.7",https://drop-assets.ea.com/images/2YxvlDMaJsJwNQ4lS7qdCQ/d850f60dcbdcd71fb162eb55a46c7969/30.png,89,82,88,74,71,65,27,72,17,17,32,26,32,72,5,63,84,74,90,35,23,27,10,25,32,7,65,35,35,35,6,62,69,37,78,13,40,40,40,Default Stride High and Tight,10,27,83,29,26,73,6,6,6,6,20,11,80,27,38
22240,Tycen,Anderson,Strong Safety,SS,Cincinnati Bengals,2,65,26,Toledo,74,205,26,3,Hybrid - S,"https://ratings-images-prod.pulse.ea.com/madden-nfl-26/portraits/1136.png?im=FaceCrop,padding=0.7",https://drop-assets.ea.com/images/5oemvWKqCFgBCkCI4h9A2U/0629c6d345fe01a14ba9f40554fd182e/2.png,95,92,88,86,59,60,64,55,17,49,57,56,58,82,29,37,62,50,87,72,14,13,45,20,65,31,65,33,33,33,7,56,32,73,66,41,34,34,34,Long Stride Default,36,55,92,63,45,60,6,8,10,15,24,9,74,39,63
1379,Tyler,Owens,Strong Safety,SS,Washington Commanders,26,65,24,Texas Tech,74,213,18,1,Zone - S,"https://ratings-images-prod.pulse.ea.com/madden-nfl-26/portraits/10203.png?im=FaceCrop,padding=0.7",https://drop-assets.ea.com/images/42h6FyIuthDAiH4cTWUXRH/bb952a9252013b5bfdf77ac3f4011601/RatingsteamcrestWashingtonCommanders256.png,94,79,93,83,63,62,68,54,16,54,64,59,65,76,12,36,59,50,89,71,17,19,39,14,63,16,65,35,35,35,6,58,27,64,72,15,35,35,35,Default Stride High and Tight,20,62,93,61,38,62,6,6,6,6,22,10,84,35,68
23151,Tyrus,Wheat,Right Edge,REDG,Detroit Lions,19,65,25,Mississippi St.,74,260,99,2,Power Rusher - DE,"https://ratings-images-prod.pulse.ea.com/madden-nfl-26/portraits/2456.png?im=FaceCrop,padding=0.7",https://drop-assets.ea.com/images/7cuE4tZcli1uQyZbvXWMrd/a2df9decdab28170691ca6631dd62139/19.png,90,74,71,74,74,59,40,67,12,23,48,41,57,65,11,58,81,81,92,45,9,11,15,33,41,13,65,35,35,35,7,56,71,46,76,15,45,45,45,Default Stride High and Tight,15,41,84,41,44,75,6,7,9,6,15,16,86,39,53
13187,Will,Clapp,Center,C,New Orleans Saints,27,65,28,LSU,77,311,76,7,Agile - C,"https://ratings-images-prod.pulse.ea.com/madden-nfl-26/portraits/8848.png?im=FaceCrop,padding=0.7",https://drop-assets.ea.com/images/5beev0Bk7MVWyDSbEqr75u/837fe770a82d43aa3028a13988d8baf3/27.png,63,53,72,83,80,78,10,19,15,14,29,15,24,47,5,10,20,78,85,10,14,19,10,77,10,5,65,71,72,69,6,10,10,10,15,15,68,72,64,Long Stride Awkward,15,15,72,10,10,26,6,6,6,6,14,11,90,10,11
22831,Will,Mallory,Tight End,TE,Indianapolis Colts,10,65,26,Miami,76,239,86,2,Vertical Threat - TE,"https://ratings-images-prod.pulse.ea.com/madden-nfl-26/portraits/2293.png?im=FaceCrop,padding=0.7",https://drop-assets.ea.com/images/5yTvAS7xG5Z8qw65gMLzSU/037cfcd90e26ee06666a24d762791f65/10.png,89,77,87,88,72,66,79,33,15,64,70,76,78,73,56,10,26,59,92,72,13,17,20,48,10,58,65,52,51,46,13,15,10,15,39,60,52,52,47,Long Stride Default,63,78,87,59,66,33,11,16,22,18,27,14,91,64,15
21559,Zach,Wilson,Quarterback,QB,Miami Dolphins,12,65,26,BYU,74,214,0,4,Strong Arm - QB,"https://ratings-images-prod.pulse.ea.com/madden-nfl-26/portraits/1367.png?im=FaceCrop,padding=0.7",https://drop-assets.ea.com/images/1rcCzp9f3OyZFzRBRFJVpC/8dc08dce09c05a748587769908cd710c/12.png,87,84,74,81,61,52,78,22,71,63,66,29,60,80,16,10,14,21,83,67,45,57,10,17,12,22,65,15,15,15,82,17,10,10,31,16,18,12,14,Default,34,31,83,65,51,23,79,75,81,77,93,75,87,40,15
23265,Zaire,Barnes,Weak Backer,WILL,NY Giants,16,65,25,W. Michigan,73,232,46,2,Run Stopper - OLB,"https://ratings-images-prod.pulse.ea.com/madden-nfl-26/portraits/2805.png?im=FaceCrop,padding=0.7",https://drop-assets.ea.com/images/5hloGwLNaCrg2IBn0CoWVb/b5996a802009a4252f992182bd9acf85/16.png,91,83,82,83,67,59,60,62,24,50,56,55,60,78,24,58,77,68,88,68,11,18,45,23,65,31,65,45,45,45,13,55,48,48,83,34,45,45,45,Default Stride Loose,37,62,88,62,33,78,18,22,24,12,28,14,75,48,64
15234,Zeek,Biggers,Defensive Tackle,DT,Miami Dolphins,12,65,21,Georgia Tech,78,321,93,0,,"https://ratings-images-prod.pulse.ea.com/madden-nfl-26/portraits/10491.png?im=FaceCrop,padding=0.7",https://drop-assets.ea.com/images/1rcCzp9f3OyZFzRBRFJVpC/8dc08dce09c05a748587769908cd710c/12.png,76,56,81,80,84,67,21,73,11,20,36,18,18,56,12,66,83,81,87,18,18,23,25,27,19,14,65,45,45,45,6,64,70,14,71,16,45,45,45,Long Stride Awkward,16,19,69,17,35,76,6,6,6,6,32,10,84,32,15
4769,Ajani,Carter,Cornerback,CB,Houston Texans,32,64,25,Houston,74,200,34,0,Manto Man - CB,,https://drop-assets.ea.com/images/4rWKgLRDGADEZ3pTbdrpW0/793a695de8ea5caf8f2e1b3973ae1b61/32.png,93,85,77,86,66,58,63,43,12,51,57,55,64,78,12,33,57,45,84,71,12,15,21,11,67,15,64,30,30,30,6,56,25,71,72,22,34,35,35,Long Stride Loose,25,64,88,60,35,56,6,6,6,6,25,10,86,23,66
20806,Alex,Bachman,Wide Receiver,WR,Las Vegas Raiders,23,64,29,Wake Forest,71,190,81,5,Deep Threat - WR,"https://ratings-images-prod.pulse.ea.com/madden-nfl-26/portraits/1391.png?im=FaceCrop,padding=0.7",https://drop-assets.ea.com/images/5ZrNmFWgR1vnwTOdqVmwYy/fe13aa7566120fb59130404e168c59ca/23.png,89,89,81,82,61,57,74,33,16,70,72,81,79,83,65,10,18,41,88,73,17,23,71,22,19,67,64,27,10,10,6,24,10,21,39,70,44,31,26,Default Stride Loose,69,79,88,71,42,33,6,10,15,10,26,13,79,40,27
15321,Alijah,Huzzie,Cornerback,CB,Houston Texans,32,64,24,North Carolina,70,195,36,0,Zone - CB,"https://ratings-images-prod.pulse.ea.com/madden-nfl-26/portraits/10600.png?im=FaceCrop,padding=0.7",https://drop-assets.ea.com/images/4rWKgLRDGADEZ3pTbdrpW0/793a695de8ea5caf8f2e1b3973ae1b61/32.png,94,67,81,87,64,65,39,43,32,32,52,27,46,60,23,23,46,44,89,48,33,35,50,44,68,23,64,51,45,41,33,60,31,60,61,30,46,41,51,Default Stride Loose,22,25,93,46,44,43,8,22,12,24,15,29,92,32,73
13858,Anthony,Firkser,Tight End,TE,Detroit Lions,19,64,30,Harvard,74,241,86,7,Possession - TE,"https://ratings-images-prod.pulse.ea.com/madden-nfl-26/portraits/9770.png?im=FaceCrop,padding=0.7",https://drop-assets.ea.com/images/7cuE4tZcli1uQyZbvXWMrd/a2df9decdab28170691ca6631dd62139/19.png,78,78,77,85,73,56,60,35,10,62,73,79,81,72,59,10,23,64,90,63,13,13,10,47,25,62,64,57,53,57,6,22,10,15,35,68,59,56,58,Long Stride Loose,67,79,80,54,63,38,6,6,6,6,22,10,78,64,24
23141,Asim,Richards,Right Tackle,RT,New Orleans Saints,27,64,24,North Carolina,76,307,72,2,Pass Protector - OT,"https://ratings-images-prod.pulse.ea.com/madden-nfl-26/portraits/2367.png?im=FaceCrop,padding=0.7",https://drop-assets.ea.com/images/5beev0Bk7MVWyDSbEqr75u/837fe770a82d43aa3028a13988d8baf3/27.png,73,59,72,88,87,73,47,45,12,40,57,50,52,51,35,35,51,83,93,39,12,12,10,71,11,40,64,72,73,72,6,46,46,10,49,44,64,64,64,Long Stride Awkward,42,54,67,35,46,45,6,6,6,6,21,13,78,43,12
22438,Austin,Deculus,Right Tackle,RT,Los Angeles Chargers,8,64,26,LSU,77,321,74,3,Power - OT,"https://ratings-images-prod.pulse.ea.com/madden-nfl-26/portraits/1354.png?im=FaceCrop,padding=0.7",https://drop-assets.ea.com/images/1nyokQ4GLHKjmDL5IorxkB/29267d1765bd7f27730a007e1b070ec4/8.png,77,50,71,81,84,73,16,29,12,7,24,15,19,48,8,10,35,81,93,16,16,19,10,73,8,16,64,64,62,66,6,20,10,10,21,13,70,67,73,Default Stride Awkward,20,17,70,14,28,27,6,6,6,6,18,8,90,26,9
23007,Ben,VanSumeren,Fullback,FB,Philadelphia Eagles,13,64,25,Michigan St.,74,231,43,2,Utility - FB,"https://ratings-images-prod.pulse.ea.com/madden-nfl-26/portraits/10470.png?im=FaceCrop,padding=0.7",https://drop-assets.ea.com/images/1Nt5pFCpjcBcADzHRbwfIk/ce90f9cb564aef7cc30cf1dd88c84150/13.png,93,80,93,79,75,54,69,54,22,55,74,65,67,71,37,49,73,65,89,66,21,23,45,64,57,46,64,54,55,52,12,51,39,45,79,39,55,53,51,Default Stride Loose,53,65,91,61,60,72,10,15,20,14,30,12,77,62,54
4737,BJ,Green II,Left Edge,LEDG,Jacksonville Jaguars,17,64,22,Colorado,73,270,95,0,Smaller Speed Rusher - DE,"https://ratings-images-prod.pulse.ea.com/madden-nfl-26/portraits/11077.png?im=FaceCrop,padding=0.7",https://drop-assets.ea.com/images/4s3Xa9huMY7IrNAc9h1TDa/9eb764bbfbbb6a2f651e3d44cdcfa103/17.png,89,73,74,81,80,52,15,68,12,24,27,20,35,61,3,67,77,79,87,19,31,36,10,23,44,5,64,35,30,30,6,52,64,20,79,12,40,35,35,Short Stride Awkward,10,32,82,15,21,77,5,6,7,7,21,8,84,35,50
2658,Bobby,Hart,Left Tackle,LT,Los Angeles Chargers,8,64,31,Florida State,77,310,66,10,Power - OT,"https://ratings-images-prod.pulse.ea.com/madden-nfl-26/portraits/7492.png?im=FaceCrop,padding=0.7",https://drop-assets.ea.com/images/1nyokQ4GLHKjmDL5IorxkB/29267d1765bd7f27730a007e1b070ec4/8.png,50,50,68,78,84,77,10,40,12,5,45,15,39,40,5,10,20,75,91,10,21,25,15,72,12,5,64,71,70,72,6,10,10,10,39,15,71,73,70,Default Stride Awkward,15,15,49,10,10,40,6,6,6,6,35,11,80,25,12
1366,Brenden,Bates,Tight End,TE,Cleveland Browns,5,64,25,Kentucky,76,255,82,1,Possession - TE,"https://ratings-images-prod.pulse.ea.com/madden-nfl-26/portraits/10870.png?im=FaceCrop,padding=0.7",https://drop-assets.ea.com/images/4qbblHggBjaH9o46kyGeFo/27cab0f308b54edbd469e9b20cb506f7/5.png,80,80,81,83,75,66,63,35,12,54,72,73,74,69,50,10,35,71,91,59,12,15,10,60,10,54,64,63,62,59,15,25,10,10,37,65,64,65,62,Long Stride Default,61,72,82,52,65,34,11,15,22,19,24,11,88,63,10
13448,Brett,Toth,Left Guard,LG,Philadelphia Eagles,13,64,29,Army,78,304,64,6,Agile - G,"https://ratings-images-prod.pulse.ea.com/madden-nfl-26/portraits/9086.png?im=FaceCrop,padding=0.7",https://drop-assets.ea.com/images/1Nt5pFCpjcBcADzHRbwfIk/ce90f9cb564aef7cc30cf1dd88c84150/13.png,69,68,64,79,81,68,10,20,12,8,40,15,33,53,15,10,24,79,84,10,15,20,10,80,12,15,64,66,67,65,6,15,10,10,24,15,72,73,70,Default Stride Awkward,15,15,68,10,19,32,6,6,6,6,30,16,85,25,15
1169,C.J.,Hanson,Right Guard,RG,Kansas City Chiefs,9,64,24,Holy Cross,77,300,61,1,Agile - G,"https://ratings-images-prod.pulse.ea.com/madden-nfl-26/portraits/10097.png?im=FaceCrop,padding=0.7",https://drop-assets.ea.com/images/3g9AewmTPjE4A7yc2tobiZ/20b6502896df3893414233cb5fe1b803/9.png,74,55,81,79,82,69,50,20,17,32,33,32,35,57,16,10,38,78,90,48,20,21,10,80,12,21,64,72,70,69,11,15,10,10,29,19,69,70,65,Long Stride Default,22,35,72,23,44,33,12,13,21,15,25,6,80,35,13
23136,Caleb,Murphy,Right Edge,REDG,NY Giants,16,64,25,Ferris State,75,254,37,2,Smaller Speed Rusher - DE,"https://ratings-images-prod.pulse.ea.com/madden-nfl-26/portraits/2331.png?im=FaceCrop,padding=0.7",https://drop-assets.ea.com/images/5hloGwLNaCrg2IBn0CoWVb/b5996a802009a4252f992182bd9acf85/16.png,84,74,76,79,70,56,50,59,17,45,45,35,47,68,23,73,82,67,91,64,10,15,15,20,39,26,64,35,35,35,15,58,68,35,80,36,45,45,45,Default Stride Loose,32,42,79,59,42,71,10,10,15,15,28,13,83,48,44
20365,Calvin,Anderson,Right Tackle,RT,Pittsburgh Steelers,29,64,29,Texas,77,300,67,6,Agile - OT,"https://ratings-images-prod.pulse.ea.com/madden-nfl-26/portraits/76.png?im=FaceCrop,padding=0.7",https://drop-assets.ea.com/images/4k4tkEjxICBzmTan96wMKZ/1d5d9145ace8a359ac5423c8c3e5e2d8/29.png,70,70,76,83,85,77,20,15,12,8,33,10,30,56,5,20,44,80,83,21,22,24,10,84,12,5,64,67,69,65,6,10,32,10,23,12,66,68,64,Default Stride Awkward,10,12,65,19,26,30,6,6,6,6,25,7,85,31,15
23020,Cam,Jones,Mike Backer,MIKE,NY Jets,18,64,25,Indiana,74,227,43,2,Field General - MLB,"https://ratings-images-prod.pulse.ea.com/madden-nfl-26/portraits/2244.png?im=FaceCrop,padding=0.7",https://drop-assets.ea.com/images/7M46e9acznPLjtJlC7FaWV/ef5cfc9e8306cbdae723a5f7e809b0fd/18.png,90,74,80,82,65,68,45,60,22,35,52,45,54,70,5,54,81,67,83,51,11,20,30,33,52,5,64,45,45,45,14,69,46,48,81,20,45,45,45,Default Stride High and Tight,15,47,85,44,41,78,11,13,19,15,30,25,85,51,62
4746,Carl,Jones,Weak Backer,WILL,Baltimore Ravens,25,64,24,UCLA,72,223,48,0,Run Stopper - OLB,"https://ratings-images-prod.pulse.ea.com/madden-nfl-26/portraits/11102.png?im=FaceCrop,padding=0.7",https://drop-assets.ea.com/images/3zZnTQ4izXUrnVi3ryTBcm/a12a28ccd2af4c0a0930b58db73552a7/25.png,88,79,82,87,70,60,45,64,22,31,55,43,55,71,20,53,79,72,88,50,19,19,10,23,54,23,64,45,45,45,6,58,52,42,79,23,45,45,45,Short Stride Loose,26,42,89,42,41,80,6,6,6,6,23,12,87,43,60
15257,Carson,Bruener,Mike Backer,MIKE,Pittsburgh Steelers,29,64,24,Washington,73,227,44,0,Pass Coverage - MLB,"https://ratings-images-prod.pulse.ea.com/madden-nfl-26/portraits/10505.png?im=FaceCrop,padding=0.7",https://drop-assets.ea.com/images/4k4tkEjxICBzmTan96wMKZ/1d5d9145ace8a359ac5423c8c3e5e2d8/29.png,90,81,81,87,67,63,49,58,28,40,61,42,48,73,18,46,74,68,88,49,18,21,10,22,59,21,64,45,45,45,12,62,44,47,80,22,45,45,45,Default,24,47,86,46,44,76,15,18,21,26,25,15,88,43,65
23263,Chandler,Zavala,Right Guard,RG,Carolina Panthers,21,64,26,N.C. State,75,322,62,2,Agile - G,"https://ratings-images-prod.pulse.ea.com/madden-nfl-26/portraits/10458.png?im=FaceCrop,padding=0.7",https://drop-assets.ea.com/images/4Klf6KKhbnVi5RaARK1OiL/13a917c75c0fbc4edb0eb018cb757d8d/21.png,72,65,78,82,88,64,22,19,12,21,34,21,30,57,7,15,31,74,81,12,13,21,10,78,9,11,64,70,65,69,9,21,14,10,25,18,70,73,67,Default Stride Awkward,12,23,66,12,14,31,7,9,9,9,21,10,83,33,10
21111,Charlie,Heck,Left Tackle,LT,Tampa Bay Buccaneers,6,64,28,North Carolina,80,311,77,5,Agile - OT,"https://ratings-images-prod.pulse.ea.com/madden-nfl-26/portraits/341.png?im=FaceCrop,padding=0.7",https://drop-assets.ea.com/images/1L5Fn21WqZN9jcLucGYg4c/ce29db9b9b4775d4e8fc337bf5c65027/6.png,69,54,70,86,84,77,25,35,12,26,30,20,35,52,21,22,40,78,87,34,12,10,10,82,12,22,64,67,69,65,6,13,33,10,38,19,69,72,66,Long Stride Awkward,25,25,67,24,22,36,6,6,6,6,12,14,93,30,16
21478,Chazz,Surratt,Sam Backer,SAM,Seattle Seahawks,28,64,28,North Carolina,74,233,44,4,Run Stopper - OLB,"https://ratings-images-prod.pulse.ea.com/madden-nfl-26/portraits/950.png?im=FaceCrop,padding=0.7",https://drop-assets.ea.com/images/2WrGCB8Atuo0aZ4MbstBrI/bbe9263ce111287adcef479efbc72160/28.png,87,82,77,79,75,64,61,61,60,41,66,33,58,73,5,57,84,67,89,62,20,21,10,13,54,5,64,45,45,45,51,60,52,40,83,20,45,45,45,Default Stride Loose,15,35,85,55,52,74,52,59,63,59,67,48,84,44,63
21993,Chris,Williams,Defensive Tackle,DT,Chicago Bears,1,64,27,Wagner College,74,302,91,4,,"https://ratings-images-prod.pulse.ea.com/madden-nfl-26/portraits/3182.png?im=FaceCrop,padding=0.7",https://drop-assets.ea.com/images/6jaEsYrn1V45DziwibpsDk/ed66ad67e63f08a3a7c25ce951dbf5b9/1.png,73,58,68,71,84,60,19,70,12,19,36,15,28,47,3,54,81,81,88,10,17,21,10,37,13,7,64,45,45,45,6,62,72,10,75,15,45,45,45,Default Stride Awkward,15,15,67,10,17,78,6,6,6,6,14,12,78,38,15
20933,Cody,White,Wide Receiver,WR,Seattle Seahawks,28,64,26,Michigan St.,75,215,82,5,Deep Threat - WR,"https://ratings-images-prod.pulse.ea.com/madden-nfl-26/portraits/662.png?im=FaceCrop,padding=0.7",https://drop-assets.ea.com/images/2WrGCB8Atuo0aZ4MbstBrI/bbe9263ce111287adcef479efbc72160/28.png,85,76,85,82,69,72,74,31,23,67,69,80,80,70,70,21,36,48,88,73,16,22,65,33,22,73,64,40,25,27,15,24,22,34,35,68,49,28,31,Default,71,77,83,69,56,37,10,10,15,15,30,19,79,48,24
4738,Connor,O'Toole,Right Edge,REDG,Seattle Seahawks,28,64,23,Utah,75,248,57,0,Smaller Speed Rusher - DE,"https://ratings-images-prod.pulse.ea.com/madden-nfl-26/portraits/11087.png?im=FaceCrop,padding=0.7",https://drop-assets.ea.com/images/2WrGCB8Atuo0aZ4MbstBrI/bbe9263ce111287adcef479efbc72160/28.png,87,82,85,79,81,48,42,66,11,35,69,39,34,71,5,66,77,73,86,40,13,16,10,20,43,7,64,45,45,45,6,51,65,35,77,14,45,45,45,Default Stride Loose,18,42,84,35,34,78,6,6,6,6,22,13,85,36,49
4731,Cooper,McDonald,Mike Backer,MIKE,Kansas City Chiefs,9,64,24,TCU,75,240,59,0,Run Stopper - MLB,"https://ratings-images-prod.pulse.ea.com/madden-nfl-26/portraits/11074.png?im=FaceCrop,padding=0.7",https://drop-assets.ea.com/images/3g9AewmTPjE4A7yc2tobiZ/20b6502896df3893414233cb5fe1b803/9.png,92,77,80,86,73,61,42,65,18,33,59,48,57,67,19,52,78,71,87,48,20,16,10,22,55,21,64,45,45,45,6,59,51,44,79,13,45,45,45,Default Stride Loose,23,45,84,48,41,80,6,6,6,6,22,12,86,43,63
12763,Corey,Levin,Center,C,Tennessee Titans,30,64,31,Tenn-Chat,76,307,62,7,Power - C,"https://ratings-images-prod.pulse.ea.com/madden-nfl-26/portraits/8640.png?im=FaceCrop,padding=0.7",https://drop-assets.ea.com/images/2YxvlDMaJsJwNQ4lS7qdCQ/d850f60dcbdcd71fb162eb55a46c7969/30.png,66,63,67,82,84,73,25,28,12,12,22,23,25,53,5,10,36,81,89,23,23,21,11,78,15,8,64,72,70,73,6,25,10,10,35,14,67,65,69,Default Stride Awkward,18,18,64,15,31,32,6,6,6,6,16,10,83,38,20
23366,D'Angelo,Ross,Cornerback,CB,Cleveland Browns,5,64,28,New Mexico,69,190,20,4,Zone - CB,"https://ratings-images-prod.pulse.ea.com/madden-nfl-26/portraits/10961.png?im=FaceCrop,padding=0.7",https://drop-assets.ea.com/images/4qbblHggBjaH9o46kyGeFo/27cab0f308b54edbd469e9b20cb506f7/5.png,94,78,92,84,59,61,63,45,14,55,51,58,70,78,20,42,63,40,90,74,15,20,64,15,62,28,64,25,25,25,5,61,35,55,68,32,25,25,25,Short Stride Loose,34,60,92,70,32,55,6,7,11,6,17,9,75,35,66
23377,D.J.,Montgomery,Wide Receiver,WR,Indianapolis Colts,10,64,28,Austin Peay,73,201,2,5,,"https://ratings-images-prod.pulse.ea.com/madden-nfl-26/portraits/10465.png?im=FaceCrop,padding=0.7",https://drop-assets.ea.com/images/5yTvAS7xG5Z8qw65gMLzSU/037cfcd90e26ee06666a24d762791f65/10.png,92,91,89,83,53,57,78,28,24,67,70,74,75,79,66,11,41,45,90,78,16,17,70,35,25,63,64,27,17,20,8,22,11,28,33,71,52,28,26,Default Stride Loose,62,71,90,72,60,37,8,10,15,10,25,17,81,53,21
4761,Dean,Clark,Free Safety,FS,NY Jets,18,64,24,Fresno State,73,206,35,0,Zone - S,,https://drop-assets.ea.com/images/7M46e9acznPLjtJlC7FaWV/ef5cfc9e8306cbdae723a5f7e809b0fd/18.png,90,81,94,87,65,58,58,46,20,51,61,63,69,88,33,36,74,57,86,67,17,19,35,15,64,34,64,35,35,35,6,56,32,61,73,37,35,35,35,Default Stride Loose,35,62,89,60,44,63,6,6,6,6,24,10,88,45,68
14749,Donovan,Jennings,Right Guard,RG,Green Bay Packers,20,64,25,USF,76,323,67,1,Power - G,"https://ratings-images-prod.pulse.ea.com/madden-nfl-26/portraits/10922.png?im=FaceCrop,padding=0.7",https://drop-assets.ea.com/images/4ztQk5XogdkrJe6reVd3h8/16ecf8a0f4caf228c6e54ad0f8e17425/20.png,73,65,70,72,86,65,40,34,33,36,28,23,21,57,6,27,26,77,76,36,26,25,10,72,22,5,64,68,72,68,15,20,23,16,35,16,67,68,72,Long Stride Awkward,10,26,72,46,39,34,5,5,10,18,20,18,85,40,27
15227,Eric,Gregory,Defensive Tackle,DT,New England Patriots,22,64,24,Arkansas,75,319,55,0,,"https://ratings-images-prod.pulse.ea.com/madden-nfl-26/portraits/10569.png?im=FaceCrop,padding=0.7",https://drop-assets.ea.com/images/6Z0rWjQfkWgvj8K58X0WfA/aaaaa7e6c313bdfc5e624309ba6dfc4e/22.png,74,62,69,85,86,56,23,75,12,16,37,21,35,59,5,61,77,83,89,20,14,16,10,27,16,7,64,45,45,45,6,54,69,17,72,15,45,45,45,Long Stride Awkward,15,20,68,17,29,76,6,6,6,6,20,10,86,32,21
1333,Frank,Crum,Left Tackle,LT,Denver Broncos,4,64,25,Wyoming,79,315,73,1,Power - OT,"https://ratings-images-prod.pulse.ea.com/madden-nfl-26/portraits/10046.png?im=FaceCrop,padding=0.7",https://drop-assets.ea.com/images/4AYKY9OcX1CYbyMFBnvM8/ac07a8ff525004f92014e3259708acdf/4.png,79,71,77,86,85,54,32,20,12,36,41,10,40,56,5,10,37,81,91,22,14,14,15,78,10,18,64,70,67,69,6,22,20,10,27,15,72,70,73,Long Stride Awkward,29,12,74,20,27,33,6,6,6,6,22,15,89,37,17
15150,Garrett,Dellinger,Left Guard,LG,Tennessee Titans,30,64,23,LSU,77,320,71,0,Agile - G,"https://ratings-images-prod.pulse.ea.com/madden-nfl-26/portraits/10891.png?im=FaceCrop,padding=0.7",https://drop-assets.ea.com/images/2YxvlDMaJsJwNQ4lS7qdCQ/d850f60dcbdcd71fb162eb55a46c7969/30.png,77,63,78,85,88,65,12,25,12,13,24,11,26,59,5,10,24,78,82,10,15,18,10,76,10,5,64,67,69,67,6,22,10,10,25,12,68,71,68,Long Stride Awkward,12,32,67,11,19,18,6,6,6,6,22,11,82,24,11
15113,Gavin,Bartholomew,Tight End,TE,Minnesota Vikings,31,64,22,Pittsburgh,77,246,86,0,Vertical Threat - TE,"https://ratings-images-prod.pulse.ea.com/madden-nfl-26/portraits/10486.png?im=FaceCrop,padding=0.7",https://drop-assets.ea.com/images/bzuWJaOZo5LCC4SwdbVzx/f6dc0006f59641745e50721d0d8c9d38/31.png,87,82,87,88,70,66,70,43,28,64,71,75,76,76,52,35,32,65,90,64,26,27,28,53,27,55,64,58,56,59,26,26,39,14,46,62,59,53,53,Long Stride Default,63,76,82,62,68,36,19,24,26,29,39,26,89,64,33
21682,Grant,Stuard,Weak Backer,WILL,Detroit Lions,19,64,26,Houston,71,230,15,4,Run Stopper - OLB,"https://ratings-images-prod.pulse.ea.com/madden-nfl-26/portraits/1031.png?im=FaceCrop,padding=0.7",https://drop-assets.ea.com/images/7cuE4tZcli1uQyZbvXWMrd/a2df9decdab28170691ca6631dd62139/19.png,88,69,74,85,76,67,26,60,12,10,46,29,47,67,5,46,85,68,91,21,26,26,70,20,58,5,64,45,45,45,6,59,42,32,83,20,45,45,45,Short Stride Awkward,15,25,84,21,25,78,6,6,6,6,26,17,90,35,55
23353,Irvin,Charles,Wide Receiver,WR,NY Jets,18,64,28,IUP,76,219,19,3,Physical - WR,"https://ratings-images-prod.pulse.ea.com/madden-nfl-26/portraits/10460.png?im=FaceCrop,padding=0.7",https://drop-assets.ea.com/images/7M46e9acznPLjtJlC7FaWV/ef5cfc9e8306cbdae723a5f7e809b0fd/18.png,91,83,82,83,66,57,79,27,26,73,75,81,79,78,63,11,42,49,88,75,12,15,51,24,23,66,64,37,25,24,15,19,11,26,28,69,50,23,30,Long Stride Default,67,81,87,68,63,36,19,21,25,15,27,16,84,59,29
21546,Jake,Curhan,Right Guard,RG,Carolina Panthers,21,64,27,California,78,325,74,4,Power - G,"https://ratings-images-prod.pulse.ea.com/madden-nfl-26/portraits/2079.png?im=FaceCrop,padding=0.7",https://drop-assets.ea.com/images/4Klf6KKhbnVi5RaARK1OiL/13a917c75c0fbc4edb0eb018cb757d8d/21.png,60,50,62,84,81,72,15,39,11,7,37,15,31,52,5,26,38,81,91,10,17,23,10,82,10,5,64,67,64,69,6,24,29,10,37,15,72,75,68,Default Stride Awkward,15,15,57,10,26,32,6,6,6,6,28,10,78,25,10
21498,Jake,Hansen,Weak Backer,WILL,Houston Texans,32,64,27,Illinois,73,235,35,3,Run Stopper - OLB,"https://ratings-images-prod.pulse.ea.com/madden-nfl-26/portraits/1754.png?im=FaceCrop,padding=0.7",https://drop-assets.ea.com/images/4rWKgLRDGADEZ3pTbdrpW0/793a695de8ea5caf8f2e1b3973ae1b61/32.png,85,76,74,82,71,65,48,63,12,43,64,60,61,72,6,47,79,70,78,43,10,14,10,27,40,14,64,45,45,45,6,69,55,49,76,18,45,45,45,Default,24,57,81,35,50,83,6,6,6,6,24,10,94,42,55
15255,Jalen,McLeod,Mike Backer,MIKE,Jacksonville Jaguars,17,64,23,Auburn,74,241,35,0,Run Stopper - MLB,"https://ratings-images-prod.pulse.ea.com/madden-nfl-26/portraits/10656.png?im=FaceCrop,padding=0.7",https://drop-assets.ea.com/images/4s3Xa9huMY7IrNAc9h1TDa/9eb764bbfbbb6a2f651e3d44cdcfa103/17.png,86,72,78,79,77,66,30,68,21,25,44,23,34,68,5,70,79,76,92,34,25,27,33,25,54,10,64,45,45,45,13,65,66,43,79,13,45,45,45,Long Stride Loose,15,25,81,34,30,77,10,10,18,16,21,17,93,25,60
15216,Jared,Harrison-Hunte,Defensive Tackle,DT,Carolina Panthers,21,64,25,SMU,75,290,75,0,,,https://drop-assets.ea.com/images/4Klf6KKhbnVi5RaARK1OiL/13a917c75c0fbc4edb0eb018cb757d8d/21.png,81,59,63,86,84,61,20,71,12,16,41,20,32,59,2,63,77,86,88,22,16,17,10,27,18,4,64,45,45,45,6,59,66,16,69,15,45,45,45,Long Stride Awkward,15,23,77,18,21,77,6,6,6,6,20,10,88,33,25
4614,JJ,Roberts,Free Safety,FS,Tampa Bay Buccaneers,6,64,23,Marshall,71,192,36,0,Hybrid - S,"https://ratings-images-prod.pulse.ea.com/madden-nfl-26/portraits/11041.png?im=FaceCrop,padding=0.7",https://drop-assets.ea.com/images/1L5Fn21WqZN9jcLucGYg4c/ce29db9b9b4775d4e8fc337bf5c65027/6.png,93,85,94,88,62,57,64,49,14,54,62,57,62,85,15,32,75,59,89,64,14,18,78,25,63,20,64,35,35,35,6,55,33,58,71,22,35,35,35,Default Stride Loose,25,58,91,61,46,66,6,6,6,6,24,12,88,51,67
20584,Joe,Giles-Harris,Sam Backer,SAM,Cincinnati Bengals,2,64,28,Duke,74,234,43,6,Run Stopper - OLB,"https://ratings-images-prod.pulse.ea.com/madden-nfl-26/portraits/9471.png?im=FaceCrop,padding=0.7",https://drop-assets.ea.com/images/5oemvWKqCFgBCkCI4h9A2U/0629c6d345fe01a14ba9f40554fd182e/2.png,81,79,73,80,69,60,41,70,12,37,45,45,53,66,20,62,82,81,86,45,13,18,10,17,48,24,64,45,45,45,6,58,61,31,80,33,45,45,45,Default Stride Loose,27,47,83,37,33,81,6,6,6,6,25,10,87,43,57
22604,Joey,Blount,Strong Safety,SS,Arizona Cardinals,7,64,26,Virginia,73,195,32,3,Hybrid - S,"https://ratings-images-prod.pulse.ea.com/madden-nfl-26/portraits/2857.png?im=FaceCrop,padding=0.7",https://drop-assets.ea.com/images/5NdzvrqrP3clJDBL6kdTmu/1f61914ff14c6f4be0240d71e622f9c6/7.png,94,87,90,82,65,62,79,51,27,74,61,54,62,80,19,40,77,49,86,75,14,15,40,18,58,24,64,29,29,29,15,63,35,65,65,25,33,33,33,Default Stride Loose,28,57,92,69,64,60,8,10,15,21,26,13,88,64,64
22440,Joshua,Ezeudu,Left Tackle,LT,NY Giants,16,64,25,North Carolina,76,308,75,3,Agile - OT,"https://ratings-images-prod.pulse.ea.com/madden-nfl-26/portraits/1571.png?im=FaceCrop,padding=0.7",https://drop-assets.ea.com/images/5hloGwLNaCrg2IBn0CoWVb/b5996a802009a4252f992182bd9acf85/16.png,72,57,71,84,81,70,17,20,11,12,35,12,23,58,5,10,31,78,88,10,23,24,10,86,9,5,64,71,72,70,6,24,10,10,19,10,69,71,67,Default Stride Awkward,10,15,66,10,19,21,6,6,6,6,16,7,77,20,10
23125,Jovaughn,Gwyn,Center,C,Atlanta Falcons,14,64,26,South Carolina,74,301,52,2,Agile - C,"https://ratings-images-prod.pulse.ea.com/madden-nfl-26/portraits/2176.png?im=FaceCrop,padding=0.7",https://drop-assets.ea.com/images/3NTxf2X9VWdF6aL91pHAVu/6002a1f3e761a58c3b00f0e08bdccf5f/14.png,77,57,69,84,89,71,10,30,11,7,30,12,26,54,5,33,40,74,92,12,20,22,10,79,12,8,64,71,74,68,6,38,32,10,26,11,64,67,62,Default Stride Awkward,12,14,68,11,22,40,5,6,7,5,19,10,80,17,11
1278,Kameron,Johnson,Wide Receiver,WR,Tampa Bay Buccaneers,6,64,23,Barton,70,184,19,1,,"https://ratings-images-prod.pulse.ea.com/madden-nfl-26/portraits/10924.png?im=FaceCrop,padding=0.7",https://drop-assets.ea.com/images/1L5Fn21WqZN9jcLucGYg4c/ce29db9b9b4775d4e8fc337bf5c65027/6.png,92,82,87,76,63,66,74,24,23,67,69,70,77,83,64,10,19,33,90,79,13,19,84,19,20,66,64,24,22,17,22,25,10,21,32,62,41,27,21,Short Stride Default,67,73,90,73,48,26,20,26,33,27,40,38,79,38,27
23299,Keidron,Smith,Strong Safety,SS,NY Jets,18,64,25,Kentucky,74,210,46,2,Zone - S,"https://ratings-images-prod.pulse.ea.com/madden-nfl-26/portraits/4973.png?im=FaceCrop,padding=0.7",https://drop-assets.ea.com/images/7M46e9acznPLjtJlC7FaWV/ef5cfc9e8306cbdae723a5f7e809b0fd/18.png,86,77,86,87,62,65,59,62,18,42,59,63,72,81,11,41,74,62,92,64,15,17,44,17,59,16,64,35,35,35,10,63,35,76,71,18,35,35,35,Default Stride Loose,20,63,86,57,46,69,10,10,15,11,23,10,83,40,68
23283,Kendall,Williamson,Free Safety,FS,Los Angeles Chargers,8,64,25,Stanford,72,203,40,2,Hybrid - S,"https://ratings-images-prod.pulse.ea.com/madden-nfl-26/portraits/10456.png?im=FaceCrop,padding=0.7",https://drop-assets.ea.com/images/1nyokQ4GLHKjmDL5IorxkB/29267d1765bd7f27730a007e1b070ec4/8.png,90,84,91,86,63,67,63,53,20,59,57,56,62,81,10,42,70,58,92,69,15,21,44,20,69,15,64,34,34,34,15,64,35,64,75,20,35,35,35,Default Stride Loose,20,64,91,62,50,47,10,10,15,15,30,12,83,51,62
22738,Kenny,McIntosh,Halfback,HB,Seattle Seahawks,28,64,25,Georgia,72,210,25,2,Elusive Back - HB,"https://ratings-images-prod.pulse.ea.com/madden-nfl-26/portraits/2306.png?im=FaceCrop,padding=0.7",https://drop-assets.ea.com/images/2WrGCB8Atuo0aZ4MbstBrI/bbe9263ce111287adcef479efbc72160/28.png,89,83,83,82,66,64,73,33,36,80,86,45,72,82,52,12,30,41,83,78,20,19,77,38,25,57,64,53,32,24,27,21,11,27,41,50,47,26,33,Default,64,45,87,71,77,39,35,39,45,49,53,38,78,70,35
4755,Kevin,Knowles,Cornerback,CB,Kansas City Chiefs,9,64,22,Florida State,70,190,38,0,Manto Man - CB,,https://drop-assets.ea.com/images/3g9AewmTPjE4A7yc2tobiZ/20b6502896df3893414233cb5fe1b803/9.png,93,82,94,87,54,54,61,44,11,45,59,59,64,85,12,33,57,42,87,71,18,15,58,15,66,12,64,35,35,35,6,52,26,70,70,23,35,35,35,Long Stride Loose,22,63,90,63,34,54,6,6,6,6,25,10,84,31,67
21422,Khalil,Dorsey,Cornerback,CB,Detroit Lions,19,64,27,N. Arizona,69,170,30,5,Manto Man - CB,"https://ratings-images-prod.pulse.ea.com/madden-nfl-26/portraits/855.png?im=FaceCrop,padding=0.7",https://drop-assets.ea.com/images/7cuE4tZcli1uQyZbvXWMrd/a2df9decdab28170691ca6631dd62139/19.png,91,87,84,87,51,59,70,54,10,52,60,59,64,86,37,35,68,50,84,75,13,14,65,17,64,32,64,35,35,35,6,56,32,67,74,26,35,35,35,Short Stride Loose,34,63,92,64,33,60,6,6,6,6,35,15,83,19,61
22504,Liam,McCullough,Long Snapper,LS,Atlanta Falcons,14,64,28,Ohio State,74,247,49,4,Accurate - LS,"https://ratings-images-prod.pulse.ea.com/madden-nfl-26/portraits/2594.png?im=FaceCrop,padding=0.7",https://drop-assets.ea.com/images/3NTxf2X9VWdF6aL91pHAVu/6002a1f3e761a58c3b00f0e08bdccf5f/14.png,79,63,72,72,64,55,29,44,11,27,66,49,55,54,34,10,52,68,90,36,17,19,10,59,20,38,64,55,54,49,7,35,10,15,48,20,45,39,43,Default Stride Awkward,45,44,76,29,44,56,10,18,24,5,39,12,74,38,20
22346,Lucas,Krull,Tight End,TE,Denver Broncos,4,64,27,Pittsburgh,78,260,85,2,Vertical Threat - TE,"https://ratings-images-prod.pulse.ea.com/madden-nfl-26/portraits/10409.png?im=FaceCrop,padding=0.7",https://drop-assets.ea.com/images/4AYKY9OcX1CYbyMFBnvM8/ac07a8ff525004f92014e3259708acdf/4.png,88,79,84,79,68,67,74,23,29,57,72,70,78,70,51,14,39,58,89,64,11,15,25,53,13,60,64,58,52,54,23,25,12,17,32,64,56,52,48,Long Stride Loose,64,76,84,57,69,36,32,39,47,21,65,22,77,63,14
21808,Luke,Farrell,Tight End,TE,San Francisco 49ers,15,64,27,Ohio State,77,250,89,4,Possession - TE,"https://ratings-images-prod.pulse.ea.com/madden-nfl-26/portraits/939.png?im=FaceCrop,padding=0.7",https://drop-assets.ea.com/images/1SoIzWJtk28ygwNAPEMRnf/deaee9a60ace23f7eaeaf4275c2282b0/15.png,80,78,84,82,77,63,62,44,15,53,75,75,78,73,49,12,44,67,90,55,19,24,15,55,12,56,64,61,62,60,6,18,17,19,43,65,64,60,64,Long Stride High and Tight,62,72,78,47,65,45,6,10,15,10,25,10,88,65,17
1239,Luke,Haggard,Right Guard,RG,Tampa Bay Buccaneers,6,64,25,Indiana,78,305,72,2,Power - G,"https://ratings-images-prod.pulse.ea.com/madden-nfl-26/portraits/10906.png?im=FaceCrop,padding=0.7",https://drop-assets.ea.com/images/1L5Fn21WqZN9jcLucGYg4c/ce29db9b9b4775d4e8fc337bf5c65027/6.png,73,60,70,71,84,62,18,26,12,8,27,14,20,47,5,13,31,82,90,17,20,20,9,72,12,5,64,73,71,70,6,19,12,8,31,15,71,70,71,Long Stride Awkward,13,14,67,11,15,29,6,6,6,6,24,15,84,28,14
20836,Luke,Gifford,Mike Backer,MIKE,San Francisco 49ers,15,64,30,Nebraska,75,243,57,6,Field General - MLB,"https://ratings-images-prod.pulse.ea.com/madden-nfl-26/portraits/298.png?im=FaceCrop,padding=0.7",https://drop-assets.ea.com/images/1SoIzWJtk28ygwNAPEMRnf/deaee9a60ace23f7eaeaf4275c2282b0/15.png,85,81,84,85,75,63,54,67,22,48,63,33,65,73,7,64,80,78,84,67,18,17,14,24,55,12,64,45,45,45,25,63,57,43,78,19,45,45,45,Long Stride Loose,19,35,86,57,45,79,26,33,39,31,44,26,83,34,60
21791,Marcelino,McCrary-Ball,Weak Backer,WILL,NY Jets,18,64,26,Indiana,72,214,41,2,Pass Coverage - OLB,"https://ratings-images-prod.pulse.ea.com/madden-nfl-26/portraits/10937.png?im=FaceCrop,padding=0.7",https://drop-assets.ea.com/images/7M46e9acznPLjtJlC7FaWV/ef5cfc9e8306cbdae723a5f7e809b0fd/18.png,91,83,85,83,72,64,63,58,15,44,63,56,68,82,10,52,76,70,88,69,17,18,35,22,57,10,64,35,35,35,6,61,42,64,78,25,35,35,35,Default,20,61,89,56,49,73,6,6,6,6,24,15,82,42,64
16149,Marcus,Bryant,Right Tackle,RT,New England Patriots,22,64,23,Missouri,79,317,52,0,Power - OT,"https://ratings-images-prod.pulse.ea.com/madden-nfl-26/portraits/10998.png?im=FaceCrop,padding=0.7",https://drop-assets.ea.com/images/6Z0rWjQfkWgvj8K58X0WfA/aaaaa7e6c313bdfc5e624309ba6dfc4e/22.png,73,66,71,86,85,65,12,24,23,10,34,25,23,56,5,10,28,81,87,10,13,14,10,78,27,5,64,69,68,71,6,29,11,10,21,18,69,68,70,Long Stride Awkward,16,29,68,10,10,22,6,6,6,6,22,15,87,25,14
4732,Marlowe,Wax,Weak Backer,WILL,Los Angeles Chargers,8,64,22,Syracuse,73,236,58,0,Run Stopper - OLB,"https://ratings-images-prod.pulse.ea.com/madden-nfl-26/portraits/11070.png?im=FaceCrop,padding=0.7",https://drop-assets.ea.com/images/1nyokQ4GLHKjmDL5IorxkB/29267d1765bd7f27730a007e1b070ec4/8.png,91,84,72,85,71,57,45,61,12,34,56,43,55,78,20,53,77,69,87,50,22,19,10,19,55,22,64,45,45,45,6,55,52,45,80,18,45,45,45,Default,24,46,85,42,43,82,6,6,6,6,24,10,86,44,63
1336,Michael,Niese,Right Guard,RG,Detroit Lions,19,64,27,Temple,75,295,62,2,Agile - G,"https://ratings-images-prod.pulse.ea.com/madden-nfl-26/portraits/10947.png?im=FaceCrop,padding=0.7",https://drop-assets.ea.com/images/7cuE4tZcli1uQyZbvXWMrd/a2df9decdab28170691ca6631dd62139/19.png,85,69,73,81,82,64,17,34,12,11,36,21,25,62,7,20,36,77,89,26,10,15,5,80,12,15,64,68,69,65,5,25,30,10,35,15,69,70,65,Long Stride Awkward,25,25,71,13,28,33,6,7,8,6,16,5,86,26,12
22537,Mike,Brown,Strong Safety,SS,Tennessee Titans,30,64,26,Miami Univ.,73,222,44,3,Run Support - S,"https://ratings-images-prod.pulse.ea.com/madden-nfl-26/portraits/2943.png?im=FaceCrop,padding=0.7",https://drop-assets.ea.com/images/2YxvlDMaJsJwNQ4lS7qdCQ/d850f60dcbdcd71fb162eb55a46c7969/30.png,88,83,80,84,66,62,63,60,14,35,63,49,65,78,10,50,83,54,91,64,11,12,35,15,58,10,64,35,35,35,6,63,44,63,76,15,35,35,35,Default Stride Loose,15,55,89,59,49,65,6,7,9,7,30,5,88,52,65
12552,Mitchell,Trubisky,Quarterback,QB,Buffalo Bills,3,64,31,North Carolina,75,222,11,8,Scrambler - QB,"https://ratings-images-prod.pulse.ea.com/madden-nfl-26/portraits/8756.png?im=FaceCrop,padding=0.7",https://drop-assets.ea.com/images/212FXcpkDUjs9ZJpZ038pM/676904f80719bc724267b7eb5609c6af/3.png,85,86,69,80,71,52,83,24,74,69,63,33,44,82,18,10,32,31,90,68,23,31,10,21,15,28,64,18,21,21,79,18,10,13,43,31,21,19,19,Default,38,29,84,70,57,35,76,74,81,78,89,75,86,53,17
23059,Nic,Jones,Cornerback,CB,NY Giants,16,64,22,Ball State,72,191,31,2,Zone - CB,"https://ratings-images-prod.pulse.ea.com/madden-nfl-26/portraits/2269.png?im=FaceCrop,padding=0.7",https://drop-assets.ea.com/images/5hloGwLNaCrg2IBn0CoWVb/b5996a802009a4252f992182bd9acf85/16.png,92,87,84,87,49,59,68,45,10,61,58,61,69,84,44,37,54,38,87,72,12,15,58,17,63,46,64,30,30,30,6,62,30,74,63,50,35,35,35,Default Stride Loose,55,67,89,65,46,42,6,7,9,6,10,13,75,27,68
17651,Nick,Vannett,Tight End,TE,Los Angeles Rams,24,64,32,Ohio State,78,261,38,9,Possession - TE,"https://ratings-images-prod.pulse.ea.com/madden-nfl-26/portraits/8246.png?im=FaceCrop,padding=0.7",https://drop-assets.ea.com/images/wS8JnLBEBj9eq68rO1qTb/b7b5285ad842936bc21bb149eb8c31b8/24.png,73,78,75,81,73,63,71,46,16,60,75,77,81,72,57,17,35,70,84,62,19,21,18,54,14,62,64,57,54,57,6,22,17,17,43,65,58,59,54,Long Stride Loose,64,74,76,58,64,30,6,10,15,10,29,10,78,66,21
4681,Nikko,Reed,Cornerback,CB,Los Angeles Chargers,8,64,22,Oregon,70,180,46,0,Manto Man - CB,"https://ratings-images-prod.pulse.ea.com/madden-nfl-26/portraits/11043.png?im=FaceCrop,padding=0.7",https://drop-assets.ea.com/images/1nyokQ4GLHKjmDL5IorxkB/29267d1765bd7f27730a007e1b070ec4/8.png,91,85,78,89,62,56,66,42,11,50,57,62,65,80,11,34,57,48,86,72,15,17,50,15,67,18,64,30,30,30,6,55,23,71,71,24,35,35,35,Short Stride Loose,28,64,90,63,33,53,6,6,6,6,26,10,81,28,70
22844,Payne,Durham,Tight End,TE,Tampa Bay Buccaneers,6,64,25,Purdue,77,255,87,2,Possession - TE,"https://ratings-images-prod.pulse.ea.com/madden-nfl-26/portraits/2129.png?im=FaceCrop,padding=0.7",https://drop-assets.ea.com/images/1L5Fn21WqZN9jcLucGYg4c/ce29db9b9b4775d4e8fc337bf5c65027/6.png,84,80,83,87,73,59,71,39,11,65,72,79,78,67,49,10,42,67,91,66,19,21,18,56,14,55,64,59,56,59,20,18,10,17,37,62,61,58,61,Long Stride Default,61,75,77,64,62,44,14,20,25,26,20,10,89,65,21
21625,Quintin,Morris,Tight End,TE,Jacksonville Jaguars,17,64,26,Bowling Green St.,74,252,80,4,Vertical Threat - TE,"https://ratings-images-prod.pulse.ea.com/madden-nfl-26/portraits/4741.png?im=FaceCrop,padding=0.7",https://drop-assets.ea.com/images/4s3Xa9huMY7IrNAc9h1TDa/9eb764bbfbbb6a2f651e3d44cdcfa103/17.png,86,78,82,83,72,62,77,35,31,66,73,77,80,65,54,32,33,56,89,71,14,15,44,45,22,57,64,53,51,47,12,33,38,24,41,66,57,56,53,Default Stride Loose,56,80,83,65,65,42,10,15,24,20,29,11,76,64,28
1276,Rashad,Wisdom,Free Safety,FS,Tampa Bay Buccaneers,6,64,24,UTSA,69,210,38,1,Run Support - S,"https://ratings-images-prod.pulse.ea.com/madden-nfl-26/portraits/10992.png?im=FaceCrop,padding=0.7",https://drop-assets.ea.com/images/1L5Fn21WqZN9jcLucGYg4c/ce29db9b9b4775d4e8fc337bf5c65027/6.png,92,87,88,83,57,61,78,56,29,66,63,60,68,88,10,39,77,56,85,74,13,13,60,24,52,18,64,20,20,20,26,66,33,64,73,27,23,21,23,Default Stride Loose,28,64,87,65,55,67,10,12,23,24,25,24,85,66,63
22446,Ryan,Van Demark,Left Tackle,LT,Buffalo Bills,3,64,27,Connecticut,78,307,74,2,Agile - OT,"https://ratings-images-prod.pulse.ea.com/madden-nfl-26/portraits/10982.png?im=FaceCrop,padding=0.7",https://drop-assets.ea.com/images/212FXcpkDUjs9ZJpZ038pM/676904f80719bc724267b7eb5609c6af/3.png,75,66,75,80,83,69,10,40,12,5,36,22,35,58,10,30,35,73,92,10,11,21,10,82,12,15,64,69,71,67,6,21,40,10,35,22,69,73,64,Long Stride Awkward,22,25,63,10,10,40,6,6,6,6,16,13,85,21,12
22385,Skylar,Thompson,Quarterback,QB,Pittsburgh Steelers,29,64,28,Kansas State,74,219,17,3,Strong Arm - QB,"https://ratings-images-prod.pulse.ea.com/madden-nfl-26/portraits/1984.png?im=FaceCrop,padding=0.7",https://drop-assets.ea.com/images/4k4tkEjxICBzmTan96wMKZ/1d5d9145ace8a359ac5423c8c3e5e2d8/29.png,85,83,76,78,65,59,75,22,65,53,56,16,34,80,12,10,20,17,86,60,19,23,10,22,10,14,64,15,12,12,78,14,10,10,30,14,20,22,19,Default,15,19,77,43,41,26,78,77,79,76,88,76,82,43,15
21828,Stone,Forsythe,Right Tackle,RT,Las Vegas Raiders,23,64,27,Florida,80,307,70,4,Agile - OT,"https://ratings-images-prod.pulse.ea.com/madden-nfl-26/portraits/765.png?im=FaceCrop,padding=0.7",https://drop-assets.ea.com/images/5ZrNmFWgR1vnwTOdqVmwYy/fe13aa7566120fb59130404e168c59ca/23.png,67,67,69,78,87,77,16,25,12,5,20,17,24,49,5,10,34,75,91,14,13,14,10,70,9,8,64,70,68,72,6,15,10,10,23,15,69,71,66,Default Stride Awkward,18,15,67,10,22,31,6,6,6,6,12,10,74,25,11
22557,Stone,Smartt,Tight End,TE,NY Jets,18,64,26,Old Dominion,76,226,84,3,Vertical Threat - TE,"https://ratings-images-prod.pulse.ea.com/madden-nfl-26/portraits/10443.png?im=FaceCrop,padding=0.7",https://drop-assets.ea.com/images/7M46e9acznPLjtJlC7FaWV/ef5cfc9e8306cbdae723a5f7e809b0fd/18.png,91,79,91,80,62,63,76,35,77,69,75,71,79,78,57,17,29,48,88,73,15,16,60,31,14,60,64,49,47,44,66,37,17,17,41,58,45,47,43,Long Stride Loose,63,77,85,66,65,35,64,65,67,77,78,49,76,67,15
22712,Tanner,McKee,Quarterback,QB,Philadelphia Eagles,13,64,25,Stanford,78,231,16,2,Field General - QB,"https://ratings-images-prod.pulse.ea.com/madden-nfl-26/portraits/8265.png?im=FaceCrop,padding=0.7",https://drop-assets.ea.com/images/1Nt5pFCpjcBcADzHRbwfIk/ce90f9cb564aef7cc30cf1dd88c84150/13.png,84,76,78,75,61,67,67,18,45,39,58,12,20,74,10,5,15,16,89,37,11,15,5,10,5,11,64,15,19,14,76,15,5,5,16,16,15,11,11,Default,12,10,77,27,28,20,76,77,81,80,87,75,87,39,11
21896,Tomon,Fox,Left Edge,LEDG,NY Giants,16,64,27,North Carolina,75,260,45,3,Smaller Speed Rusher - DE,"https://ratings-images-prod.pulse.ea.com/madden-nfl-26/portraits/3188.png?im=FaceCrop,padding=0.7",https://drop-assets.ea.com/images/5hloGwLNaCrg2IBn0CoWVb/b5996a802009a4252f992182bd9acf85/16.png,85,77,79,74,77,55,32,67,12,23,40,25,36,69,4,69,72,73,90,42,16,15,20,21,38,8,64,45,45,45,6,58,63,39,83,30,45,45,45,Default Stride Loose,15,29,81,35,35,71,6,6,6,6,28,12,76,34,46
1118,Travis,Glover,Right Tackle,RT,Green Bay Packers,20,64,25,Georgia State,78,317,79,1,Power - OT,"https://ratings-images-prod.pulse.ea.com/madden-nfl-26/portraits/10387.png?im=FaceCrop,padding=0.7",https://drop-assets.ea.com/images/4ztQk5XogdkrJe6reVd3h8/16ecf8a0f4caf228c6e54ad0f8e17425/20.png,69,50,69,83,86,69,10,37,9,11,22,10,25,51,5,35,40,80,95,10,8,9,10,79,9,7,64,69,68,70,6,24,42,10,38,12,73,69,68,Long Stride Awkward,10,12,63,10,24,44,6,8,11,7,19,5,87,21,8
23370,Trevor,Nowaske,Weak Backer,WILL,Detroit Lions,19,64,26,Saginaw Valley,75,235,53,2,Run Stopper - OLB,"https://ratings-images-prod.pulse.ea.com/madden-nfl-26/portraits/10428.png?im=FaceCrop,padding=0.7",https://drop-assets.ea.com/images/7cuE4tZcli1uQyZbvXWMrd/a2df9decdab28170691ca6631dd62139/19.png,89,86,83,79,74,59,39,64,11,34,48,46,62,81,5,53,86,67,91,48,21,22,10,25,50,9,64,35,35,35,15,58,62,45,80,12,35,35,35,Default Stride High and Tight,18,53,88,44,52,74,12,16,19,14,24,14,77,47,55
14785,Will,Howard,Quarterback,QB,Pittsburgh Steelers,29,64,23,Ohio State,76,236,18,0,Field General - QB,"https://ratings-images-prod.pulse.ea.com/madden-nfl-26/portraits/10595.png?im=FaceCrop,padding=0.7",https://drop-assets.ea.com/images/4k4tkEjxICBzmTan96wMKZ/1d5d9145ace8a359ac5423c8c3e5e2d8/29.png,83,78,72,86,68,64,66,39,60,53,63,20,42,76,16,39,40,30,91,50,23,21,32,29,21,18,64,27,34,37,80,37,42,16,47,26,25,33,35,Default,20,19,81,46,31,41,80,75,82,81,86,76,92,38,21
22984,Yasir,Abdullah,Sam Backer,SAM,Jacksonville Jaguars,17,64,25,Louisville,73,234,56,2,Run Stopper - OLB,"https://ratings-images-prod.pulse.ea.com/madden-nfl-26/portraits/8369.png?im=FaceCrop,padding=0.7",https://drop-assets.ea.com/images/4s3Xa9huMY7IrNAc9h1TDa/9eb764bbfbbb6a2f651e3d44cdcfa103/17.png,95,83,87,74,70,59,50,62,21,37,45,62,64,76,20,66,87,65,89,57,23,28,10,22,60,24,64,35,35,35,6,60,57,44,81,29,40,40,40,Default Stride Loose,27,59,90,52,32,75,6,7,9,7,20,10,76,40,50
23292,AJ,Finley,Strong Safety,SS,Seattle Seahawks,28,63,23,Ole Miss,72,188,30,2,Hybrid - S,"https://ratings-images-prod.pulse.ea.com/madden-nfl-26/portraits/3165.png?im=FaceCrop,padding=0.7",https://drop-assets.ea.com/images/2WrGCB8Atuo0aZ4MbstBrI/bbe9263ce111287adcef479efbc72160/28.png,87,86,85,83,56,61,66,48,15,60,63,66,73,84,31,40,70,49,88,72,13,17,50,28,64,33,63,35,35,35,5,58,35,69,67,30,35,35,35,Default Stride Loose,38,67,87,65,55,66,6,6,6,5,31,5,77,51,68
22657,Arron,Mosby,Right Edge,REDG,Green Bay Packers,20,63,26,Fresno State,76,245,53,3,Smaller Speed Rusher - DE,"https://ratings-images-prod.pulse.ea.com/madden-nfl-26/portraits/10425.png?im=FaceCrop,padding=0.7",https://drop-assets.ea.com/images/4ztQk5XogdkrJe6reVd3h8/16ecf8a0f4caf228c6e54ad0f8e17425/20.png,86,67,74,76,76,58,50,73,17,44,53,46,54,62,6,67,80,76,90,62,13,14,30,24,49,14,63,35,35,35,15,55,58,61,78,16,45,45,45,Long Stride Default,24,50,82,55,42,75,10,10,15,15,31,13,82,42,57
15260,Bam,Martin-Scott,Weak Backer,WILL,Carolina Panthers,21,63,25,South Carolina,74,231,57,0,Run Stopper - OLB,"https://ratings-images-prod.pulse.ea.com/madden-nfl-26/portraits/10648.png?im=FaceCrop,padding=0.7",https://drop-assets.ea.com/images/4Klf6KKhbnVi5RaARK1OiL/13a917c75c0fbc4edb0eb018cb757d8d/21.png,88,75,77,86,74,59,41,63,21,33,43,47,51,69,17,51,77,78,88,57,20,22,10,22,54,20,63,45,45,45,6,57,49,43,79,27,45,45,45,Default Stride Loose,23,50,85,43,48,77,6,6,6,6,23,12,87,43,61
22412,Baylon,Spector,Sam Backer,SAM,Buffalo Bills,3,63,26,Clemson,72,233,54,3,Pass Coverage - OLB,"https://ratings-images-prod.pulse.ea.com/madden-nfl-26/portraits/1953.png?im=FaceCrop,padding=0.7",https://drop-assets.ea.com/images/212FXcpkDUjs9ZJpZ038pM/676904f80719bc724267b7eb5609c6af/3.png,91,84,86,86,67,63,64,60,46,53,60,50,54,79,7,47,75,71,89,57,19,19,35,25,55,13,63,45,45,45,33,67,44,39,81,20,45,45,45,Default Stride Loose,29,52,86,48,46,73,27,33,38,44,43,32,87,47,63
14952,Beau,Brade,Free Safety,FS,NY Giants,16,63,23,Maryland,72,203,34,1,Hybrid - S,"https://ratings-images-prod.pulse.ea.com/madden-nfl-26/portraits/10019.png?im=FaceCrop,padding=0.7",https://drop-assets.ea.com/images/5hloGwLNaCrg2IBn0CoWVb/b5996a802009a4252f992182bd9acf85/16.png,91,87,79,83,61,62,70,50,32,72,63,60,69,81,27,50,56,51,86,68,18,26,39,31,62,30,63,29,24,25,25,59,60,62,68,24,24,22,22,Default Stride Loose,32,60,84,66,68,69,39,37,42,32,36,23,89,58,65
23298,Brandon,Pili,Defensive Tackle,DT,Seattle Seahawks,28,63,26,USC,75,316,95,2,,"https://ratings-images-prod.pulse.ea.com/madden-nfl-26/portraits/4848.png?im=FaceCrop,padding=0.7",https://drop-assets.ea.com/images/2WrGCB8Atuo0aZ4MbstBrI/bbe9263ce111287adcef479efbc72160/28.png,72,60,72,72,82,68,14,73,12,16,23,13,22,49,5,55,77,86,80,17,9,10,10,26,12,8,63,40,40,40,5,67,62,11,70,12,45,45,45,Default Stride Awkward,10,12,61,16,25,73,5,6,7,6,18,5,88,30,14
22848,Brayden,Willis,Tight End,TE,San Francisco 49ers,15,63,25,Oklahoma,76,240,82,2,Possession - TE,"https://ratings-images-prod.pulse.ea.com/madden-nfl-26/portraits/2479.png?im=FaceCrop,padding=0.7",https://drop-assets.ea.com/images/1SoIzWJtk28ygwNAPEMRnf/deaee9a60ace23f7eaeaf4275c2282b0/15.png,85,79,83,83,76,47,75,40,62,69,70,77,77,74,48,27,40,71,90,62,30,47,19,60,12,53,63,61,58,61,52,30,37,15,40,58,67,64,66,Long Stride Default,58,76,84,57,64,46,50,56,60,58,58,43,83,68,20
4752,C.J.,Okoye,Defensive Tackle,DT,Baltimore Ravens,25,63,23,None,78,370,91,0,,"https://ratings-images-prod.pulse.ea.com/madden-nfl-26/portraits/11091.png?im=FaceCrop,padding=0.7",https://drop-assets.ea.com/images/3zZnTQ4izXUrnVi3ryTBcm/a12a28ccd2af4c0a0930b58db73552a7/25.png,61,56,66,82,89,62,23,70,12,15,32,22,35,46,5,62,79,89,88,21,11,17,10,26,16,7,63,45,45,45,6,60,69,15,71,15,45,45,45,Default Stride Awkward,15,19,58,17,24,78,6,6,6,6,20,10,88,32,20
4721,C.J.,Ravenell,Defensive Tackle,DT,Tennessee Titans,30,63,25,Missouri W State,77,300,91,1,,"https://ratings-images-prod.pulse.ea.com/madden-nfl-26/portraits/11082.png?im=FaceCrop,padding=0.7",https://drop-assets.ea.com/images/2YxvlDMaJsJwNQ4lS7qdCQ/d850f60dcbdcd71fb162eb55a46c7969/30.png,75,60,75,84,82,59,29,73,12,18,33,20,36,53,5,62,77,85,88,17,22,14,10,27,17,7,63,45,45,45,6,57,68,15,69,15,45,45,45,Long Stride Loose,15,22,70,16,29,78,6,6,6,6,20,10,86,28,23
11222,Case,Keenum,Quarterback,QB,Chicago Bears,1,63,37,Houston,73,220,11,13,Strong Arm - QB,"https://ratings-images-prod.pulse.ea.com/madden-nfl-26/portraits/5294.png?im=FaceCrop,padding=0.7",https://drop-assets.ea.com/images/6jaEsYrn1V45DziwibpsDk/ed66ad67e63f08a3a7c25ce951dbf5b9/1.png,72,72,78,74,54,63,65,22,75,54,62,10,33,71,10,10,12,25,84,53,24,22,10,15,10,10,63,21,20,27,78,22,10,10,24,15,17,10,10,Default,10,10,77,57,23,14,77,76,82,77,85,79,76,36,12
23264,Colby,Sorsdal,Right Tackle,RT,Detroit Lions,19,63,25,William  Mary,78,304,75,2,Agile - OT,"https://ratings-images-prod.pulse.ea.com/madden-nfl-26/portraits/4979.png?im=FaceCrop,padding=0.7",https://drop-assets.ea.com/images/7cuE4tZcli1uQyZbvXWMrd/a2df9decdab28170691ca6631dd62139/19.png,66,59,69,83,80,71,10,25,12,5,41,15,34,57,5,10,35,68,91,10,11,11,10,83,11,10,63,65,67,63,6,15,10,9,33,15,71,75,67,Long Stride Awkward,15,15,67,10,10,31,6,6,6,6,10,10,81,15,12
4749,Dom,Jones,Cornerback,CB,Cleveland Browns,5,63,25,Colorado St.,74,192,37,0,Manto Man - CB,,https://drop-assets.ea.com/images/4qbblHggBjaH9o46kyGeFo/27cab0f308b54edbd469e9b20cb506f7/5.png,90,85,87,87,60,57,62,44,12,48,54,58,66,84,15,33,57,45,87,72,11,15,50,15,66,19,63,35,35,35,6,55,26,70,71,25,35,35,35,Long Stride Default,23,60,87,62,38,54,6,6,6,6,25,10,83,32,69
23354,Dylan,Cook,Right Tackle,RT,Pittsburgh Steelers,29,63,27,Montana,78,305,60,3,Agile - OT,"https://ratings-images-prod.pulse.ea.com/madden-nfl-26/portraits/10886.png?im=FaceCrop,padding=0.7",https://drop-assets.ea.com/images/4k4tkEjxICBzmTan96wMKZ/1d5d9145ace8a359ac5423c8c3e5e2d8/29.png,65,62,76,79,80,67,22,55,9,14,23,15,22,51,5,34,55,76,90,12,11,15,10,81,10,11,63,72,74,69,6,34,41,10,45,10,66,69,63,Long Stride Awkward,15,21,69,12,39,45,6,6,6,6,19,6,86,30,12
4736,Easton,Mascarenas-Arnold,Mike Backer,MIKE,Cleveland Browns,5,63,22,USC,71,227,42,0,Field General - MLB,"https://ratings-images-prod.pulse.ea.com/madden-nfl-26/portraits/11065.png?im=FaceCrop,padding=0.7",https://drop-assets.ea.com/images/4qbblHggBjaH9o46kyGeFo/27cab0f308b54edbd469e9b20cb506f7/5.png,90,88,78,85,73,59,32,62,12,21,54,34,37,76,5,54,77,76,87,37,11,15,10,17,55,7,63,45,45,45,6,57,61,48,79,15,45,45,45,Default Stride Awkward,20,37,86,38,31,79,6,6,6,6,13,11,86,39,61
13522,Elijah,Campbell,Strong Safety,SS,Miami Dolphins,12,63,30,Northern Iowa,71,195,22,7,Hybrid - S,"https://ratings-images-prod.pulse.ea.com/madden-nfl-26/portraits/9726.png?im=FaceCrop,padding=0.7",https://drop-assets.ea.com/images/1rcCzp9f3OyZFzRBRFJVpC/8dc08dce09c05a748587769908cd710c/12.png,84,84,92,86,61,62,64,48,15,55,60,45,70,81,11,41,54,46,84,74,17,18,56,15,65,16,63,33,34,33,6,60,35,65,69,27,34,34,33,Short Stride Loose,26,62,90,65,29,60,6,6,6,6,27,10,76,28,66
4760,Greedy,Vance Jr,Cornerback,CB,Las Vegas Raiders,23,63,23,USC,69,177,41,0,Manto Man - CB,,https://drop-assets.ea.com/images/5ZrNmFWgR1vnwTOdqVmwYy/fe13aa7566120fb59130404e168c59ca/23.png,91,81,82,88,55,58,65,42,13,50,54,57,64,89,11,35,58,42,87,68,13,14,47,17,67,12,63,35,35,35,6,56,27,67,71,24,35,35,35,Default Stride Loose,22,65,87,60,33,52,6,6,6,6,35,10,84,29,69
21108,Hakeem,Adeniji,Right Tackle,RT,Dallas Cowboys,11,63,27,Kansas,76,315,75,5,Power - OT,"https://ratings-images-prod.pulse.ea.com/madden-nfl-26/portraits/67.png?im=FaceCrop,padding=0.7",https://drop-assets.ea.com/images/4fzYNoreZSo04KbSHo3Sqn/0855e78441c821f956abac278f04abb7/11.png,71,42,82,84,84,75,10,30,12,11,40,10,25,44,5,23,42,80,86,10,12,17,10,77,16,5,63,65,64,66,6,29,31,10,34,12,70,68,72,Long Stride Awkward,10,12,66,10,10,36,6,6,6,6,15,14,90,10,11
4733,Isaiah,Stalbird,Weak Backer,WILL,New Orleans Saints,27,63,25,S. Dakota St.,73,215,44,0,Pass Coverage - OLB,,https://drop-assets.ea.com/images/5beev0Bk7MVWyDSbEqr75u/837fe770a82d43aa3028a13988d8baf3/27.png,95,76,89,88,66,57,42,59,12,34,56,45,59,83,18,50,76,72,87,49,19,19,10,20,57,20,63,45,45,45,6,55,47,49,81,18,45,45,45,Default,22,45,89,42,41,78,6,6,6,6,25,10,85,42,64
15145,Jack,Nelson,Left Tackle,LT,Atlanta Falcons,14,63,23,Wisconsin,79,318,69,0,Agile - OT,"https://ratings-images-prod.pulse.ea.com/madden-nfl-26/portraits/10677.png?im=FaceCrop,padding=0.7",https://drop-assets.ea.com/images/3NTxf2X9VWdF6aL91pHAVu/6002a1f3e761a58c3b00f0e08bdccf5f/14.png,71,64,69,86,84,66,17,35,17,6,34,24,27,53,5,33,30,80,87,11,18,17,10,77,11,5,63,70,71,69,6,28,34,10,30,16,69,70,68,Long Stride Awkward,16,19,67,12,15,25,6,6,6,6,17,11,87,27,12
15251,Jackson,Woodard,Mike Backer,MIKE,Miami Dolphins,12,63,23,UNLV,74,230,42,0,Field General - MLB,,https://drop-assets.ea.com/images/1rcCzp9f3OyZFzRBRFJVpC/8dc08dce09c05a748587769908cd710c/12.png,87,77,86,86,73,62,46,62,12,37,52,50,52,76,19,52,77,73,88,47,20,20,10,24,56,20,63,45,45,45,6,60,51,43,79,27,45,45,45,Long Stride Loose,21,48,84,41,40,79,6,6,6,6,21,10,87,43,62
15107,Jake,Briningstool,Tight End,TE,Kansas City Chiefs,9,63,22,Clemson,78,240,88,0,Vertical Threat - TE,"https://ratings-images-prod.pulse.ea.com/madden-nfl-26/portraits/10497.png?im=FaceCrop,padding=0.7",https://drop-assets.ea.com/images/3g9AewmTPjE4A7yc2tobiZ/20b6502896df3893414233cb5fe1b803/9.png,84,77,76,82,71,58,68,33,15,63,72,75,78,72,57,13,34,60,88,64,13,17,18,57,14,62,63,56,54,59,6,29,14,15,36,69,58,52,55,Long Stride High and Tight,66,76,81,55,62,37,6,10,15,10,24,10,81,64,19
13181,Jamarco,Jones,Right Tackle,RT,Detroit Lions,19,63,29,Ohio State,76,293,72,7,Agile - OT,"https://ratings-images-prod.pulse.ea.com/madden-nfl-26/portraits/8952.png?im=FaceCrop,padding=0.7",https://drop-assets.ea.com/images/7cuE4tZcli1uQyZbvXWMrd/a2df9decdab28170691ca6631dd62139/19.png,53,50,62,82,80,68,12,26,12,11,26,16,20,45,5,10,27,76,86,15,12,15,11,79,12,8,63,70,74,67,6,10,10,10,27,12,68,72,66,Long Stride Awkward,10,14,58,10,20,31,6,6,6,6,17,14,94,30,12
21652,James,Hudson III,Left Tackle,LT,NY Giants,16,63,26,Cincinnati,77,313,55,4,Power - OT,"https://ratings-images-prod.pulse.ea.com/madden-nfl-26/portraits/764.png?im=FaceCrop,padding=0.7",https://drop-assets.ea.com/images/5hloGwLNaCrg2IBn0CoWVb/b5996a802009a4252f992182bd9acf85/16.png,65,51,71,83,82,73,10,45,12,15,35,24,34,51,5,39,56,87,90,10,16,23,14,85,12,5,63,65,63,67,6,51,49,10,54,15,72,75,69,Default Stride Awkward,15,26,60,10,10,48,6,6,6,6,24,11,89,15,15
20381,Jarrett,Stidham,Quarterback,QB,Denver Broncos,4,63,29,Auburn,75,215,8,6,Field General - QB,"https://ratings-images-prod.pulse.ea.com/madden-nfl-26/portraits/9641.png?im=FaceCrop,padding=0.7",https://drop-assets.ea.com/images/4AYKY9OcX1CYbyMFBnvM8/ac07a8ff525004f92014e3259708acdf/4.png,77,72,76,76,62,68,65,20,63,36,60,48,53,74,31,10,20,24,85,50,26,32,10,14,11,32,63,19,19,14,73,16,10,10,26,34,19,15,15,Long Stride Default,37,49,78,38,35,20,74,75,81,81,86,73,89,37,19
22345,John,FitzPatrick,Tight End,TE,Green Bay Packers,20,63,25,Georgia,79,250,86,3,Blocking - TE,"https://ratings-images-prod.pulse.ea.com/madden-nfl-26/portraits/2713.png?im=FaceCrop,padding=0.7",https://drop-assets.ea.com/images/4ztQk5XogdkrJe6reVd3h8/16ecf8a0f4caf228c6e54ad0f8e17425/20.png,83,67,83,82,79,70,61,45,18,50,76,70,73,63,49,36,44,68,86,57,31,36,10,64,12,56,63,62,64,57,5,39,38,15,45,64,65,63,59,Long Stride Default,60,68,80,52,62,43,6,10,13,11,23,6,89,60,15
15131,John,Williams,Right Guard,RG,Green Bay Packers,20,63,23,Cincinnati,76,322,73,0,Power - G,"https://ratings-images-prod.pulse.ea.com/madden-nfl-26/portraits/10780.png?im=FaceCrop,padding=0.7",https://drop-assets.ea.com/images/4ztQk5XogdkrJe6reVd3h8/16ecf8a0f4caf228c6e54ad0f8e17425/20.png,71,54,62,86,87,65,11,27,12,8,21,16,22,57,5,14,26,78,88,11,13,18,10,77,10,5,63,70,66,68,6,29,29,10,21,18,68,68,67,Long Stride Awkward,11,17,67,15,13,29,6,6,6,6,20,13,87,27,10
4786,Johnathan,Baldwin,Free Safety,FS,Green Bay Packers,20,63,23,UNLV,72,190,37,0,Zone - S,,https://drop-assets.ea.com/images/4ztQk5XogdkrJe6reVd3h8/16ecf8a0f4caf228c6e54ad0f8e17425/20.png,93,80,78,87,59,60,62,49,20,52,59,55,64,81,15,34,73,52,88,65,17,18,50,25,61,20,63,35,35,35,6,58,31,62,72,25,35,35,35,Default Stride Loose,25,61,89,56,42,62,6,6,6,6,27,10,87,39,68
21957,Jon,Rhattigan,Mike Backer,MIKE,Las Vegas Raiders,23,63,26,Army,72,236,59,4,Run Stopper - MLB,"https://ratings-images-prod.pulse.ea.com/madden-nfl-26/portraits/1597.png?im=FaceCrop,padding=0.7",https://drop-assets.ea.com/images/5ZrNmFWgR1vnwTOdqVmwYy/fe13aa7566120fb59130404e168c59ca/23.png,84,75,78,82,72,55,45,65,12,48,58,37,59,71,20,55,75,78,83,41,20,20,10,54,50,31,63,49,49,49,6,65,51,40,81,34,51,51,52,Default Stride Loose,34,40,80,37,50,81,6,6,6,6,25,14,88,51,60
15155,Jonah,Monheim,Center,C,Jacksonville Jaguars,17,63,23,USC,76,303,60,0,Agile - C,"https://ratings-images-prod.pulse.ea.com/madden-nfl-26/portraits/10668.png?im=FaceCrop,padding=0.7",https://drop-assets.ea.com/images/4s3Xa9huMY7IrNAc9h1TDa/9eb764bbfbbb6a2f651e3d44cdcfa103/17.png,80,68,78,85,80,70,10,30,12,6,34,17,29,59,5,10,18,78,93,12,20,18,10,78,10,5,63,70,70,67,6,23,10,10,30,18,71,71,68,Long Stride Awkward,15,18,72,10,10,10,6,6,6,6,19,10,88,21,10
22454,Jonathan,Ford,Defensive Tackle,DT,Green Bay Packers,20,63,26,Miami,77,338,64,3,,"https://ratings-images-prod.pulse.ea.com/madden-nfl-26/portraits/1636.png?im=FaceCrop,padding=0.7",https://drop-assets.ea.com/images/4ztQk5XogdkrJe6reVd3h8/16ecf8a0f4caf228c6e54ad0f8e17425/20.png,66,52,72,72,84,65,23,72,15,25,33,15,32,47,5,53,78,88,90,19,14,15,10,33,12,8,63,45,45,45,6,62,64,10,72,12,45,45,45,Long Stride Awkward,12,22,57,15,33,80,6,6,6,6,19,10,79,35,14
4784,Jordan,Turner,Mike Backer,MIKE,Denver Broncos,4,63,23,Michigan St.,73,231,55,0,Run Stopper - MLB,,https://drop-assets.ea.com/images/4AYKY9OcX1CYbyMFBnvM8/ac07a8ff525004f92014e3259708acdf/4.png,90,83,80,87,75,61,48,63,19,39,53,42,55,75,23,58,80,74,87,65,10,12,10,22,55,18,63,45,45,45,6,59,53,46,79,25,45,45,45,Default Stride Loose,23,45,81,43,45,78,6,6,6,6,22,11,86,40,62
4684,Jordan,Clark,Cornerback,CB,NY Jets,18,63,24,Notre Dame,69,184,33,0,Manto Man - CB,,https://drop-assets.ea.com/images/7M46e9acznPLjtJlC7FaWV/ef5cfc9e8306cbdae723a5f7e809b0fd/18.png,89,73,87,87,60,58,60,39,12,47,54,59,67,83,21,32,57,56,88,73,11,13,55,26,68,24,63,35,35,35,6,56,31,70,71,28,35,35,35,Default Stride Loose,29,62,88,61,29,56,6,6,6,6,23,10,86,31,68
4748,Jordan,Colbert,Weak Backer,WILL,Miami Dolphins,12,63,25,Rhode Island,74,218,43,0,Pass Coverage - OLB,"https://ratings-images-prod.pulse.ea.com/madden-nfl-26/portraits/11100.png?im=FaceCrop,padding=0.7",https://drop-assets.ea.com/images/1rcCzp9f3OyZFzRBRFJVpC/8dc08dce09c05a748587769908cd710c/12.png,91,86,93,88,64,60,63,53,13,50,58,56,65,80,15,35,76,58,87,62,15,18,55,25,66,25,63,35,35,35,6,58,33,65,76,25,35,35,35,Default,33,58,86,58,43,71,6,6,6,6,25,12,87,45,68
4710,Josh,Fryar,Right Tackle,RT,Arizona Cardinals,7,63,23,Ohio State,77,320,78,0,Power - OT,"https://ratings-images-prod.pulse.ea.com/madden-nfl-26/portraits/11076.png?im=FaceCrop,padding=0.7",https://drop-assets.ea.com/images/5NdzvrqrP3clJDBL6kdTmu/1f61914ff14c6f4be0240d71e622f9c6/7.png,78,61,72,80,86,58,12,25,12,13,24,15,21,56,5,10,25,79,86,10,15,15,10,77,12,5,63,71,68,71,6,12,14,10,23,12,68,67,69,Long Stride Awkward,13,16,70,10,14,26,6,6,6,6,12,10,81,22,11
13893,Josh,Woods,Weak Backer,WILL,Atlanta Falcons,14,63,29,Maryland,73,230,42,7,Pass Coverage - OLB,"https://ratings-images-prod.pulse.ea.com/madden-nfl-26/portraits/174.png?im=FaceCrop,padding=0.7",https://drop-assets.ea.com/images/3NTxf2X9VWdF6aL91pHAVu/6002a1f3e761a58c3b00f0e08bdccf5f/14.png,84,78,77,81,64,73,35,61,12,24,60,51,60,69,5,49,79,68,84,47,12,14,10,28,56,5,63,45,45,45,6,71,47,59,77,25,45,45,45,Default Stride Loose,15,47,84,36,31,74,6,6,6,6,15,14,83,26,61
23351,Julian,Hill,Tight End,TE,Miami Dolphins,12,63,25,Campbell Univ.,76,251,89,2,Possession - TE,"https://ratings-images-prod.pulse.ea.com/madden-nfl-26/portraits/10397.png?im=FaceCrop,padding=0.7",https://drop-assets.ea.com/images/1rcCzp9f3OyZFzRBRFJVpC/8dc08dce09c05a748587769908cd710c/12.png,85,72,83,82,75,55,76,37,52,62,70,76,74,73,51,10,26,67,90,69,15,15,35,62,15,60,63,60,55,54,45,23,10,21,36,65,60,59,57,Long Stride Loose,64,72,83,65,69,34,48,52,58,50,60,37,87,71,22
21821,Kayode,Awosika,Left Guard,LG,Detroit Lions,19,63,26,Buffalo,77,315,74,4,Power - G,"https://ratings-images-prod.pulse.ea.com/madden-nfl-26/portraits/2766.png?im=FaceCrop,padding=0.7",https://drop-assets.ea.com/images/7cuE4tZcli1uQyZbvXWMrd/a2df9decdab28170691ca6631dd62139/19.png,64,48,74,78,86,64,14,28,10,10,24,12,26,50,5,10,42,82,89,10,27,33,10,62,10,6,63,66,63,68,6,21,10,10,29,10,72,70,74,Default Stride Awkward,13,15,65,10,18,35,5,6,7,6,15,5,84,22,10
1497,Kendell,Brooks,Free Safety,FS,Tennessee Titans,30,63,25,Michigan St.,72,206,30,2,Hybrid - S,"https://ratings-images-prod.pulse.ea.com/madden-nfl-26/portraits/10880.png?im=FaceCrop,padding=0.7",https://drop-assets.ea.com/images/2YxvlDMaJsJwNQ4lS7qdCQ/d850f60dcbdcd71fb162eb55a46c7969/30.png,92,77,85,84,63,57,66,54,15,60,55,52,58,81,13,40,74,53,82,72,13,17,50,28,62,21,63,35,35,35,5,58,35,66,78,23,35,35,35,Default Stride Loose,25,56,91,65,55,65,6,6,6,5,31,5,83,51,67
22354,Kevin,Austin Jr,Wide Receiver,WR,New Orleans Saints,27,63,25,Notre Dame,74,200,81,3,Deep Threat - WR,"https://ratings-images-prod.pulse.ea.com/madden-nfl-26/portraits/1151.png?im=FaceCrop,padding=0.7",https://drop-assets.ea.com/images/5beev0Bk7MVWyDSbEqr75u/837fe770a82d43aa3028a13988d8baf3/27.png,95,91,92,82,67,48,73,34,23,65,71,76,75,85,63,11,42,48,85,69,22,23,50,30,38,65,63,40,19,21,6,42,11,43,39,72,46,18,23,Default Stride Loose,66,75,91,64,49,38,6,10,15,10,32,21,86,38,35
21434,Kristian,Welch,Mike Backer,MIKE,Green Bay Packers,20,63,27,Iowa,75,242,54,5,Run Stopper - MLB,"https://ratings-images-prod.pulse.ea.com/madden-nfl-26/portraits/1086.png?im=FaceCrop,padding=0.7",https://drop-assets.ea.com/images/4ztQk5XogdkrJe6reVd3h8/16ecf8a0f4caf228c6e54ad0f8e17425/20.png,84,78,81,81,75,63,71,65,18,48,64,48,57,69,15,50,80,81,90,68,20,16,10,16,53,25,63,48,45,45,20,60,56,44,79,13,45,45,45,Default Stride Loose,33,50,85,58,51,79,17,21,25,15,20,21,86,43,61
24426,Kyle,Hinton,Right Guard,RG,Atlanta Falcons,14,63,27,Washburn,74,295,68,5,Agile - G,"https://ratings-images-prod.pulse.ea.com/madden-nfl-26/portraits/1450.png?im=FaceCrop,padding=0.7",https://drop-assets.ea.com/images/3NTxf2X9VWdF6aL91pHAVu/6002a1f3e761a58c3b00f0e08bdccf5f/14.png,76,60,83,81,87,63,10,30,12,5,40,10,39,55,5,22,38,81,89,10,25,25,10,83,12,13,63,67,69,65,6,30,33,10,29,12,64,66,63,Default Stride Awkward,21,12,75,10,10,37,6,6,6,6,30,13,86,15,15
16150,Mason,Richman,Right Tackle,RT,Seattle Seahawks,28,63,23,Iowa,77,307,78,0,Power - OT,"https://ratings-images-prod.pulse.ea.com/madden-nfl-26/portraits/10956.png?im=FaceCrop,padding=0.7",https://drop-assets.ea.com/images/2WrGCB8Atuo0aZ4MbstBrI/bbe9263ce111287adcef479efbc72160/28.png,72,65,71,85,84,65,12,40,13,13,33,18,26,51,23,33,33,81,86,24,12,12,31,76,11,25,63,69,70,71,6,31,37,10,29,29,68,69,70,Long Stride Awkward,26,17,60,27,22,28,6,6,6,6,26,11,86,30,12
21059,Mason,Kinsey,Wide Receiver,WR,Tennessee Titans,30,63,27,Berry College,70,203,12,5,,"https://ratings-images-prod.pulse.ea.com/madden-nfl-26/portraits/1467.png?im=FaceCrop,padding=0.7",https://drop-assets.ea.com/images/2YxvlDMaJsJwNQ4lS7qdCQ/d850f60dcbdcd71fb162eb55a46c7969/30.png,85,77,87,83,60,55,78,30,21,69,73,77,81,78,72,10,28,37,87,77,15,17,78,21,20,71,63,26,10,10,6,23,10,22,33,63,35,12,15,Short Stride Default,72,80,86,70,41,31,6,10,15,10,26,17,79,31,28
1444,Natrone,Brooks,Cornerback,CB,Atlanta Falcons,14,63,25,Southern Miss,70,175,35,2,Zone - CB,"https://ratings-images-prod.pulse.ea.com/madden-nfl-26/portraits/10878.png?im=FaceCrop,padding=0.7",https://drop-assets.ea.com/images/3NTxf2X9VWdF6aL91pHAVu/6002a1f3e761a58c3b00f0e08bdccf5f/14.png,90,82,76,85,50,66,64,45,16,51,63,62,71,79,21,34,57,43,90,72,12,14,50,10,63,23,63,25,25,25,15,63,26,63,71,20,30,30,30,Default Stride Loose,27,68,88,64,29,56,18,24,29,22,29,16,82,30,65
22907,Nick,Saldiveri,Right Guard,RG,New Orleans Saints,27,63,25,Old Dominion,78,316,64,2,Power - G,"https://ratings-images-prod.pulse.ea.com/madden-nfl-26/portraits/2381.png?im=FaceCrop,padding=0.7",https://drop-assets.ea.com/images/5beev0Bk7MVWyDSbEqr75u/837fe770a82d43aa3028a13988d8baf3/27.png,78,61,76,87,84,68,24,32,12,23,21,22,24,61,16,23,38,83,92,22,12,13,10,73,11,16,63,70,69,71,7,18,34,10,25,14,65,65,65,Long Stride Awkward,16,16,65,16,25,27,5,6,7,6,26,10,82,31,11
4719,PJ,Jules,Free Safety,FS,Cincinnati Bengals,2,63,27,S. Illinois,72,203,37,1,Hybrid - S,"https://ratings-images-prod.pulse.ea.com/madden-nfl-26/portraits/11063.png?im=FaceCrop,padding=0.7",https://drop-assets.ea.com/images/5oemvWKqCFgBCkCI4h9A2U/0629c6d345fe01a14ba9f40554fd182e/2.png,92,78,83,88,65,60,63,47,14,46,61,53,67,81,24,34,73,59,89,61,14,18,65,12,65,29,63,35,35,35,6,58,32,66,74,30,35,35,35,Long Stride Loose,33,60,89,58,43,61,6,6,6,6,25,18,84,35,67
14799,Quinn,Ewers,Quarterback,QB,Miami Dolphins,12,63,22,Texas,74,214,14,0,Field General - QB,"https://ratings-images-prod.pulse.ea.com/madden-nfl-26/portraits/10546.png?im=FaceCrop,padding=0.7",https://drop-assets.ea.com/images/1rcCzp9f3OyZFzRBRFJVpC/8dc08dce09c05a748587769908cd710c/12.png,77,74,70,89,66,65,60,30,57,54,54,27,41,74,23,27,23,26,86,49,32,33,18,25,38,18,63,27,23,21,86,46,27,30,46,28,19,17,20,Default,25,33,78,37,29,23,74,76,81,78,86,77,85,30,19
4718,Reuben,Lowery III,Free Safety,FS,Indianapolis Colts,10,63,23,Tenn-Chat,69,204,36,0,Zone - S,,https://drop-assets.ea.com/images/5yTvAS7xG5Z8qw65gMLzSU/037cfcd90e26ee06666a24d762791f65/10.png,91,83,88,88,61,58,61,46,14,51,59,55,65,86,10,34,72,56,87,64,13,13,60,12,63,18,63,35,35,35,6,56,33,64,73,22,35,35,35,Default Stride Loose,28,58,91,55,45,62,6,6,6,6,25,14,85,36,65
22981,Robert,Beal Jr,Left Edge,LEDG,San Francisco 49ers,15,63,26,Georgia,76,250,51,2,Power Rusher - DE,"https://ratings-images-prod.pulse.ea.com/madden-nfl-26/portraits/2639.png?im=FaceCrop,padding=0.7",https://drop-assets.ea.com/images/1SoIzWJtk28ygwNAPEMRnf/deaee9a60ace23f7eaeaf4275c2282b0/15.png,92,75,77,69,68,66,47,67,15,37,45,35,44,71,22,57,79,81,88,48,14,14,10,43,34,31,63,45,45,45,6,61,67,48,77,38,45,45,45,Default Stride Loose,33,41,90,44,50,70,6,6,6,6,21,11,75,40,50
22714,Stetson,Bennett IV,Quarterback,QB,Los Angeles Rams,24,63,27,Georgia,71,190,13,2,Scrambler - QB,"https://ratings-images-prod.pulse.ea.com/madden-nfl-26/portraits/2535.png?im=FaceCrop,padding=0.7",https://drop-assets.ea.com/images/wS8JnLBEBj9eq68rO1qTb/b7b5285ad842936bc21bb149eb8c31b8/24.png,90,84,80,81,55,61,79,11,66,49,55,10,27,85,10,9,16,25,86,62,22,28,10,22,9,10,63,14,14,12,79,13,10,10,26,13,24,20,17,Default,10,13,84,44,40,20,75,72,81,78,87,76,85,36,13
1347,Storm,Duck,Cornerback,CB,Miami Dolphins,12,63,24,Louisville,72,195,36,1,Zone - CB,"https://ratings-images-prod.pulse.ea.com/madden-nfl-26/portraits/10893.png?im=FaceCrop,padding=0.7",https://drop-assets.ea.com/images/1rcCzp9f3OyZFzRBRFJVpC/8dc08dce09c05a748587769908cd710c/12.png,92,80,92,83,63,62,63,47,14,55,62,62,71,86,20,42,59,46,87,71,15,20,69,15,60,26,63,25,25,25,5,60,35,63,69,27,25,25,25,Default Stride Loose,30,64,91,66,32,52,6,7,11,6,17,9,79,35,64
13013,Storm,Norton,Left Tackle,LT,Atlanta Falcons,14,63,31,Toledo,79,317,77,8,Agile - OT,"https://ratings-images-prod.pulse.ea.com/madden-nfl-26/portraits/9254.png?im=FaceCrop,padding=0.7",https://drop-assets.ea.com/images/3NTxf2X9VWdF6aL91pHAVu/6002a1f3e761a58c3b00f0e08bdccf5f/14.png,71,67,71,85,82,79,14,39,12,8,22,22,27,53,15,15,20,81,90,10,21,22,10,83,13,15,63,63,62,65,6,20,25,10,29,21,72,75,68,Default Stride Awkward,15,15,65,10,27,29,6,6,6,6,30,10,86,33,15
22349,Teagan,Quitoriano,Tight End,TE,Atlanta Falcons,14,63,25,Oregon State,78,258,85,3,Possession - TE,"https://ratings-images-prod.pulse.ea.com/madden-nfl-26/portraits/1900.png?im=FaceCrop,padding=0.7",https://drop-assets.ea.com/images/3NTxf2X9VWdF6aL91pHAVu/6002a1f3e761a58c3b00f0e08bdccf5f/14.png,74,73,78,83,78,57,64,44,18,61,75,79,76,66,52,32,43,68,91,60,19,24,15,50,10,61,63,56,55,56,6,36,38,10,45,60,61,56,62,Long Stride Default,66,78,74,55,65,46,6,10,15,10,25,9,82,67,12
21555,Trey,Lance,Quarterback,QB,Los Angeles Chargers,8,63,25,North Dakota St.,76,226,5,4,Scrambler - QB,"https://ratings-images-prod.pulse.ea.com/madden-nfl-26/portraits/1368.png?im=FaceCrop,padding=0.7",https://drop-assets.ea.com/images/1nyokQ4GLHKjmDL5IorxkB/29267d1765bd7f27730a007e1b070ec4/8.png,90,89,82,84,71,32,85,38,75,77,68,31,51,85,14,22,50,37,86,76,18,29,43,26,32,18,63,18,17,15,83,34,20,32,54,21,27,15,18,Default,27,36,87,74,59,52,77,75,80,77,91,73,89,70,40
1119,Tylan,Grable,Left Tackle,LT,Buffalo Bills,3,63,25,UCF,77,309,68,1,Agile - OT,"https://ratings-images-prod.pulse.ea.com/madden-nfl-26/portraits/10087.png?im=FaceCrop,padding=0.7",https://drop-assets.ea.com/images/212FXcpkDUjs9ZJpZ038pM/676904f80719bc724267b7eb5609c6af/3.png,81,73,87,81,81,68,52,45,49,34,57,49,51,65,33,46,52,79,90,46,13,13,10,79,12,35,63,69,69,70,35,42,57,10,51,51,70,70,67,Long Stride Awkward,43,55,74,44,57,48,45,48,52,39,57,35,79,58,13
15196,Tyler,Batty,Left Edge,LEDG,Minnesota Vikings,31,63,26,BYU,78,271,96,0,Power Rusher - DE,"https://ratings-images-prod.pulse.ea.com/madden-nfl-26/portraits/10488.png?im=FaceCrop,padding=0.7",https://drop-assets.ea.com/images/bzuWJaOZo5LCC4SwdbVzx/f6dc0006f59641745e50721d0d8c9d38/31.png,81,77,82,76,83,52,30,69,12,21,35,20,36,65,5,67,77,62,84,31,13,15,10,20,35,7,63,45,45,45,6,54,66,31,77,15,45,45,45,Long Stride Loose,13,21,80,29,32,77,6,6,6,6,20,10,83,29,44
15022,Walter,Rouse,Right Tackle,RT,Minnesota Vikings,31,63,24,Oklahoma,78,322,73,1,Power - OT,"https://ratings-images-prod.pulse.ea.com/madden-nfl-26/portraits/10238.png?im=FaceCrop,padding=0.7",https://drop-assets.ea.com/images/bzuWJaOZo5LCC4SwdbVzx/f6dc0006f59641745e50721d0d8c9d38/31.png,66,55,80,81,83,64,15,22,12,10,25,15,38,53,5,15,38,81,90,20,21,25,10,80,8,5,63,72,70,71,6,10,15,9,21,20,71,71,70,Long Stride Awkward,10,15,64,22,15,37,6,7,10,7,22,8,86,35,8
4704,William,Wagner,Long Snapper,LS,Cincinnati Bengals,2,63,24,Michigan,74,240,46,0,Accurate - LS,"https://ratings-images-prod.pulse.ea.com/madden-nfl-26/portraits/11064.png?im=FaceCrop,padding=0.7",https://drop-assets.ea.com/images/5oemvWKqCFgBCkCI4h9A2U/0629c6d345fe01a14ba9f40554fd182e/2.png,75,66,72,75,71,54,27,38,10,15,61,51,51,62,25,10,46,64,90,27,15,14,10,48,15,31,63,52,45,48,6,32,10,11,49,21,47,43,44,Default Stride Awkward,39,47,73,22,46,51,6,6,10,6,35,9,81,34,19
4639,Willie,Lampkin IV,Right Guard,RG,Philadelphia Eagles,13,63,23,North Carolina,71,290,61,0,Agile - G,,https://drop-assets.ea.com/images/1Nt5pFCpjcBcADzHRbwfIk/ce90f9cb564aef7cc30cf1dd88c84150/13.png,74,59,61,81,82,65,15,26,12,9,22,15,20,59,5,10,22,75,87,10,11,11,10,79,12,5,63,69,68,65,6,15,15,10,27,12,70,71,68,Default Stride Awkward,10,14,65,10,15,23,6,6,6,6,17,14,81,30,12
20360,Yodny,Cajuste,Left Tackle,LT,Miami Dolphins,12,63,29,West Virginia,77,310,63,6,Agile - OT,"https://ratings-images-prod.pulse.ea.com/madden-nfl-26/portraits/9411.png?im=FaceCrop,padding=0.7",https://drop-assets.ea.com/images/1rcCzp9f3OyZFzRBRFJVpC/8dc08dce09c05a748587769908cd710c/12.png,56,58,62,82,88,73,10,35,12,7,38,25,22,48,5,15,33,82,77,10,21,22,10,82,13,5,63,63,64,62,6,20,25,10,29,40,71,73,69,Default Stride Awkward,15,15,64,10,19,36,6,6,6,6,30,10,84,23,15
11836,Aaron,Brewer,Long Snapper,LS,Arizona Cardinals,7,62,35,San Diego St.,77,232,46,13,Accurate - LS,"https://ratings-images-prod.pulse.ea.com/madden-nfl-26/portraits/5710.png?im=FaceCrop,padding=0.7",https://drop-assets.ea.com/images/5NdzvrqrP3clJDBL6kdTmu/1f61914ff14c6f4be0240d71e622f9c6/7.png,72,69,68,77,68,60,39,59,15,20,50,45,55,63,37,35,50,68,87,35,13,13,10,53,28,42,62,57,40,50,6,35,51,25,61,22,51,34,39,Default,47,40,73,40,55,58,6,6,6,6,14,10,69,50,32
1346,Andrew,Meyer,Center,C,Miami Dolphins,12,62,25,UTEP,75,295,60,1,Power - C,"https://ratings-images-prod.pulse.ea.com/madden-nfl-26/portraits/10940.png?im=FaceCrop,padding=0.7",https://drop-assets.ea.com/images/1rcCzp9f3OyZFzRBRFJVpC/8dc08dce09c05a748587769908cd710c/12.png,73,52,74,82,86,58,17,29,10,8,21,11,22,60,5,10,30,79,92,10,10,10,10,78,10,7,62,72,70,73,6,10,10,10,33,10,69,68,71,Default Stride Awkward,12,13,70,10,25,25,6,6,6,6,17,10,85,25,10
22870,Atonio,Mafi,Right Guard,RG,Las Vegas Raiders,23,62,24,UCLA,75,329,56,2,Power - G,"https://ratings-images-prod.pulse.ea.com/madden-nfl-26/portraits/4648.png?im=FaceCrop,padding=0.7",https://drop-assets.ea.com/images/5ZrNmFWgR1vnwTOdqVmwYy/fe13aa7566120fb59130404e168c59ca/23.png,54,53,61,75,84,60,20,55,15,15,40,10,30,50,5,45,69,73,92,10,22,27,10,76,10,5,62,65,62,70,6,56,66,10,60,20,72,68,71,Default Stride Awkward,10,10,55,10,30,67,6,6,6,7,22,11,87,20,14
4621,Austin,Keys,Mike Backer,MIKE,Arizona Cardinals,7,62,23,Ole Miss,74,247,53,0,Field General - MLB,"https://ratings-images-prod.pulse.ea.com/madden-nfl-26/portraits/11017.png?im=FaceCrop,padding=0.7",https://drop-assets.ea.com/images/5NdzvrqrP3clJDBL6kdTmu/1f61914ff14c6f4be0240d71e622f9c6/7.png,86,70,87,85,71,62,44,62,24,42,58,45,35,72,16,57,79,71,83,49,17,21,10,22,56,19,62,45,45,45,6,58,56,44,80,20,45,45,45,Default Stride High and Tight,22,46,85,49,42,80,6,6,6,6,21,12,84,45,62
22834,Ben,Sims,Tight End,TE,Minnesota Vikings,31,62,25,Baylor,77,250,89,2,Vertical Threat - TE,"https://ratings-images-prod.pulse.ea.com/madden-nfl-26/portraits/10442.png?im=FaceCrop,padding=0.7",https://drop-assets.ea.com/images/bzuWJaOZo5LCC4SwdbVzx/f6dc0006f59641745e50721d0d8c9d38/31.png,88,69,86,78,69,57,75,25,19,58,76,75,77,71,54,10,33,56,92,65,13,18,10,61,12,62,62,53,51,52,7,22,10,10,34,57,55,57,53,Long Stride High and Tight,65,79,85,63,62,28,7,10,15,11,27,12,79,57,14
4665,Benjamin,Yurosek,Tight End,TE,Minnesota Vikings,31,62,23,Georgia,76,245,85,0,Vertical Threat - TE,"https://ratings-images-prod.pulse.ea.com/madden-nfl-26/portraits/11013.png?im=FaceCrop,padding=0.7",https://drop-assets.ea.com/images/bzuWJaOZo5LCC4SwdbVzx/f6dc0006f59641745e50721d0d8c9d38/31.png,91,78,77,80,72,55,66,31,15,62,68,72,76,74,54,12,35,61,85,62,14,17,13,54,14,58,62,58,57,59,6,20,12,15,35,66,56,54,52,Long Stride Default,64,74,84,53,59,37,6,10,15,10,25,10,80,67,16
22838,Blake,Whiteheart,Tight End,TE,Cleveland Browns,5,62,25,Wake Forest,76,247,86,2,Vertical Threat - TE,"https://ratings-images-prod.pulse.ea.com/madden-nfl-26/portraits/2471.png?im=FaceCrop,padding=0.7",https://drop-assets.ea.com/images/4qbblHggBjaH9o46kyGeFo/27cab0f308b54edbd469e9b20cb506f7/5.png,88,82,85,80,72,61,74,32,14,60,71,72,75,77,51,15,44,63,91,70,14,20,40,61,10,56,62,58,55,49,15,26,20,17,43,64,60,55,52,Long Stride Loose,61,76,82,65,65,42,21,24,30,16,33,15,88,62,12
14784,Brady,Cook,Quarterback,QB,NY Jets,18,62,23,Missouri,74,214,4,0,Scrambler - QB,"https://ratings-images-prod.pulse.ea.com/madden-nfl-26/portraits/10526.png?im=FaceCrop,padding=0.7",https://drop-assets.ea.com/images/7M46e9acznPLjtJlC7FaWV/ef5cfc9e8306cbdae723a5f7e809b0fd/18.png,89,82,85,89,67,51,74,23,70,66,57,19,38,84,15,30,30,28,88,60,26,22,21,27,16,16,62,25,26,18,79,27,30,17,35,26,19,21,22,Default,18,18,85,56,42,32,73,75,79,80,88,72,88,47,17
4629,Branson,Combs,Mike Backer,MIKE,Jacksonville Jaguars,17,62,25,Wake Forest,75,228,50,0,Field General - MLB,"https://ratings-images-prod.pulse.ea.com/madden-nfl-26/portraits/11109.png?im=FaceCrop,padding=0.7",https://drop-assets.ea.com/images/4s3Xa9huMY7IrNAc9h1TDa/9eb764bbfbbb6a2f651e3d44cdcfa103/17.png,93,81,82,88,71,59,45,65,21,41,53,49,58,73,18,53,77,69,86,53,18,22,10,23,55,21,62,45,45,45,6,57,51,45,80,22,45,45,45,Default Stride Loose,24,53,83,50,44,77,6,6,6,6,23,12,86,44,61
4762,Chris,Edmonds,Strong Safety,SS,Cleveland Browns,5,62,24,Arizona St.,74,215,41,0,Zone - S,,https://drop-assets.ea.com/images/4qbblHggBjaH9o46kyGeFo/27cab0f308b54edbd469e9b20cb506f7/5.png,89,79,78,87,59,59,61,55,15,52,62,57,63,80,17,33,75,54,88,65,15,16,45,15,65,22,62,35,35,35,6,57,32,71,71,23,35,35,35,Default Stride Loose,31,59,90,59,45,62,6,6,6,6,25,10,87,45,68
23286,Chris,Stoll,Long Snapper,LS,Seattle Seahawks,28,62,27,Penn State,74,255,41,2,Accurate - LS,"https://ratings-images-prod.pulse.ea.com/madden-nfl-26/portraits/5009.png?im=FaceCrop,padding=0.7",https://drop-assets.ea.com/images/2WrGCB8Atuo0aZ4MbstBrI/bbe9263ce111287adcef479efbc72160/28.png,74,61,71,72,65,49,33,43,10,15,61,44,46,53,34,10,60,67,91,34,12,13,10,55,15,38,62,52,53,50,6,32,10,14,39,32,54,55,49,Default Stride Awkward,40,42,75,29,45,48,6,9,16,7,33,10,80,42,14
13643,Christian,Kuntz,Long Snapper,LS,Pittsburgh Steelers,29,62,31,Duquesne,73,228,46,5,Power - LS,"https://ratings-images-prod.pulse.ea.com/madden-nfl-26/portraits/968.png?im=FaceCrop,padding=0.7",https://drop-assets.ea.com/images/4k4tkEjxICBzmTan96wMKZ/1d5d9145ace8a359ac5423c8c3e5e2d8/29.png,85,78,78,77,76,50,50,62,12,40,44,46,61,75,22,53,80,65,90,49,20,20,15,25,39,24,62,45,45,45,6,51,58,45,76,16,45,45,45,Default Stride Loose,29,42,79,45,46,76,6,6,15,6,25,10,85,45,49
15111,CJ,Dippre,Tight End,TE,New England Patriots,22,62,23,Alabama,77,256,82,0,Possession - TE,"https://ratings-images-prod.pulse.ea.com/madden-nfl-26/portraits/10536.png?im=FaceCrop,padding=0.7",https://drop-assets.ea.com/images/6Z0rWjQfkWgvj8K58X0WfA/aaaaa7e6c313bdfc5e624309ba6dfc4e/22.png,85,75,83,81,78,61,64,31,25,62,67,71,74,63,47,14,32,67,88,60,14,17,15,57,13,52,62,60,59,60,16,25,11,16,35,67,67,64,63,Long Stride High and Tight,58,72,83,54,60,34,16,20,25,20,35,20,82,62,14
15254,Cody,Lindenberg,Mike Backer,MIKE,Las Vegas Raiders,23,62,23,Minnesota,74,236,55,0,Field General - MLB,"https://ratings-images-prod.pulse.ea.com/madden-nfl-26/portraits/10635.png?im=FaceCrop,padding=0.7",https://drop-assets.ea.com/images/5ZrNmFWgR1vnwTOdqVmwYy/fe13aa7566120fb59130404e168c59ca/23.png,81,79,87,86,71,64,42,64,30,34,55,48,57,77,21,50,78,72,82,48,18,21,10,23,54,24,62,45,45,45,14,63,48,46,79,24,45,45,45,Default Stride Loose,27,51,82,39,37,77,17,20,23,28,26,17,83,40,62
1378,David,Martin-Robinson,Tight End,TE,Tennessee Titans,30,62,25,Temple,75,247,88,1,Vertical Threat - TE,"https://ratings-images-prod.pulse.ea.com/madden-nfl-26/portraits/10935.png?im=FaceCrop,padding=0.7",https://drop-assets.ea.com/images/2YxvlDMaJsJwNQ4lS7qdCQ/d850f60dcbdcd71fb162eb55a46c7969/30.png,87,81,84,80,70,52,74,39,11,65,72,74,78,81,52,10,30,68,87,68,19,21,18,57,14,54,62,60,60,56,20,18,10,17,37,64,60,61,56,Long Stride Default,60,75,85,58,64,39,14,20,25,26,20,10,84,65,21
22152,DeAngelo,Malone,Mike Backer,MIKE,Atlanta Falcons,14,62,26,W. Kentucky,76,240,51,3,Run Stopper - MLB,"https://ratings-images-prod.pulse.ea.com/madden-nfl-26/portraits/1824.png?im=FaceCrop,padding=0.7",https://drop-assets.ea.com/images/3NTxf2X9VWdF6aL91pHAVu/6002a1f3e761a58c3b00f0e08bdccf5f/14.png,90,82,85,76,72,67,30,68,15,22,32,29,37,74,6,71,80,72,92,43,27,32,10,21,40,8,62,45,45,45,6,63,63,44,78,12,45,45,45,Long Stride Loose,15,31,87,35,31,75,6,6,6,6,21,10,78,32,50
21403,Demetrius,Flannigan-Fowles,Mike Backer,MIKE,NY Giants,16,62,28,Arizona,74,223,33,6,Pass Coverage - MLB,"https://ratings-images-prod.pulse.ea.com/madden-nfl-26/portraits/1430.png?im=FaceCrop,padding=0.7",https://drop-assets.ea.com/images/5hloGwLNaCrg2IBn0CoWVb/b5996a802009a4252f992182bd9acf85/16.png,85,76,83,82,65,66,54,61,15,45,55,57,67,75,22,58,77,69,91,69,24,28,40,10,58,27,62,30,35,35,6,63,43,60,79,24,30,35,35,Default Stride Loose,37,66,86,61,51,74,6,6,6,6,27,12,81,48,65
1166,Devin,Culp,Tight End,TE,Tampa Bay Buccaneers,6,62,25,Washington,76,237,82,1,Vertical Threat - TE,"https://ratings-images-prod.pulse.ea.com/madden-nfl-26/portraits/10047.png?im=FaceCrop,padding=0.7",https://drop-assets.ea.com/images/1L5Fn21WqZN9jcLucGYg4c/ce29db9b9b4775d4e8fc337bf5c65027/6.png,92,74,85,81,68,68,71,29,14,67,71,73,76,77,47,17,27,57,90,68,15,18,18,51,14,51,62,50,51,49,6,22,17,17,28,64,51,53,50,Long Stride Default,58,72,90,62,64,33,6,10,15,10,30,10,84,65,21
4612,Donovan,McMillon,Free Safety,FS,Cleveland Browns,5,62,23,Pittsburgh,74,203,31,0,Zone - S,"https://ratings-images-prod.pulse.ea.com/madden-nfl-26/portraits/11052.png?im=FaceCrop,padding=0.7",https://drop-assets.ea.com/images/4qbblHggBjaH9o46kyGeFo/27cab0f308b54edbd469e9b20cb506f7/5.png,86,84,84,87,65,58,61,51,14,51,61,56,69,87,12,32,75,57,88,61,15,19,78,25,61,14,62,35,35,35,6,55,35,57,74,22,35,35,35,Default Stride Loose,24,57,90,57,43,65,6,6,6,6,24,12,87,48,64
4620,Dorian,Mausi Jr,Weak Backer,WILL,Tennessee Titans,30,62,23,Auburn,73,234,54,0,Run Stopper - OLB,"https://ratings-images-prod.pulse.ea.com/madden-nfl-26/portraits/11016.png?im=FaceCrop,padding=0.7",https://drop-assets.ea.com/images/2YxvlDMaJsJwNQ4lS7qdCQ/d850f60dcbdcd71fb162eb55a46c7969/30.png,83,77,80,85,68,61,44,63,23,35,57,44,53,76,14,51,77,70,86,55,21,27,10,25,54,19,62,45,45,45,6,58,48,45,79,18,45,45,45,Default Stride Loose,24,52,83,43,41,78,6,6,6,6,21,12,85,47,60
4709,Drew,Moss,Right Guard,RG,Tennessee Titans,30,62,22,Colorado St.,75,303,67,0,Agile - G,"https://ratings-images-prod.pulse.ea.com/madden-nfl-26/portraits/11080.png?im=FaceCrop,padding=0.7",https://drop-assets.ea.com/images/2YxvlDMaJsJwNQ4lS7qdCQ/d850f60dcbdcd71fb162eb55a46c7969/30.png,80,63,79,85,84,57,14,28,12,9,27,14,21,61,5,10,23,77,89,11,14,13,10,78,11,5,62,68,69,66,6,15,10,10,29,15,69,70,67,Default Stride Awkward,13,14,72,10,15,24,6,6,6,6,12,10,87,22,12
20335,Easton,Stick,Quarterback,QB,Atlanta Falcons,14,62,28,North Dakota St.,73,224,12,6,Scrambler - QB,"https://ratings-images-prod.pulse.ea.com/madden-nfl-26/portraits/9640.png?im=FaceCrop,padding=0.7",https://drop-assets.ea.com/images/3NTxf2X9VWdF6aL91pHAVu/6002a1f3e761a58c3b00f0e08bdccf5f/14.png,86,90,78,79,65,65,77,23,74,68,65,22,27,85,14,10,20,22,93,65,28,29,10,14,11,16,62,14,13,13,78,17,10,10,30,16,21,12,16,Default,21,18,85,68,43,23,74,73,78,77,83,72,90,55,17
4720,Elijah,Williams,Defensive Tackle,DT,Minnesota Vikings,31,62,22,Morgan St.,75,270,99,0,,"https://ratings-images-prod.pulse.ea.com/madden-nfl-26/portraits/11060.png?im=FaceCrop,padding=0.7",https://drop-assets.ea.com/images/bzuWJaOZo5LCC4SwdbVzx/f6dc0006f59641745e50721d0d8c9d38/31.png,72,71,76,83,84,58,20,71,12,15,35,15,37,59,5,59,76,87,86,15,13,16,10,27,18,7,62,45,45,45,6,56,67,15,71,15,45,45,45,Default Stride Awkward,15,20,65,15,25,77,6,6,6,6,20,10,86,25,22
4717,Eric,Rogers,Cornerback,CB,Los Angeles Chargers,8,62,23,Rutgers,74,189,39,0,Manto Man - CB,"https://ratings-images-prod.pulse.ea.com/madden-nfl-26/portraits/11069.png?im=FaceCrop,padding=0.7",https://drop-assets.ea.com/images/1nyokQ4GLHKjmDL5IorxkB/29267d1765bd7f27730a007e1b070ec4/8.png,90,84,83,88,59,58,60,43,12,51,54,59,63,81,14,31,58,45,81,72,13,15,50,16,66,16,62,30,30,30,6,56,27,68,70,25,35,35,35,Long Stride Loose,26,62,86,64,32,55,6,6,6,6,25,10,83,28,68
14737,Ethan,Driskell,Right Tackle,RT,Kansas City Chiefs,9,62,25,Marshall,80,313,75,1,Power - OT,"https://ratings-images-prod.pulse.ea.com/madden-nfl-26/portraits/10060.png?im=FaceCrop,padding=0.7",https://drop-assets.ea.com/images/3g9AewmTPjE4A7yc2tobiZ/20b6502896df3893414233cb5fe1b803/9.png,58,69,67,79,87,56,28,37,20,34,26,25,28,52,5,10,25,79,83,33,25,29,36,76,11,10,62,67,63,68,15,22,10,12,31,17,71,67,72,Long Stride Awkward,15,24,64,28,36,34,10,15,20,15,15,19,84,25,10
21683,Garret,Wallow,Mike Backer,MIKE,San Francisco 49ers,15,62,26,TCU,74,230,49,4,Field General - MLB,"https://ratings-images-prod.pulse.ea.com/madden-nfl-26/portraits/1238.png?im=FaceCrop,padding=0.7",https://drop-assets.ea.com/images/1SoIzWJtk28ygwNAPEMRnf/deaee9a60ace23f7eaeaf4275c2282b0/15.png,85,80,79,82,69,68,45,63,12,29,53,36,47,65,6,56,75,69,91,41,26,30,25,15,60,10,62,42,42,43,6,67,52,48,76,25,44,45,45,Default Stride Awkward,20,39,83,35,34,78,6,6,6,6,24,10,84,33,58
22669,J.J.,Russell,Mike Backer,MIKE,Arizona Cardinals,7,62,26,Memphis,73,225,51,3,Run Stopper - MLB,"https://ratings-images-prod.pulse.ea.com/madden-nfl-26/portraits/4918.png?im=FaceCrop,padding=0.7",https://drop-assets.ea.com/images/5NdzvrqrP3clJDBL6kdTmu/1f61914ff14c6f4be0240d71e622f9c6/7.png,87,75,86,84,73,60,64,63,15,55,63,55,58,69,26,48,85,76,91,65,14,15,33,46,54,30,62,47,43,40,7,63,54,46,77,32,49,44,41,Default Stride Loose,35,55,82,54,49,79,6,8,9,8,24,7,84,51,63
13846,J.T.,Gray,Strong Safety,SS,Tampa Bay Buccaneers,6,62,29,Mississippi St.,72,202,48,7,Zone - S,"https://ratings-images-prod.pulse.ea.com/madden-nfl-26/portraits/9786.png?im=FaceCrop,padding=0.7",https://drop-assets.ea.com/images/1L5Fn21WqZN9jcLucGYg4c/ce29db9b9b4775d4e8fc337bf5c65027/6.png,90,81,81,86,65,57,58,54,27,51,58,51,62,79,15,46,76,53,91,66,14,17,60,10,56,20,62,35,35,35,6,54,40,61,80,26,35,35,35,Default Stride Loose,30,62,90,59,61,72,6,6,6,6,31,10,81,54,63
22521,Jack,Cochrane,Sam Backer,SAM,Kansas City Chiefs,9,62,26,South Dakota,75,236,43,3,Run Stopper - OLB,"https://ratings-images-prod.pulse.ea.com/madden-nfl-26/portraits/3015.png?im=FaceCrop,padding=0.7",https://drop-assets.ea.com/images/3g9AewmTPjE4A7yc2tobiZ/20b6502896df3893414233cb5fe1b803/9.png,90,75,92,76,70,51,64,62,34,52,63,54,62,76,39,51,74,67,90,61,15,21,25,38,49,44,62,50,49,45,22,55,45,36,82,45,45,45,45,Default,47,50,84,52,55,78,24,26,29,32,35,21,75,52,62
22636,Jacob,Hummel,Mike Backer,MIKE,Baltimore Ravens,25,62,26,Iowa State,73,235,35,3,Field General - MLB,"https://ratings-images-prod.pulse.ea.com/madden-nfl-26/portraits/4385.png?im=FaceCrop,padding=0.7",https://drop-assets.ea.com/images/3zZnTQ4izXUrnVi3ryTBcm/a12a28ccd2af4c0a0930b58db73552a7/25.png,88,85,78,80,67,64,48,60,17,41,56,55,65,76,14,43,79,67,92,55,15,20,10,31,53,24,62,45,45,45,6,65,45,46,80,21,45,45,45,Default,31,58,87,46,42,76,6,6,6,6,22,15,88,33,59
15112,Jalin,Conyers,Tight End,TE,Miami Dolphins,12,62,24,Texas Tech,76,260,47,0,Vertical Threat - TE,"https://ratings-images-prod.pulse.ea.com/madden-nfl-26/portraits/10525.png?im=FaceCrop,padding=0.7",https://drop-assets.ea.com/images/1rcCzp9f3OyZFzRBRFJVpC/8dc08dce09c05a748587769908cd710c/12.png,85,85,85,81,74,56,58,35,15,63,73,73,75,74,56,15,31,59,88,62,15,17,18,55,15,61,62,58,55,55,6,27,16,15,35,71,59,52,51,Long Stride High and Tight,65,74,81,58,63,37,6,10,15,10,23,10,80,62,19
4781,Jarius,Monroe,Free Safety,FS,NY Jets,18,62,24,Tulane,74,205,25,0,Hybrid - S,,https://drop-assets.ea.com/images/7M46e9acznPLjtJlC7FaWV/ef5cfc9e8306cbdae723a5f7e809b0fd/18.png,89,78,83,88,59,60,63,48,11,50,59,53,63,81,17,35,77,54,89,64,17,18,48,15,66,20,62,35,35,35,6,58,32,66,72,25,35,35,35,Default Stride Loose,25,57,86,58,42,65,6,6,6,6,27,10,88,41,67
15135,Joe,Huber,Left Guard,LG,Minnesota Vikings,31,62,23,Wisconsin,77,310,60,0,Power - G,"https://ratings-images-prod.pulse.ea.com/madden-nfl-26/portraits/10596.png?im=FaceCrop,padding=0.7",https://drop-assets.ea.com/images/bzuWJaOZo5LCC4SwdbVzx/f6dc0006f59641745e50721d0d8c9d38/31.png,70,61,70,75,86,55,13,25,12,9,23,15,22,55,5,10,28,79,83,10,12,11,10,78,11,5,62,69,68,70,6,13,17,10,24,12,68,67,68,Long Stride Awkward,14,14,66,10,16,27,6,6,6,6,14,12,81,30,12
15259,Karene,Reid,Mike Backer,MIKE,Denver Broncos,4,62,25,Utah,72,226,47,0,Field General - MLB,"https://ratings-images-prod.pulse.ea.com/madden-nfl-26/portraits/10703.png?im=FaceCrop,padding=0.7",https://drop-assets.ea.com/images/4AYKY9OcX1CYbyMFBnvM8/ac07a8ff525004f92014e3259708acdf/4.png,89,78,79,86,70,61,47,62,23,35,53,42,51,73,18,52,78,70,86,49,43,47,10,23,56,20,62,45,45,45,6,58,49,49,80,21,45,45,45,Default Stride Loose,22,45,83,44,43,78,6,6,6,6,21,12,87,35,62
22637,Keir,Thomas,Right Edge,REDG,Los Angeles Rams,24,62,27,Florida State,74,275,96,3,Power Rusher - DE,"https://ratings-images-prod.pulse.ea.com/madden-nfl-26/portraits/5104.png?im=FaceCrop,padding=0.7",https://drop-assets.ea.com/images/wS8JnLBEBj9eq68rO1qTb/b7b5285ad842936bc21bb149eb8c31b8/24.png,85,69,75,72,75,52,35,66,12,32,45,31,44,67,5,52,85,80,90,30,12,13,10,29,16,5,62,40,40,40,7,51,72,27,81,14,45,45,45,Default Stride Loose,15,34,77,25,40,74,7,6,6,8,25,7,84,48,24
4785,Keleki,Latu,Tight End,TE,Buffalo Bills,3,62,23,Washington,79,244,83,0,Possession - TE,,https://drop-assets.ea.com/images/212FXcpkDUjs9ZJpZ038pM/676904f80719bc724267b7eb5609c6af/3.png,87,81,74,82,67,62,64,35,13,62,70,73,75,73,51,12,35,61,87,63,14,17,13,55,15,58,62,60,58,62,6,25,11,15,37,64,61,55,59,Default Stride Loose,63,74,76,52,60,32,6,10,15,10,25,10,83,59,17
14802,Kurtis,Rourke,Quarterback,QB,San Francisco 49ers,15,62,24,Indiana,76,220,4,0,Strong Arm - QB,"https://ratings-images-prod.pulse.ea.com/madden-nfl-26/portraits/10713.png?im=FaceCrop,padding=0.7",https://drop-assets.ea.com/images/1SoIzWJtk28ygwNAPEMRnf/deaee9a60ace23f7eaeaf4275c2282b0/15.png,78,75,70,87,67,67,69,30,61,57,59,17,49,72,17,30,30,30,82,52,30,25,23,28,20,18,62,24,34,35,75,48,28,17,24,27,23,33,33,Long Stride Default,18,18,76,51,35,35,73,73,80,74,90,71,81,45,44
21851,Landon,Young,Right Tackle,RT,New Orleans Saints,27,62,28,Kentucky,79,321,67,4,Agile - OT,"https://ratings-images-prod.pulse.ea.com/madden-nfl-26/portraits/1634.png?im=FaceCrop,padding=0.7",https://drop-assets.ea.com/images/5beev0Bk7MVWyDSbEqr75u/837fe770a82d43aa3028a13988d8baf3/27.png,77,60,75,80,90,68,14,36,12,8,22,26,28,43,7,17,35,76,84,13,22,20,10,72,12,13,62,66,64,68,6,21,22,10,33,21,68,70,66,Default Stride Awkward,22,23,66,10,10,32,6,6,12,6,35,10,89,24,12
22467,Luke,Tenuta,Right Tackle,RT,Indianapolis Colts,10,62,26,Virginia Tech,80,314,67,3,Agile - OT,"https://ratings-images-prod.pulse.ea.com/madden-nfl-26/portraits/1972.png?im=FaceCrop,padding=0.7",https://drop-assets.ea.com/images/5yTvAS7xG5Z8qw65gMLzSU/037cfcd90e26ee06666a24d762791f65/10.png,64,60,78,82,81,70,15,57,12,11,35,15,34,55,5,43,47,75,89,10,13,21,10,83,10,5,62,70,74,67,6,42,54,10,51,15,65,66,64,Long Stride Awkward,20,15,59,10,19,49,6,6,6,6,23,8,75,25,12
1272,Maema,Njongmeta,Mike Backer,MIKE,Carolina Panthers,21,62,24,Wisconsin,72,232,55,1,Run Stopper - MLB,"https://ratings-images-prod.pulse.ea.com/madden-nfl-26/portraits/10196.png?im=FaceCrop,padding=0.7",https://drop-assets.ea.com/images/4Klf6KKhbnVi5RaARK1OiL/13a917c75c0fbc4edb0eb018cb757d8d/21.png,84,73,83,78,66,64,27,65,12,23,46,44,53,65,5,44,83,77,90,37,14,18,10,19,52,6,62,45,45,45,6,67,48,49,78,20,45,45,45,Long Stride Loose,10,41,80,30,31,79,6,6,6,6,23,12,85,30,63
1161,Matt,Lee,Center,C,Cincinnati Bengals,2,62,24,Miami,76,310,65,1,Agile - C,"https://ratings-images-prod.pulse.ea.com/madden-nfl-26/portraits/10155.png?im=FaceCrop,padding=0.7",https://drop-assets.ea.com/images/5oemvWKqCFgBCkCI4h9A2U/0629c6d345fe01a14ba9f40554fd182e/2.png,74,53,76,82,82,70,10,39,15,8,34,25,35,55,5,15,29,73,91,10,14,22,10,79,13,8,62,73,68,68,8,24,25,11,35,13,68,72,64,Default Stride Awkward,15,15,71,10,19,31,7,11,12,6,30,5,77,20,12
22913,Michael,Jurgens,Center,C,Minnesota Vikings,31,62,25,Wake Forest,77,307,65,1,Agile - C,"https://ratings-images-prod.pulse.ea.com/madden-nfl-26/portraits/10404.png?im=FaceCrop,padding=0.7",https://drop-assets.ea.com/images/bzuWJaOZo5LCC4SwdbVzx/f6dc0006f59641745e50721d0d8c9d38/31.png,70,67,78,80,80,69,19,20,8,9,20,15,26,54,7,10,29,71,90,13,22,23,10,79,12,11,62,70,68,68,5,17,10,10,26,15,71,74,71,Default Stride Awkward,13,15,58,10,24,30,6,6,6,8,23,8,85,28,15
23348,Nate,Adkins,Tight End,TE,Denver Broncos,4,62,26,South Carolina,75,252,45,2,Possession - TE,"https://ratings-images-prod.pulse.ea.com/madden-nfl-26/portraits/10358.png?im=FaceCrop,padding=0.7",https://drop-assets.ea.com/images/4AYKY9OcX1CYbyMFBnvM8/ac07a8ff525004f92014e3259708acdf/4.png,79,75,77,82,74,52,61,36,22,54,73,76,79,71,49,21,40,69,89,59,19,21,15,60,20,55,62,62,59,61,13,28,24,17,39,59,62,62,63,Long Stride Default,61,78,77,53,56,38,14,20,25,21,28,10,85,61,26
1149,Nick,Samac,Center,C,Carolina Panthers,21,62,24,Michigan St.,76,307,60,1,Power - C,"https://ratings-images-prod.pulse.ea.com/madden-nfl-26/portraits/10240.png?im=FaceCrop,padding=0.7",https://drop-assets.ea.com/images/4Klf6KKhbnVi5RaARK1OiL/13a917c75c0fbc4edb0eb018cb757d8d/21.png,72,64,63,81,84,70,32,34,11,30,35,22,24,54,5,31,44,77,87,21,13,21,10,78,14,5,62,66,68,67,10,46,41,10,33,11,70,71,69,Default Stride Awkward,10,27,65,15,25,42,15,14,21,11,24,15,88,35,18
15340,Sebastian,Castro,Free Safety,FS,Pittsburgh Steelers,29,62,24,Iowa,71,203,49,0,Zone - S,"https://ratings-images-prod.pulse.ea.com/madden-nfl-26/portraits/10518.png?im=FaceCrop,padding=0.7",https://drop-assets.ea.com/images/4k4tkEjxICBzmTan96wMKZ/1d5d9145ace8a359ac5423c8c3e5e2d8/29.png,90,80,78,88,59,60,63,48,27,53,64,55,64,81,19,34,75,54,88,64,18,19,54,25,64,18,62,35,35,35,19,58,31,63,71,27,35,35,35,Default Stride Loose,27,59,86,56,46,63,19,22,25,25,34,26,87,47,68
23016,Shaka,Heyward,Weak Backer,WILL,Cincinnati Bengals,2,62,25,Duke,75,238,50,2,Run Stopper - OLB,"https://ratings-images-prod.pulse.ea.com/madden-nfl-26/portraits/2205.png?im=FaceCrop,padding=0.7",https://drop-assets.ea.com/images/5oemvWKqCFgBCkCI4h9A2U/0629c6d345fe01a14ba9f40554fd182e/2.png,89,73,76,78,74,57,44,65,12,32,52,50,51,73,6,42,77,77,88,31,12,15,15,15,54,12,62,45,45,45,6,53,55,43,77,12,45,45,45,Short Stride Default,22,51,88,24,27,77,5,6,10,7,22,10,84,40,60
21505,Tarron,Jackson,Left Edge,LEDG,San Francisco 49ers,15,62,27,Coastal Carolina,74,254,56,4,Run Stopper - DE,"https://ratings-images-prod.pulse.ea.com/madden-nfl-26/portraits/876.png?im=FaceCrop,padding=0.7",https://drop-assets.ea.com/images/1SoIzWJtk28ygwNAPEMRnf/deaee9a60ace23f7eaeaf4275c2282b0/15.png,79,71,73,74,77,61,37,69,12,21,38,30,41,67,13,65,75,80,90,36,11,19,10,20,24,17,62,45,45,45,6,62,61,22,76,18,45,45,45,Long Stride Loose,23,32,81,38,35,75,6,6,6,6,25,15,81,32,38
22605,Tre,Avery,Cornerback,CB,Cleveland Browns,5,62,28,Rutgers,71,181,28,3,Zone - CB,"https://ratings-images-prod.pulse.ea.com/madden-nfl-26/portraits/2760.png?im=FaceCrop,padding=0.7",https://drop-assets.ea.com/images/4qbblHggBjaH9o46kyGeFo/27cab0f308b54edbd469e9b20cb506f7/5.png,92,91,90,82,60,54,72,35,17,67,53,56,68,94,25,31,55,35,87,77,11,13,64,14,62,30,62,35,35,35,6,53,25,54,65,25,35,35,35,Default Stride Loose,35,64,91,70,26,44,6,6,6,6,24,10,73,28,67
22509,Tristin,McCollum,Free Safety,FS,Las Vegas Raiders,23,62,26,Sam Houston,75,195,27,3,Hybrid - S,"https://ratings-images-prod.pulse.ea.com/madden-nfl-26/portraits/4700.png?im=FaceCrop,padding=0.7",https://drop-assets.ea.com/images/5ZrNmFWgR1vnwTOdqVmwYy/fe13aa7566120fb59130404e168c59ca/23.png,93,92,89,83,57,51,72,47,32,63,61,57,65,90,19,35,62,50,89,75,14,15,45,18,65,24,62,29,29,29,15,50,29,62,73,25,33,33,33,Default Stride Loose,28,63,90,65,47,60,8,10,15,21,26,13,76,42,67
22616,Andre,Baccellia,Wide Receiver,WR,Arizona Cardinals,7,61,28,Washington,70,180,82,4,,"https://ratings-images-prod.pulse.ea.com/madden-nfl-26/portraits/2788.png?im=FaceCrop,padding=0.7",https://drop-assets.ea.com/images/5NdzvrqrP3clJDBL6kdTmu/1f61914ff14c6f4be0240d71e622f9c6/7.png,95,86,89,79,51,55,75,16,22,58,62,70,72,88,60,10,15,29,84,77,14,17,76,19,18,59,61,30,19,20,12,24,10,10,24,54,29,23,22,Short Stride Loose,61,70,94,70,30,20,14,19,29,23,36,11,67,29,20
23360,Brady,Russell,Tight End,TE,Seattle Seahawks,28,61,27,Colorado,75,247,38,2,Vertical Threat - TE,"https://ratings-images-prod.pulse.ea.com/madden-nfl-26/portraits/10439.png?im=FaceCrop,padding=0.7",https://drop-assets.ea.com/images/2WrGCB8Atuo0aZ4MbstBrI/bbe9263ce111287adcef479efbc72160/28.png,83,75,83,82,71,62,75,44,21,59,74,76,75,73,55,29,39,63,88,66,11,14,33,55,13,59,61,55,49,51,15,40,41,15,45,64,58,56,53,Default Stride High and Tight,57,74,80,63,63,41,7,10,19,16,24,12,87,62,16
15157,Brandon,Crenshaw-Dickson,Right Tackle,RT,Tennessee Titans,30,61,24,Florida,79,316,78,0,Agile - OT,"https://ratings-images-prod.pulse.ea.com/madden-nfl-26/portraits/10531.png?im=FaceCrop,padding=0.7",https://drop-assets.ea.com/images/2YxvlDMaJsJwNQ4lS7qdCQ/d850f60dcbdcd71fb162eb55a46c7969/30.png,63,60,63,82,86,59,27,24,28,12,25,16,19,54,5,10,25,78,88,10,11,16,10,79,11,5,61,69,70,68,6,14,13,10,23,12,67,69,67,Long Stride Awkward,17,18,61,10,13,25,6,6,8,6,12,14,83,25,15
1442,Cam,Grandy,Tight End,TE,Cincinnati Bengals,2,61,24,Illinois St.,77,253,85,1,Possession - TE,"https://ratings-images-prod.pulse.ea.com/madden-nfl-26/portraits/10902.png?im=FaceCrop,padding=0.7",https://drop-assets.ea.com/images/5oemvWKqCFgBCkCI4h9A2U/0629c6d345fe01a14ba9f40554fd182e/2.png,84,72,73,78,77,53,76,29,21,68,73,77,78,67,47,16,32,63,88,66,22,24,35,56,18,53,61,60,55,60,5,32,14,25,32,65,60,59,57,Long Stride Default,59,77,76,60,69,38,6,10,13,10,23,6,85,69,25
1381,Colson,Yankoff,Tight End,TE,Washington Commanders,26,61,25,UCLA,76,225,80,1,Vertical Threat - TE,"https://ratings-images-prod.pulse.ea.com/madden-nfl-26/portraits/10996.png?im=FaceCrop,padding=0.7",https://drop-assets.ea.com/images/42h6FyIuthDAiH4cTWUXRH/bb952a9252013b5bfdf77ac3f4011601/RatingsteamcrestWashingtonCommanders256.png,88,83,81,80,71,69,66,40,53,56,71,72,73,79,50,21,38,58,88,62,17,16,10,51,12,53,61,54,55,53,55,17,16,18,34,62,56,56,52,Long Stride Default,58,70,85,56,62,41,42,45,53,53,59,51,80,63,21
12735,Dan,Skipper,Right Tackle,RT,Detroit Lions,19,61,30,Arkansas,81,330,70,8,Power - OT,"https://ratings-images-prod.pulse.ea.com/madden-nfl-26/portraits/8727.png?im=FaceCrop,padding=0.7",https://drop-assets.ea.com/images/7cuE4tZcli1uQyZbvXWMrd/a2df9decdab28170691ca6631dd62139/19.png,63,56,66,81,82,73,30,35,12,14,37,29,42,47,18,18,31,79,89,24,19,19,10,75,11,24,61,66,65,69,6,18,24,10,33,21,68,71,66,Default Stride Awkward,33,34,70,18,37,36,6,6,6,6,22,11,93,42,15
4697,Esa,Pole,Left Tackle,LT,Kansas City Chiefs,9,61,24,Wash. St.,79,319,79,0,Power - OT,"https://ratings-images-prod.pulse.ea.com/madden-nfl-26/portraits/11011.png?im=FaceCrop,padding=0.7",https://drop-assets.ea.com/images/3g9AewmTPjE4A7yc2tobiZ/20b6502896df3893414233cb5fe1b803/9.png,65,52,72,82,83,57,17,25,12,6,24,24,27,57,5,10,25,78,87,11,13,12,10,74,11,5,61,70,68,71,6,13,14,10,25,16,70,71,69,Long Stride Awkward,16,19,63,12,15,25,6,6,6,6,17,11,84,27,12
15261,Jay,Higgins IV,Mike Backer,MIKE,Baltimore Ravens,25,61,23,Iowa,72,224,49,0,Field General - MLB,"https://ratings-images-prod.pulse.ea.com/madden-nfl-26/portraits/10586.png?im=FaceCrop,padding=0.7",https://drop-assets.ea.com/images/3zZnTQ4izXUrnVi3ryTBcm/a12a28ccd2af4c0a0930b58db73552a7/25.png,84,83,80,88,68,62,45,63,22,31,56,41,53,76,22,51,80,73,88,51,19,23,10,24,53,25,61,45,45,45,6,60,53,42,78,26,45,45,45,Default Stride Loose,28,51,78,43,41,79,6,6,6,6,23,12,87,42,61
17568,Jeff,Driskel,Quarterback,QB,Washington Commanders,26,61,32,LA. Tech,76,235,7,8,Scrambler - QB,"https://ratings-images-prod.pulse.ea.com/madden-nfl-26/portraits/7986.png?im=FaceCrop,padding=0.7",https://drop-assets.ea.com/images/42h6FyIuthDAiH4cTWUXRH/bb952a9252013b5bfdf77ac3f4011601/RatingsteamcrestWashingtonCommanders256.png,86,79,76,72,70,55,84,21,88,73,69,65,72,76,47,9,11,54,84,72,20,21,11,46,12,54,61,50,50,47,75,21,9,9,28,58,53,53,50,Default,60,67,85,61,54,24,64,67,74,75,84,77,85,62,18
4778,Jeremiah,Byers,Right Tackle,RT,Cleveland Browns,5,61,24,Florida State,76,320,63,0,Power - OT,,https://drop-assets.ea.com/images/4qbblHggBjaH9o46kyGeFo/27cab0f308b54edbd469e9b20cb506f7/5.png,71,54,73,82,81,60,12,28,13,9,22,15,22,53,5,10,24,79,88,10,14,13,10,78,11,5,61,68,67,68,6,15,12,10,27,13,70,68,69,Default Stride Awkward,12,13,65,10,11,28,6,6,6,6,16,11,80,23,12
21367,John,Wolford,Quarterback,QB,Minnesota Vikings,31,61,29,Wake Forest,73,200,5,5,Scrambler - QB,"https://ratings-images-prod.pulse.ea.com/madden-nfl-26/portraits/740.png?im=FaceCrop,padding=0.7",https://drop-assets.ea.com/images/bzuWJaOZo5LCC4SwdbVzx/f6dc0006f59641745e50721d0d8c9d38/31.png,78,83,76,78,55,67,80,30,66,63,64,30,38,81,20,20,29,33,88,63,18,20,30,18,20,25,61,17,18,14,72,20,24,29,28,23,19,12,16,Default Stride Bread Loaf,31,35,80,53,37,37,68,74,80,77,83,75,89,48,26
28334,Josh,Johnson,Quarterback,QB,Washington Commanders,26,61,39,San Diego,75,198,14,16,Scrambler - QB,"https://ratings-images-prod.pulse.ea.com/madden-nfl-26/portraits/1681.png?im=FaceCrop,padding=0.7",https://drop-assets.ea.com/images/42h6FyIuthDAiH4cTWUXRH/bb952a9252013b5bfdf77ac3f4011601/RatingsteamcrestWashingtonCommanders256.png,81,81,81,72,53,64,77,24,71,61,60,41,54,74,19,10,12,30,91,68,25,25,10,20,15,25,61,15,15,25,66,15,10,10,20,43,15,20,30,Default Stride Loose,32,34,80,74,30,30,67,70,80,79,84,75,70,24,20
22000,Kemon,Hall,Cornerback,CB,Tennessee Titans,30,61,28,North Texas,71,190,40,5,Manto Man - CB,"https://ratings-images-prod.pulse.ea.com/madden-nfl-26/portraits/881.png?im=FaceCrop,padding=0.7",https://drop-assets.ea.com/images/2YxvlDMaJsJwNQ4lS7qdCQ/d850f60dcbdcd71fb162eb55a46c7969/30.png,88,79,84,87,58,58,75,44,15,59,53,63,71,76,10,33,44,45,88,80,10,11,50,15,64,10,61,35,35,35,6,62,31,68,69,24,35,35,35,Short Stride Loose,10,67,87,72,30,55,6,6,6,6,25,10,68,26,66
20842,Matt,Orzech,Long Snapper,LS,Green Bay Packers,20,61,30,Azusa Pacific,75,245,42,6,Accurate - LS,"https://ratings-images-prod.pulse.ea.com/madden-nfl-26/portraits/1496.png?im=FaceCrop,padding=0.7",https://drop-assets.ea.com/images/4ztQk5XogdkrJe6reVd3h8/16ecf8a0f4caf228c6e54ad0f8e17425/20.png,77,76,84,77,73,59,43,40,10,15,64,44,56,71,25,10,61,71,88,37,14,11,10,54,15,30,61,50,40,50,10,37,10,25,45,41,43,35,40,Default Stride Awkward,35,45,78,25,45,44,10,10,10,10,26,10,88,29,25
13834,Nick,Mullens,Quarterback,QB,Jacksonville Jaguars,17,61,30,Southern Miss,72,210,14,8,Field General - QB,"https://ratings-images-prod.pulse.ea.com/madden-nfl-26/portraits/9870.png?im=FaceCrop,padding=0.7",https://drop-assets.ea.com/images/4s3Xa9huMY7IrNAc9h1TDa/9eb764bbfbbb6a2f651e3d44cdcfa103/17.png,79,71,76,77,57,60,58,29,52,49,57,25,34,71,10,26,28,38,85,57,13,18,10,28,15,16,61,16,15,25,79,15,10,10,19,24,28,20,20,Default Stride Loose,21,32,74,58,50,26,76,76,82,78,84,75,95,42,20
21044,Patrick,Taylor Jr,Halfback,HB,San Francisco 49ers,15,61,27,Memphis,74,217,32,5,Elusive Back - HB,"https://ratings-images-prod.pulse.ea.com/madden-nfl-26/portraits/609.png?im=FaceCrop,padding=0.7",https://drop-assets.ea.com/images/1SoIzWJtk28ygwNAPEMRnf/deaee9a60ace23f7eaeaf4275c2282b0/15.png,89,77,82,79,67,68,72,35,22,78,87,54,67,76,43,21,46,43,85,74,16,20,63,37,14,51,61,43,38,37,23,29,24,15,36,48,39,40,39,Long Stride High and Tight,59,54,87,69,70,37,16,21,24,24,26,17,78,76,15
22009,Sam,Kamara,Defensive Tackle,DT,Cleveland Browns,5,61,27,Stony Brook,73,272,92,4,,"https://ratings-images-prod.pulse.ea.com/madden-nfl-26/portraits/938.png?im=FaceCrop,padding=0.7",https://drop-assets.ea.com/images/4qbblHggBjaH9o46kyGeFo/27cab0f308b54edbd469e9b20cb506f7/5.png,68,70,72,74,78,60,35,72,12,23,45,23,38,65,5,59,80,79,88,25,26,30,10,35,29,5,61,45,45,45,6,58,71,45,76,15,45,45,45,Default Stride Loose,10,27,72,20,48,75,6,6,6,6,16,18,82,56,34
23368,Tommy,DeVito,Quarterback,QB,New England Patriots,22,61,27,Illinois,74,210,16,2,Scrambler - QB,"https://ratings-images-prod.pulse.ea.com/madden-nfl-26/portraits/10382.png?im=FaceCrop,padding=0.7",https://drop-assets.ea.com/images/6Z0rWjQfkWgvj8K58X0WfA/aaaaa7e6c313bdfc5e624309ba6dfc4e/22.png,87,82,80,75,62,63,76,14,69,57,65,13,32,80,11,10,20,23,91,66,21,22,10,17,10,14,61,10,10,10,75,20,10,9,26,10,12,12,12,Default Stride Loose,15,15,84,63,72,21,71,74,80,76,83,73,84,45,10
15151,Torricelli,Simpkins III,Right Guard,RG,New Orleans Saints,27,61,23,South Carolina,77,312,68,0,Power - G,"https://ratings-images-prod.pulse.ea.com/madden-nfl-26/portraits/10731.png?im=FaceCrop,padding=0.7",https://drop-assets.ea.com/images/5beev0Bk7MVWyDSbEqr75u/837fe770a82d43aa3028a13988d8baf3/27.png,66,41,72,81,78,61,15,26,15,9,24,16,24,51,5,10,24,77,88,10,14,13,10,79,12,5,61,68,67,69,6,13,17,10,23,14,70,68,70,Default Stride High and Tight,11,15,57,10,18,26,6,6,6,6,13,14,85,29,13
22845,Travis,Vokolek,Tight End,TE,Arizona Cardinals,7,61,27,Nebraska,78,260,81,2,Possession - TE,"https://ratings-images-prod.pulse.ea.com/madden-nfl-26/portraits/2444.png?im=FaceCrop,padding=0.7",https://drop-assets.ea.com/images/5NdzvrqrP3clJDBL6kdTmu/1f61914ff14c6f4be0240d71e622f9c6/7.png,79,76,76,76,76,63,67,49,21,52,71,76,74,72,47,36,52,62,86,65,22,24,35,55,28,54,61,59,54,60,5,45,44,35,52,66,63,58,62,Long Stride High and Tight,59,70,77,60,68,48,6,10,13,10,23,6,83,64,35
15148,Xavier,Truss,Right Tackle,RT,New Orleans Saints,27,61,24,Georgia,79,309,74,0,Power - OT,"https://ratings-images-prod.pulse.ea.com/madden-nfl-26/portraits/10759.png?im=FaceCrop,padding=0.7",https://drop-assets.ea.com/images/5beev0Bk7MVWyDSbEqr75u/837fe770a82d43aa3028a13988d8baf3/27.png,68,57,66,80,88,57,11,27,13,9,21,13,23,47,5,10,23,78,86,10,12,14,10,77,11,5,61,68,65,68,6,15,16,10,22,11,69,66,69,Long Stride Awkward,11,13,64,10,17,27,6,6,6,6,14,12,84,31,12
4700,Amari,Kight,Left Tackle,LT,Seattle Seahawks,28,60,24,UCF,77,299,79,0,Agile - OT,"https://ratings-images-prod.pulse.ea.com/madden-nfl-26/portraits/11009.png?im=FaceCrop,padding=0.7",https://drop-assets.ea.com/images/2WrGCB8Atuo0aZ4MbstBrI/bbe9263ce111287adcef479efbc72160/28.png,64,48,71,82,78,59,14,23,12,10,25,14,22,47,5,10,25,77,85,10,13,14,10,76,11,5,60,71,73,71,6,14,19,10,25,12,68,69,68,Default Stride Awkward,13,12,64,10,16,23,6,6,6,6,13,10,79,23,11
4713,Benjamin,Chukwuma,Right Tackle,RT,Tampa Bay Buccaneers,6,60,24,Georgia State,78,310,70,0,Power - OT,"https://ratings-images-prod.pulse.ea.com/madden-nfl-26/portraits/11068.png?im=FaceCrop,padding=0.7",https://drop-assets.ea.com/images/1L5Fn21WqZN9jcLucGYg4c/ce29db9b9b4775d4e8fc337bf5c65027/6.png,66,52,62,82,82,57,15,26,12,15,25,16,22,46,5,10,25,78,88,10,11,15,10,78,10,5,60,69,66,69,6,15,14,10,25,12,68,67,68,Long Stride Awkward,16,13,61,10,11,24,6,6,6,6,12,10,82,25,12
4607,Cam,Miller,Quarterback,QB,Miami Dolphins,12,60,24,North Dakota St.,73,210,15,0,Field General - QB,"https://ratings-images-prod.pulse.ea.com/madden-nfl-26/portraits/10942.png?im=FaceCrop,padding=0.7",https://drop-assets.ea.com/images/1rcCzp9f3OyZFzRBRFJVpC/8dc08dce09c05a748587769908cd710c/12.png,78,83,78,93,64,53,77,28,53,62,60,22,30,80,15,10,25,32,95,61,26,30,10,26,10,19,60,16,10,12,78,15,10,10,33,15,29,10,15,Default,19,25,78,53,43,32,78,77,82,79,85,75,95,43,12
4708,Corey,Bullock,Center,C,Baltimore Ravens,25,60,23,Maryland,75,320,67,1,Power - C,"https://ratings-images-prod.pulse.ea.com/madden-nfl-26/portraits/11105.png?im=FaceCrop,padding=0.7",https://drop-assets.ea.com/images/3zZnTQ4izXUrnVi3ryTBcm/a12a28ccd2af4c0a0930b58db73552a7/25.png,65,61,69,82,85,58,17,23,12,9,25,13,25,54,5,12,23,81,88,10,13,12,10,78,12,9,60,67,66,68,6,12,15,10,27,12,70,67,71,Default Stride Awkward,10,11,62,10,17,26,6,6,6,6,12,15,82,25,13
1374,Evan,Deckers,Long Snapper,LS,Tampa Bay Buccaneers,6,60,26,Duke,75,252,86,2,Power - LS,"https://ratings-images-prod.pulse.ea.com/madden-nfl-26/portraits/10889.png?im=FaceCrop,padding=0.7",https://drop-assets.ea.com/images/1L5Fn21WqZN9jcLucGYg4c/ce29db9b9b4775d4e8fc337bf5c65027/6.png,62,56,70,79,62,55,39,41,10,20,65,62,67,63,24,10,12,54,93,45,18,29,10,43,14,38,60,50,45,55,6,34,10,32,24,33,44,34,39,Default,43,60,67,35,40,39,6,6,6,6,35,10,82,46,23
14803,Graham,Mertz,Quarterback,QB,Houston Texans,32,60,24,Florida,75,212,18,0,Field General - QB,"https://ratings-images-prod.pulse.ea.com/madden-nfl-26/portraits/10661.png?im=FaceCrop,padding=0.7",https://drop-assets.ea.com/images/4rWKgLRDGADEZ3pTbdrpW0/793a695de8ea5caf8f2e1b3973ae1b61/32.png,75,78,65,83,60,52,53,18,58,54,55,23,27,77,18,24,19,26,84,46,18,32,21,26,17,16,60,28,31,27,80,35,15,18,18,25,22,30,27,Long Stride Default,22,24,77,40,28,21,72,78,84,73,86,79,83,35,21
2605,Joe,Cardona,Long Snapper,LS,Miami Dolphins,12,60,33,Navy,75,245,49,10,Accurate - LS,"https://ratings-images-prod.pulse.ea.com/madden-nfl-26/portraits/7040.png?im=FaceCrop,padding=0.7",https://drop-assets.ea.com/images/1rcCzp9f3OyZFzRBRFJVpC/8dc08dce09c05a748587769908cd710c/12.png,73,69,80,69,80,48,35,40,10,15,70,44,56,61,25,10,61,69,94,25,14,11,10,53,15,30,60,57,40,50,10,24,10,25,35,42,45,35,40,Default Stride Awkward,35,45,75,25,45,44,10,10,10,10,35,10,88,29,25
4628,Johnny,Walker Jr,Weak Backer,WILL,Denver Broncos,4,60,23,Missouri,75,250,59,0,Run Stopper - OLB,"https://ratings-images-prod.pulse.ea.com/madden-nfl-26/portraits/11003.png?im=FaceCrop,padding=0.7",https://drop-assets.ea.com/images/4AYKY9OcX1CYbyMFBnvM8/ac07a8ff525004f92014e3259708acdf/4.png,78,61,78,85,73,62,45,64,23,41,59,43,52,65,22,52,79,72,86,51,16,18,10,24,54,25,60,45,45,45,6,59,49,45,78,26,45,45,45,Default Stride Loose,28,46,78,45,42,78,6,6,6,6,22,12,87,45,60
4675,Keondre,Jackson,Free Safety,FS,Baltimore Ravens,25,60,23,Illinois St.,74,207,39,0,Hybrid - S,"https://ratings-images-prod.pulse.ea.com/madden-nfl-26/portraits/11124.png?im=FaceCrop,padding=0.7",https://drop-assets.ea.com/images/3zZnTQ4izXUrnVi3ryTBcm/a12a28ccd2af4c0a0930b58db73552a7/25.png,83,86,85,88,65,57,62,45,14,51,60,61,64,82,18,36,61,53,89,75,16,15,51,15,69,23,60,30,30,30,6,60,30,72,68,24,35,35,35,Default Stride Loose,30,64,83,62,33,57,6,6,6,6,28,10,84,29,65
13691,Kyle,Allen,Quarterback,QB,Detroit Lions,19,60,29,Houston,75,210,8,7,Field General - QB,"https://ratings-images-prod.pulse.ea.com/madden-nfl-26/portraits/9699.png?im=FaceCrop,padding=0.7",https://drop-assets.ea.com/images/7cuE4tZcli1uQyZbvXWMrd/a2df9decdab28170691ca6631dd62139/19.png,77,74,71,71,53,62,52,21,60,33,56,18,24,76,15,9,11,22,89,49,15,18,11,12,12,17,60,17,18,14,74,21,9,9,28,19,16,10,10,Default Stride Loose,18,20,81,70,42,28,76,75,82,74,84,73,84,27,18
22117,Lecitus,Smith,Center,C,Green Bay Packers,20,60,27,Virginia Tech,75,314,68,3,Agile - C,"https://ratings-images-prod.pulse.ea.com/madden-nfl-26/portraits/1945.png?im=FaceCrop,padding=0.7",https://drop-assets.ea.com/images/4ztQk5XogdkrJe6reVd3h8/16ecf8a0f4caf228c6e54ad0f8e17425/20.png,71,53,65,80,83,68,32,25,11,33,44,34,37,53,24,10,23,84,90,26,15,17,10,79,10,27,60,65,64,67,6,22,10,10,29,36,68,71,65,Default Stride Awkward,32,33,66,23,35,22,6,6,6,6,19,10,79,37,10
4729,Nick,Kallerup,Tight End,TE,Seattle Seahawks,28,60,24,Minnesota,77,266,89,0,Possession - TE,"https://ratings-images-prod.pulse.ea.com/madden-nfl-26/portraits/11086.png?im=FaceCrop,padding=0.7",https://drop-assets.ea.com/images/2WrGCB8Atuo0aZ4MbstBrI/bbe9263ce111287adcef479efbc72160/28.png,83,65,81,81,72,62,62,26,11,48,69,76,73,64,45,17,35,70,92,56,19,21,15,63,14,50,60,58,55,57,16,20,17,15,30,58,66,66,64,Long Stride Default,57,76,81,49,53,31,11,20,25,12,30,10,85,59,18
13723,Trent,Scott,Left Tackle,LT,Washington Commanders,26,60,31,Grambling St.,77,320,73,7,Power - OT,"https://ratings-images-prod.pulse.ea.com/madden-nfl-26/portraits/9912.png?im=FaceCrop,padding=0.7",https://drop-assets.ea.com/images/42h6FyIuthDAiH4cTWUXRH/bb952a9252013b5bfdf77ac3f4011601/RatingsteamcrestWashingtonCommanders256.png,58,53,66,83,80,65,12,28,12,7,32,15,27,44,5,20,24,78,90,11,19,18,9,76,11,5,60,67,67,68,6,19,26,10,29,16,67,62,70,Default Stride Awkward,14,15,68,12,15,28,6,6,6,6,22,11,88,20,14
4740,Zaire,Mitchell-Paden,Tight End,TE,New Orleans Saints,27,60,26,FAU,77,257,84,0,Possession - TE,"https://ratings-images-prod.pulse.ea.com/madden-nfl-26/portraits/11092.png?im=FaceCrop,padding=0.7",https://drop-assets.ea.com/images/5beev0Bk7MVWyDSbEqr75u/837fe770a82d43aa3028a13988d8baf3/27.png,81,75,83,80,75,63,63,33,18,53,70,72,74,69,50,12,33,63,87,59,15,20,14,56,17,57,60,56,55,58,6,23,11,15,34,62,60,59,57,Long Stride High and Tight,62,74,76,50,59,37,6,10,15,10,24,10,82,63,19
21905,Amen,Ogbongbemiga,Weak Backer,WILL,Chicago Bears,1,59,26,Oklahoma St.,73,226,45,4,Run Stopper - OLB,"https://ratings-images-prod.pulse.ea.com/madden-nfl-26/portraits/1001.png?im=FaceCrop,padding=0.7",https://drop-assets.ea.com/images/6jaEsYrn1V45DziwibpsDk/ed66ad67e63f08a3a7c25ce951dbf5b9/1.png,86,73,78,85,68,58,37,62,12,32,48,36,46,73,5,53,75,66,89,62,25,29,10,27,41,8,59,45,45,45,6,63,57,43,80,25,45,45,45,Default Stride Awkward,15,44,83,48,46,73,6,6,6,6,17,13,87,45,46
21985,Caleb,Johnson,Mike Backer,MIKE,Miami Dolphins,12,59,27,Houston Baptist,74,227,51,4,Pass Coverage - MLB,"https://ratings-images-prod.pulse.ea.com/madden-nfl-26/portraits/919.png?im=FaceCrop,padding=0.7",https://drop-assets.ea.com/images/1rcCzp9f3OyZFzRBRFJVpC/8dc08dce09c05a748587769908cd710c/12.png,84,78,89,84,67,56,57,55,10,36,57,54,63,76,13,54,72,65,87,60,17,20,35,10,57,18,59,35,35,35,6,58,42,66,76,23,35,35,35,Default Stride Loose,22,55,81,52,36,77,6,6,6,6,30,11,67,29,65
4666,Carter,Runyon,Tight End,TE,Las Vegas Raiders,23,59,24,Towson,77,243,46,0,Vertical Threat - TE,"https://ratings-images-prod.pulse.ea.com/madden-nfl-26/portraits/11039.png?im=FaceCrop,padding=0.7",https://drop-assets.ea.com/images/5ZrNmFWgR1vnwTOdqVmwYy/fe13aa7566120fb59130404e168c59ca/23.png,81,77,87,81,74,60,65,38,15,61,71,70,75,77,49,15,32,60,86,64,11,17,13,53,12,54,59,58,56,59,6,26,14,14,36,60,59,53,53,Long Stride Default,60,71,85,52,58,35,6,10,15,10,24,10,80,64,18
21907,Curtis,Robinson,Weak Backer,WILL,San Francisco 49ers,15,59,27,Stanford,75,235,59,4,Run Stopper - OLB,"https://ratings-images-prod.pulse.ea.com/madden-nfl-26/portraits/1039.png?im=FaceCrop,padding=0.7",https://drop-assets.ea.com/images/1SoIzWJtk28ygwNAPEMRnf/deaee9a60ace23f7eaeaf4275c2282b0/15.png,85,83,89,79,74,57,40,59,12,29,56,47,51,77,5,44,75,67,88,42,17,18,10,18,45,5,59,45,45,45,6,55,43,52,74,12,45,45,45,Default Stride Loose,15,49,85,40,36,77,6,6,6,6,24,10,76,40,58
15187,Jared,Ivey,Left Edge,LEDG,Seattle Seahawks,28,59,23,Ole Miss,78,274,51,0,Run Stopper - DE,"https://ratings-images-prod.pulse.ea.com/madden-nfl-26/portraits/10602.png?im=FaceCrop,padding=0.7",https://drop-assets.ea.com/images/2WrGCB8Atuo0aZ4MbstBrI/bbe9263ce111287adcef479efbc72160/28.png,66,66,75,78,74,60,32,72,12,21,34,20,35,58,5,71,77,77,87,34,13,15,10,20,36,7,59,45,45,45,6,58,64,32,79,15,45,45,45,Default Stride Awkward,15,21,67,28,33,76,6,6,6,6,20,10,84,31,46
14792,Max,Brosmer,Quarterback,QB,Minnesota Vikings,31,59,24,Minnesota,74,218,12,0,Strong Arm - QB,"https://ratings-images-prod.pulse.ea.com/madden-nfl-26/portraits/10501.png?im=FaceCrop,padding=0.7",https://drop-assets.ea.com/images/bzuWJaOZo5LCC4SwdbVzx/f6dc0006f59641745e50721d0d8c9d38/31.png,80,77,71,84,70,51,60,36,68,67,55,18,31,75,13,33,29,28,87,63,33,25,20,30,18,15,59,39,27,27,76,33,34,15,42,25,20,20,22,Default,18,16,79,57,44,32,72,78,77,75,87,73,86,49,14
23379,Tucker,Fisk,Tight End,TE,Los Angeles Chargers,8,59,26,Stanford,76,285,42,3,Blocking - TE,"https://ratings-images-prod.pulse.ea.com/madden-nfl-26/portraits/10897.png?im=FaceCrop,padding=0.7",https://drop-assets.ea.com/images/1nyokQ4GLHKjmDL5IorxkB/29267d1765bd7f27730a007e1b070ec4/8.png,69,73,75,78,79,57,65,59,15,47,73,70,68,61,41,49,64,70,90,60,12,22,25,59,12,50,59,60,56,64,7,49,57,15,65,63,67,60,63,Default Stride Awkward,56,66,65,55,69,58,7,9,15,10,24,7,87,66,15
22900,Tyson,Bagent,Quarterback,QB,Chicago Bears,1,59,25,Shepherd Univ.,75,212,17,2,Scrambler - QB,"https://ratings-images-prod.pulse.ea.com/madden-nfl-26/portraits/4849.png?im=FaceCrop,padding=0.7",https://drop-assets.ea.com/images/6jaEsYrn1V45DziwibpsDk/ed66ad67e63f08a3a7c25ce951dbf5b9/1.png,86,85,84,76,59,60,62,20,66,39,60,10,25,77,10,10,14,23,90,45,26,32,10,14,11,10,59,19,19,14,76,15,10,10,26,12,19,15,15,Long Stride Default,10,14,79,26,27,20,68,72,79,75,86,74,87,26,14
4707,Will,Putnam,Center,C,Las Vegas Raiders,23,59,25,Clemson,76,301,67,1,Power - C,,https://drop-assets.ea.com/images/5ZrNmFWgR1vnwTOdqVmwYy/fe13aa7566120fb59130404e168c59ca/23.png,69,56,67,84,86,58,10,26,12,9,25,19,24,58,5,10,18,78,87,10,15,15,10,78,10,5,59,68,67,68,6,19,10,10,26,15,69,68,69,Default Stride Awkward,13,15,62,10,10,12,6,6,6,6,14,10,85,24,10
21930,Will,Sherman,Right Guard,RG,New Orleans Saints,27,59,26,Colorado,76,300,66,4,Power - G,"https://ratings-images-prod.pulse.ea.com/madden-nfl-26/portraits/1626.png?im=FaceCrop,padding=0.7",https://drop-assets.ea.com/images/5beev0Bk7MVWyDSbEqr75u/837fe770a82d43aa3028a13988d8baf3/27.png,63,60,66,79,81,66,15,31,12,12,25,10,31,43,5,30,25,84,90,20,17,12,10,74,11,5,59,62,59,64,6,15,30,10,23,15,64,61,67,Long Stride Awkward,10,15,65,25,17,36,6,6,6,6,12,14,75,24,12
13711,Ezekiel,Turner,Weak Backer,WILL,Detroit Lions,19,58,29,Washington,74,214,47,7,Pass Coverage - OLB,"https://ratings-images-prod.pulse.ea.com/madden-nfl-26/portraits/9947.png?im=FaceCrop,padding=0.7",https://drop-assets.ea.com/images/7cuE4tZcli1uQyZbvXWMrd/a2df9decdab28170691ca6631dd62139/19.png,88,82,75,83,63,58,58,51,15,40,61,48,61,72,21,38,71,67,86,60,14,16,35,20,59,26,58,35,35,35,6,55,31,62,73,19,35,35,35,Default,29,60,86,57,52,70,6,6,6,6,25,13,80,31,65
14742,Kingsley,Eguakun,Center,C,Cleveland Browns,5,58,24,Florida,76,304,65,1,Agile - C,"https://ratings-images-prod.pulse.ea.com/madden-nfl-26/portraits/10064.png?im=FaceCrop,padding=0.7",https://drop-assets.ea.com/images/4qbblHggBjaH9o46kyGeFo/27cab0f308b54edbd469e9b20cb506f7/5.png,68,65,78,80,84,60,26,29,19,31,34,33,40,64,37,10,36,78,78,23,23,22,11,79,12,38,58,69,66,67,10,25,10,12,24,23,67,68,67,Long Stride Awkward,38,15,61,20,20,29,6,10,15,15,25,22,84,28,12
21311,Rex,Sunahara,Long Snapper,LS,Cleveland Browns,5,58,28,West Virginia,78,250,50,1,Accurate - LS,"https://ratings-images-prod.pulse.ea.com/madden-nfl-26/portraits/10971.png?im=FaceCrop,padding=0.7",https://drop-assets.ea.com/images/4qbblHggBjaH9o46kyGeFo/27cab0f308b54edbd469e9b20cb506f7/5.png,77,67,72,78,62,50,29,25,17,25,58,46,55,59,29,25,48,59,88,21,18,29,10,44,15,34,58,60,53,58,12,28,34,21,62,26,53,35,39,Default,40,42,69,21,22,38,12,12,12,12,38,15,82,33,25
22429,Xavier,Newman,Right Guard,RG,NY Jets,18,58,26,Baylor,74,297,65,3,Agile - G,"https://ratings-images-prod.pulse.ea.com/madden-nfl-26/portraits/10466.png?im=FaceCrop,padding=0.7",https://drop-assets.ea.com/images/7M46e9acznPLjtJlC7FaWV/ef5cfc9e8306cbdae723a5f7e809b0fd/18.png,76,43,68,79,81,60,15,26,11,14,25,14,20,44,5,13,35,81,89,11,12,15,10,68,10,8,58,62,64,60,6,15,18,10,22,11,67,71,63,Default Stride Awkward,10,13,67,12,22,31,6,6,10,6,15,10,88,29,10
4644,Zeke,Correll,Center,C,Minnesota Vikings,31,58,24,N.C. State,75,307,63,0,Agile - C,"https://ratings-images-prod.pulse.ea.com/madden-nfl-26/portraits/11018.png?im=FaceCrop,padding=0.7",https://drop-assets.ea.com/images/bzuWJaOZo5LCC4SwdbVzx/f6dc0006f59641745e50721d0d8c9d38/31.png,72,45,72,83,82,59,14,26,12,9,24,16,23,59,5,10,25,79,87,10,12,15,10,79,12,5,58,71,70,68,6,15,14,10,27,15,68,69,67,Default Stride Awkward,15,16,55,10,15,26,6,6,6,6,13,14,80,28,12
20331,Brett,Rypien,Quarterback,QB,Minnesota Vikings,31,57,29,Boise State,74,200,14,7,Field General - QB,"https://ratings-images-prod.pulse.ea.com/madden-nfl-26/portraits/9615.png?im=FaceCrop,padding=0.7",https://drop-assets.ea.com/images/bzuWJaOZo5LCC4SwdbVzx/f6dc0006f59641745e50721d0d8c9d38/31.png,78,76,78,68,52,62,59,22,58,38,55,28,46,76,16,10,16,16,88,50,18,21,13,19,11,18,57,17,18,14,74,15,10,10,32,20,16,10,12,Default Stride High and Tight,25,29,76,33,40,31,73,71,79,79,83,72,81,29,15
4775,Connor,Bazelak,Quarterback,QB,Tampa Bay Buccaneers,6,57,24,Bowling Green St.,75,212,16,0,Strong Arm - QB,,https://drop-assets.ea.com/images/1L5Fn21WqZN9jcLucGYg4c/ce29db9b9b4775d4e8fc337bf5c65027/6.png,82,79,80,83,67,50,63,23,58,64,55,18,27,76,14,24,19,26,85,56,18,27,21,26,17,16,57,28,26,22,75,35,25,18,23,25,22,20,27,Long Stride Default,18,17,79,55,41,21,72,76,78,73,87,73,87,41,16
14618,Kedon,Slovis,Quarterback,QB,Arizona Cardinals,7,57,24,BYU,75,223,19,0,Scrambler - QB,"https://ratings-images-prod.pulse.ea.com/madden-nfl-26/portraits/10248.png?im=FaceCrop,padding=0.7",https://drop-assets.ea.com/images/5NdzvrqrP3clJDBL6kdTmu/1f61914ff14c6f4be0240d71e622f9c6/7.png,85,78,77,84,66,52,69,26,64,65,52,19,31,78,17,28,24,21,85,58,25,19,22,23,13,18,57,21,24,22,77,27,26,18,29,21,19,23,19,Default Stride Loose,19,15,81,55,41,20,72,76,77,75,86,72,86,46,15
23382,Patrick,O'Connell,Mike Backer,MIKE,Seattle Seahawks,28,57,26,Montana,73,227,52,2,Run Stopper - MLB,"https://ratings-images-prod.pulse.ea.com/madden-nfl-26/portraits/10429.png?im=FaceCrop,padding=0.7",https://drop-assets.ea.com/images/2WrGCB8Atuo0aZ4MbstBrI/bbe9263ce111287adcef479efbc72160/28.png,87,83,89,80,62,59,55,56,12,42,53,48,60,78,5,65,78,63,90,55,15,15,25,24,46,10,57,45,45,45,12,60,55,45,79,20,45,45,45,Default Stride Loose,15,52,82,51,47,76,11,15,21,11,31,8,75,48,51
14615,Sam,Hartman,Quarterback,QB,Washington Commanders,26,57,26,Notre Dame,73,211,15,1,Scrambler - QB,"https://ratings-images-prod.pulse.ea.com/madden-nfl-26/portraits/10104.png?im=FaceCrop,padding=0.7",https://drop-assets.ea.com/images/42h6FyIuthDAiH4cTWUXRH/bb952a9252013b5bfdf77ac3f4011601/RatingsteamcrestWashingtonCommanders256.png,84,77,73,92,58,46,70,26,63,59,63,14,28,80,10,10,24,25,93,60,26,30,18,25,10,15,57,25,12,16,76,14,10,10,28,20,25,19,19,Default,20,18,79,50,34,29,75,73,80,75,86,75,93,37,15
21973,Scott,Daly,Long Snapper,LS,Chicago Bears,1,57,31,Notre Dame,74,245,46,5,Power - LS,"https://ratings-images-prod.pulse.ea.com/madden-nfl-26/portraits/1644.png?im=FaceCrop,padding=0.7",https://drop-assets.ea.com/images/6jaEsYrn1V45DziwibpsDk/ed66ad67e63f08a3a7c25ce951dbf5b9/1.png,71,64,69,68,72,51,27,38,10,15,63,51,49,62,25,10,46,63,91,27,15,14,10,44,15,31,57,54,55,53,6,38,10,11,51,21,46,46,44,Default Stride Awkward,39,47,71,22,46,51,6,6,10,6,35,9,74,34,19
21554,Sam,Ehlinger,Quarterback,QB,Denver Broncos,4,56,26,Texas,73,222,4,4,Scrambler - QB,"https://ratings-images-prod.pulse.ea.com/madden-nfl-26/portraits/937.png?im=FaceCrop,padding=0.7",https://drop-assets.ea.com/images/4AYKY9OcX1CYbyMFBnvM8/ac07a8ff525004f92014e3259708acdf/4.png,79,81,85,86,67,53,78,23,71,70,65,45,70,76,23,10,17,31,86,69,14,18,10,27,10,27,56,18,16,14,77,18,10,10,29,21,25,10,15,Default Stride Loose,36,46,78,73,53,27,70,69,77,74,83,70,90,63,13
20428,Tyree,Jackson,Tight End,TE,Washington Commanders,26,56,27,Buffalo,79,249,80,5,Vertical Threat - TE,"https://ratings-images-prod.pulse.ea.com/madden-nfl-26/portraits/9519.png?im=FaceCrop,padding=0.7",https://drop-assets.ea.com/images/42h6FyIuthDAiH4cTWUXRH/bb952a9252013b5bfdf77ac3f4011601/RatingsteamcrestWashingtonCommanders256.png,87,81,83,75,74,56,78,22,65,58,68,70,73,75,46,10,38,60,83,68,14,26,17,48,12,51,56,54,54,52,71,14,10,12,31,58,52,52,49,Default,56,72,82,60,56,40,70,66,71,69,93,69,87,58,18
22480,Chris,Oladokun,Quarterback,QB,Kansas City Chiefs,9,55,27,S. Dakota St.,74,195,19,3,Scrambler - QB,"https://ratings-images-prod.pulse.ea.com/madden-nfl-26/portraits/2157.png?im=FaceCrop,padding=0.7",https://drop-assets.ea.com/images/3g9AewmTPjE4A7yc2tobiZ/20b6502896df3893414233cb5fe1b803/9.png,84,80,79,76,60,45,68,23,65,52,61,21,41,76,13,10,18,28,90,58,23,23,22,21,9,16,55,12,12,16,73,15,10,9,32,17,21,23,18,Default,19,21,82,55,35,28,69,70,75,76,85,72,87,37,10
17606,Brandon,Allen,Quarterback,QB,Tennessee Titans,30,54,32,Arkansas,74,209,10,9,Field General - QB,"https://ratings-images-prod.pulse.ea.com/madden-nfl-26/portraits/7876.png?im=FaceCrop,padding=0.7",https://drop-assets.ea.com/images/2YxvlDMaJsJwNQ4lS7qdCQ/d850f60dcbdcd71fb162eb55a46c7969/30.png,70,76,70,65,56,61,52,21,56,30,59,20,26,74,15,9,11,21,85,47,20,21,13,11,12,17,54,17,18,14,75,21,9,9,28,19,16,10,10,Default,18,20,75,28,31,24,70,69,78,72,82,72,75,29,18
21622,Feleipe,Franks,Tight End,TE,Atlanta Falcons,14,54,27,Arkansas,78,234,84,4,Vertical Threat - TE,"https://ratings-images-prod.pulse.ea.com/madden-nfl-26/portraits/874.png?im=FaceCrop,padding=0.7",https://drop-assets.ea.com/images/3NTxf2X9VWdF6aL91pHAVu/6002a1f3e761a58c3b00f0e08bdccf5f/14.png,84,78,79,78,65,62,73,22,65,59,70,71,76,78,45,9,24,52,87,66,53,61,40,52,12,48,54,49,49,47,79,15,9,10,28,52,50,51,46,Default,53,67,84,63,50,26,74,71,78,72,90,70,88,49,18
20791,Matt,Nelson,Right Tackle,RT,Minnesota Vikings,31,54,29,Iowa,79,299,69,6,Power - OT,"https://ratings-images-prod.pulse.ea.com/madden-nfl-26/portraits/1492.png?im=FaceCrop,padding=0.7",https://drop-assets.ea.com/images/bzuWJaOZo5LCC4SwdbVzx/f6dc0006f59641745e50721d0d8c9d38/31.png,63,64,75,84,75,68,10,59,12,5,35,28,43,57,20,55,70,76,89,10,11,21,10,77,12,24,54,60,58,61,6,58,58,10,63,31,63,60,64,Long Stride Awkward,27,34,67,10,10,68,6,6,6,6,16,13,87,21,12
21841,Ryan,McCollum,Center,C,Pittsburgh Steelers,29,54,27,Texas AM,77,300,62,4,Agile - C,"https://ratings-images-prod.pulse.ea.com/madden-nfl-26/portraits/2099.png?im=FaceCrop,padding=0.7",https://drop-assets.ea.com/images/4k4tkEjxICBzmTan96wMKZ/1d5d9145ace8a359ac5423c8c3e5e2d8/29.png,60,60,73,82,80,60,17,25,11,16,29,15,30,53,5,10,33,72,86,11,13,16,10,67,11,5,54,64,66,62,6,11,10,10,30,15,65,67,63,Default Stride Awkward,15,15,62,10,23,37,6,6,6,6,12,13,79,33,11
